date,product_id,product_name,category,sales_quantity
2024-03-28,P001,Aashirvaad Atta 5kg,Groceries,9
2024-03-29,P001,Aashirvaad Atta 5kg,Groceries,12
2024-03-30,P001,Aashirvaad Atta 5kg,Groceries,12
2024-03-31,P001,Aashirvaad Atta 5kg,Groceries,14
2024-04-01,P001,Aashirvaad Atta 5kg,Groceries,10
2024-04-02,P001,Aashirvaad Atta 5kg,Groceries,14
2024-04-03,P001,Aashirvaad Atta 5kg,Groceries,9
2024-04-04,P001,Aashirvaad Atta 5kg,Groceries,9
2024-04-05,P001,Aashirvaad Atta 5kg,Groceries,11
2024-04-06,P001,Aashirvaad Atta 5kg,Groceries,8
2024-04-07,P001,Aashirvaad Atta 5kg,Groceries,11
2024-04-08,P001,Aashirvaad Atta 5kg,Groceries,11
2024-04-09,P001,Aashirvaad Atta 5kg,Groceries,14
2024-04-10,P001,Aashirvaad Atta 5kg,Groceries,13
2024-04-11,P001,Aashirvaad Atta 5kg,Groceries,9
2024-04-12,P001,Aashirvaad Atta 5kg,Groceries,10
2024-04-13,P001,Aashirvaad Atta 5kg,Groceries,11
2024-04-14,P001,Aashirvaad Atta 5kg,Groceries,9
2024-04-15,P001,Aashirvaad Atta 5kg,Groceries,39
2024-04-16,P001,Aashirvaad Atta 5kg,Groceries,14
2024-04-17,P001,Aashirvaad Atta 5kg,Groceries,16
2024-04-18,P001,Aashirvaad Atta 5kg,Groceries,10
2024-04-19,P001,Aashirvaad Atta 5kg,Groceries,9
2024-04-20,P001,Aashirvaad Atta 5kg,Groceries,15
2024-04-21,P001,Aashirvaad Atta 5kg,Groceries,6
2024-04-22,P001,Aashirvaad Atta 5kg,Groceries,14
2024-04-23,P001,Aashirvaad Atta 5kg,Groceries,16
2024-04-24,P001,Aashirvaad Atta 5kg,Groceries,11
2024-04-25,P001,Aashirvaad Atta 5kg,Groceries,13
2024-04-26,P001,Aashirvaad Atta 5kg,Groceries,38
2024-04-27,P001,Aashirvaad Atta 5kg,Groceries,10
2024-04-28,P001,Aashirvaad Atta 5kg,Groceries,8
2024-04-29,P001,Aashirvaad Atta 5kg,Groceries,13
2024-04-30,P001,Aashirvaad Atta 5kg,Groceries,12
2024-05-01,P001,Aashirvaad Atta 5kg,Groceries,11
2024-05-02,P001,Aashirvaad Atta 5kg,Groceries,10
2024-05-03,P001,Aashirvaad Atta 5kg,Groceries,10
2024-05-04,P001,Aashirvaad Atta 5kg,Groceries,11
2024-05-05,P001,Aashirvaad Atta 5kg,Groceries,10
2024-05-06,P001,Aashirvaad Atta 5kg,Groceries,14
2024-05-07,P001,Aashirvaad Atta 5kg,Groceries,15
2024-05-08,P001,Aashirvaad Atta 5kg,Groceries,14
2024-05-09,P001,Aashirvaad Atta 5kg,Groceries,9
2024-05-10,P001,Aashirvaad Atta 5kg,Groceries,13
2024-05-11,P001,Aashirvaad Atta 5kg,Groceries,12
2024-05-12,P001,Aashirvaad Atta 5kg,Groceries,16
2024-05-13,P001,Aashirvaad Atta 5kg,Groceries,12
2024-05-14,P001,Aashirvaad Atta 5kg,Groceries,18
2024-05-15,P001,Aashirvaad Atta 5kg,Groceries,15
2024-05-16,P001,Aashirvaad Atta 5kg,Groceries,11
2024-05-17,P001,Aashirvaad Atta 5kg,Groceries,7
2024-05-18,P001,Aashirvaad Atta 5kg,Groceries,39
2024-05-19,P001,Aashirvaad Atta 5kg,Groceries,9
2024-05-20,P001,Aashirvaad Atta 5kg,Groceries,11
2024-05-21,P001,Aashirvaad Atta 5kg,Groceries,14
2024-05-22,P001,Aashirvaad Atta 5kg,Groceries,13
2024-05-23,P001,Aashirvaad Atta 5kg,Groceries,7
2024-05-24,P001,Aashirvaad Atta 5kg,Groceries,9
2024-05-25,P001,Aashirvaad Atta 5kg,Groceries,13
2024-05-26,P001,Aashirvaad Atta 5kg,Groceries,12
2024-05-27,P001,Aashirvaad Atta 5kg,Groceries,13
2024-05-28,P001,Aashirvaad Atta 5kg,Groceries,14
2024-05-29,P001,Aashirvaad Atta 5kg,Groceries,15
2024-05-30,P001,Aashirvaad Atta 5kg,Groceries,11
2024-05-31,P001,Aashirvaad Atta 5kg,Groceries,10
2024-06-01,P001,Aashirvaad Atta 5kg,Groceries,13
2024-06-02,P001,Aashirvaad Atta 5kg,Groceries,10
2024-06-03,P001,Aashirvaad Atta 5kg,Groceries,10
2024-06-04,P001,Aashirvaad Atta 5kg,Groceries,17
2024-06-05,P001,Aashirvaad Atta 5kg,Groceries,17
2024-06-06,P001,Aashirvaad Atta 5kg,Groceries,7
2024-06-07,P001,Aashirvaad Atta 5kg,Groceries,12
2024-06-08,P001,Aashirvaad Atta 5kg,Groceries,6
2024-06-09,P001,Aashirvaad Atta 5kg,Groceries,13
2024-06-10,P001,Aashirvaad Atta 5kg,Groceries,10
2024-06-11,P001,Aashirvaad Atta 5kg,Groceries,16
2024-06-12,P001,Aashirvaad Atta 5kg,Groceries,13
2024-06-13,P001,Aashirvaad Atta 5kg,Groceries,11
2024-06-14,P001,Aashirvaad Atta 5kg,Groceries,8
2024-06-15,P001,Aashirvaad Atta 5kg,Groceries,10
2024-06-16,P001,Aashirvaad Atta 5kg,Groceries,11
2024-06-17,P001,Aashirvaad Atta 5kg,Groceries,14
2024-06-18,P001,Aashirvaad Atta 5kg,Groceries,18
2024-06-19,P001,Aashirvaad Atta 5kg,Groceries,15
2024-06-20,P001,Aashirvaad Atta 5kg,Groceries,11
2024-06-21,P001,Aashirvaad Atta 5kg,Groceries,8
2024-06-22,P001,Aashirvaad Atta 5kg,Groceries,8
2024-06-23,P001,Aashirvaad Atta 5kg,Groceries,11
2024-06-24,P001,Aashirvaad Atta 5kg,Groceries,12
2024-06-25,P001,Aashirvaad Atta 5kg,Groceries,15
2024-06-26,P001,Aashirvaad Atta 5kg,Groceries,16
2024-06-27,P001,Aashirvaad Atta 5kg,Groceries,12
2024-06-28,P001,Aashirvaad Atta 5kg,Groceries,8
2024-06-29,P001,Aashirvaad Atta 5kg,Groceries,13
2024-06-30,P001,Aashirvaad Atta 5kg,Groceries,11
2024-07-01,P001,Aashirvaad Atta 5kg,Groceries,10
2024-07-02,P001,Aashirvaad Atta 5kg,Groceries,13
2024-07-03,P001,Aashirvaad Atta 5kg,Groceries,11
2024-07-04,P001,Aashirvaad Atta 5kg,Groceries,10
2024-07-05,P001,Aashirvaad Atta 5kg,Groceries,12
2024-07-06,P001,Aashirvaad Atta 5kg,Groceries,10
2024-07-07,P001,Aashirvaad Atta 5kg,Groceries,9
2024-07-08,P001,Aashirvaad Atta 5kg,Groceries,11
2024-07-09,P001,Aashirvaad Atta 5kg,Groceries,15
2024-07-10,P001,Aashirvaad Atta 5kg,Groceries,11
2024-07-11,P001,Aashirvaad Atta 5kg,Groceries,9
2024-07-12,P001,Aashirvaad Atta 5kg,Groceries,11
2024-07-13,P001,Aashirvaad Atta 5kg,Groceries,8
2024-07-14,P001,Aashirvaad Atta 5kg,Groceries,15
2024-07-15,P001,Aashirvaad Atta 5kg,Groceries,48
2024-07-16,P001,Aashirvaad Atta 5kg,Groceries,12
2024-07-17,P001,Aashirvaad Atta 5kg,Groceries,12
2024-07-18,P001,Aashirvaad Atta 5kg,Groceries,10
2024-07-19,P001,Aashirvaad Atta 5kg,Groceries,10
2024-07-20,P001,Aashirvaad Atta 5kg,Groceries,6
2024-07-21,P001,Aashirvaad Atta 5kg,Groceries,14
2024-07-22,P001,Aashirvaad Atta 5kg,Groceries,12
2024-07-23,P001,Aashirvaad Atta 5kg,Groceries,14
2024-07-24,P001,Aashirvaad Atta 5kg,Groceries,16
2024-07-25,P001,Aashirvaad Atta 5kg,Groceries,9
2024-07-26,P001,Aashirvaad Atta 5kg,Groceries,9
2024-07-27,P001,Aashirvaad Atta 5kg,Groceries,12
2024-07-28,P001,Aashirvaad Atta 5kg,Groceries,11
2024-07-29,P001,Aashirvaad Atta 5kg,Groceries,13
2024-07-30,P001,Aashirvaad Atta 5kg,Groceries,14
2024-07-31,P001,Aashirvaad Atta 5kg,Groceries,14
2024-08-01,P001,Aashirvaad Atta 5kg,Groceries,14
2024-08-02,P001,Aashirvaad Atta 5kg,Groceries,13
2024-08-03,P001,Aashirvaad Atta 5kg,Groceries,5
2024-08-04,P001,Aashirvaad Atta 5kg,Groceries,14
2024-08-05,P001,Aashirvaad Atta 5kg,Groceries,17
2024-08-06,P001,Aashirvaad Atta 5kg,Groceries,17
2024-08-07,P001,Aashirvaad Atta 5kg,Groceries,14
2024-08-08,P001,Aashirvaad Atta 5kg,Groceries,9
2024-08-09,P001,Aashirvaad Atta 5kg,Groceries,13
2024-08-10,P001,Aashirvaad Atta 5kg,Groceries,10
2024-08-11,P001,Aashirvaad Atta 5kg,Groceries,12
2024-08-12,P001,Aashirvaad Atta 5kg,Groceries,12
2024-08-13,P001,Aashirvaad Atta 5kg,Groceries,17
2024-08-14,P001,Aashirvaad Atta 5kg,Groceries,13
2024-08-15,P001,Aashirvaad Atta 5kg,Groceries,10
2024-08-16,P001,Aashirvaad Atta 5kg,Groceries,12
2024-08-17,P001,Aashirvaad Atta 5kg,Groceries,15
2024-08-18,P001,Aashirvaad Atta 5kg,Groceries,11
2024-08-19,P001,Aashirvaad Atta 5kg,Groceries,11
2024-08-20,P001,Aashirvaad Atta 5kg,Groceries,16
2024-08-21,P001,Aashirvaad Atta 5kg,Groceries,16
2024-08-22,P001,Aashirvaad Atta 5kg,Groceries,9
2024-08-23,P001,Aashirvaad Atta 5kg,Groceries,10
2024-08-24,P001,Aashirvaad Atta 5kg,Groceries,13
2024-08-25,P001,Aashirvaad Atta 5kg,Groceries,12
2024-08-26,P001,Aashirvaad Atta 5kg,Groceries,7
2024-08-27,P001,Aashirvaad Atta 5kg,Groceries,15
2024-08-28,P001,Aashirvaad Atta 5kg,Groceries,16
2024-08-29,P001,Aashirvaad Atta 5kg,Groceries,9
2024-08-30,P001,Aashirvaad Atta 5kg,Groceries,12
2024-08-31,P001,Aashirvaad Atta 5kg,Groceries,15
2024-09-01,P001,Aashirvaad Atta 5kg,Groceries,12
2024-09-02,P001,Aashirvaad Atta 5kg,Groceries,11
2024-09-03,P001,Aashirvaad Atta 5kg,Groceries,13
2024-09-04,P001,Aashirvaad Atta 5kg,Groceries,14
2024-09-05,P001,Aashirvaad Atta 5kg,Groceries,12
2024-09-06,P001,Aashirvaad Atta 5kg,Groceries,11
2024-09-07,P001,Aashirvaad Atta 5kg,Groceries,12
2024-09-08,P001,Aashirvaad Atta 5kg,Groceries,11
2024-09-09,P001,Aashirvaad Atta 5kg,Groceries,13
2024-09-10,P001,Aashirvaad Atta 5kg,Groceries,54
2024-09-11,P001,Aashirvaad Atta 5kg,Groceries,12
2024-09-12,P001,Aashirvaad Atta 5kg,Groceries,11
2024-09-13,P001,Aashirvaad Atta 5kg,Groceries,11
2024-09-14,P001,Aashirvaad Atta 5kg,Groceries,13
2024-09-15,P001,Aashirvaad Atta 5kg,Groceries,11
2024-09-16,P001,Aashirvaad Atta 5kg,Groceries,14
2024-09-17,P001,Aashirvaad Atta 5kg,Groceries,17
2024-09-18,P001,Aashirvaad Atta 5kg,Groceries,10
2024-09-19,P001,Aashirvaad Atta 5kg,Groceries,14
2024-09-20,P001,Aashirvaad Atta 5kg,Groceries,9
2024-09-21,P001,Aashirvaad Atta 5kg,Groceries,9
2024-09-22,P001,Aashirvaad Atta 5kg,Groceries,5
2024-09-23,P001,Aashirvaad Atta 5kg,Groceries,10
2024-09-24,P001,Aashirvaad Atta 5kg,Groceries,14
2024-09-25,P001,Aashirvaad Atta 5kg,Groceries,14
2024-09-26,P001,Aashirvaad Atta 5kg,Groceries,10
2024-09-27,P001,Aashirvaad Atta 5kg,Groceries,9
2024-09-28,P001,Aashirvaad Atta 5kg,Groceries,13
2024-09-29,P001,Aashirvaad Atta 5kg,Groceries,13
2024-09-30,P001,Aashirvaad Atta 5kg,Groceries,13
2024-10-01,P001,Aashirvaad Atta 5kg,Groceries,10
2024-10-02,P001,Aashirvaad Atta 5kg,Groceries,20
2024-10-03,P001,Aashirvaad Atta 5kg,Groceries,11
2024-10-04,P001,Aashirvaad Atta 5kg,Groceries,12
2024-10-05,P001,Aashirvaad Atta 5kg,Groceries,8
2024-10-06,P001,Aashirvaad Atta 5kg,Groceries,11
2024-10-07,P001,Aashirvaad Atta 5kg,Groceries,13
2024-10-08,P001,Aashirvaad Atta 5kg,Groceries,14
2024-10-09,P001,Aashirvaad Atta 5kg,Groceries,16
2024-10-10,P001,Aashirvaad Atta 5kg,Groceries,14
2024-10-11,P001,Aashirvaad Atta 5kg,Groceries,8
2024-10-12,P001,Aashirvaad Atta 5kg,Groceries,13
2024-10-13,P001,Aashirvaad Atta 5kg,Groceries,12
2024-10-14,P001,Aashirvaad Atta 5kg,Groceries,12
2024-10-15,P001,Aashirvaad Atta 5kg,Groceries,11
2024-10-16,P001,Aashirvaad Atta 5kg,Groceries,18
2024-10-17,P001,Aashirvaad Atta 5kg,Groceries,12
2024-10-18,P001,Aashirvaad Atta 5kg,Groceries,7
2024-10-19,P001,Aashirvaad Atta 5kg,Groceries,11
2024-10-20,P001,Aashirvaad Atta 5kg,Groceries,12
2024-10-21,P001,Aashirvaad Atta 5kg,Groceries,13
2024-10-22,P001,Aashirvaad Atta 5kg,Groceries,14
2024-10-23,P001,Aashirvaad Atta 5kg,Groceries,15
2024-10-24,P001,Aashirvaad Atta 5kg,Groceries,16
2024-10-25,P001,Aashirvaad Atta 5kg,Groceries,15
2024-10-26,P001,Aashirvaad Atta 5kg,Groceries,9
2024-10-27,P001,Aashirvaad Atta 5kg,Groceries,10
2024-10-28,P001,Aashirvaad Atta 5kg,Groceries,12
2024-10-29,P001,Aashirvaad Atta 5kg,Groceries,11
2024-10-30,P001,Aashirvaad Atta 5kg,Groceries,12
2024-10-31,P001,Aashirvaad Atta 5kg,Groceries,8
2024-11-01,P001,Aashirvaad Atta 5kg,Groceries,9
2024-11-02,P001,Aashirvaad Atta 5kg,Groceries,14
2024-11-03,P001,Aashirvaad Atta 5kg,Groceries,9
2024-11-04,P001,Aashirvaad Atta 5kg,Groceries,10
2024-11-05,P001,Aashirvaad Atta 5kg,Groceries,17
2024-11-06,P001,Aashirvaad Atta 5kg,Groceries,14
2024-11-07,P001,Aashirvaad Atta 5kg,Groceries,12
2024-11-08,P001,Aashirvaad Atta 5kg,Groceries,10
2024-11-09,P001,Aashirvaad Atta 5kg,Groceries,7
2024-11-10,P001,Aashirvaad Atta 5kg,Groceries,12
2024-11-11,P001,Aashirvaad Atta 5kg,Groceries,9
2024-11-12,P001,Aashirvaad Atta 5kg,Groceries,14
2024-11-13,P001,Aashirvaad Atta 5kg,Groceries,13
2024-11-14,P001,Aashirvaad Atta 5kg,Groceries,12
2024-11-15,P001,Aashirvaad Atta 5kg,Groceries,10
2024-11-16,P001,Aashirvaad Atta 5kg,Groceries,11
2024-11-17,P001,Aashirvaad Atta 5kg,Groceries,8
2024-11-18,P001,Aashirvaad Atta 5kg,Groceries,17
2024-11-19,P001,Aashirvaad Atta 5kg,Groceries,12
2024-11-20,P001,Aashirvaad Atta 5kg,Groceries,17
2024-11-21,P001,Aashirvaad Atta 5kg,Groceries,12
2024-11-22,P001,Aashirvaad Atta 5kg,Groceries,12
2024-11-23,P001,Aashirvaad Atta 5kg,Groceries,12
2024-11-24,P001,Aashirvaad Atta 5kg,Groceries,7
2024-11-25,P001,Aashirvaad Atta 5kg,Groceries,15
2024-11-26,P001,Aashirvaad Atta 5kg,Groceries,14
2024-11-27,P001,Aashirvaad Atta 5kg,Groceries,17
2024-11-28,P001,Aashirvaad Atta 5kg,Groceries,11
2024-11-29,P001,Aashirvaad Atta 5kg,Groceries,10
2024-11-30,P001,Aashirvaad Atta 5kg,Groceries,8
2024-12-01,P001,Aashirvaad Atta 5kg,Groceries,10
2024-12-02,P001,Aashirvaad Atta 5kg,Groceries,13
2024-12-03,P001,Aashirvaad Atta 5kg,Groceries,12
2024-12-04,P001,Aashirvaad Atta 5kg,Groceries,10
2024-12-05,P001,Aashirvaad Atta 5kg,Groceries,9
2024-12-06,P001,Aashirvaad Atta 5kg,Groceries,13
2024-12-07,P001,Aashirvaad Atta 5kg,Groceries,15
2024-12-08,P001,Aashirvaad Atta 5kg,Groceries,10
2024-12-09,P001,Aashirvaad Atta 5kg,Groceries,9
2024-12-10,P001,Aashirvaad Atta 5kg,Groceries,14
2024-12-11,P001,Aashirvaad Atta 5kg,Groceries,15
2024-12-12,P001,Aashirvaad Atta 5kg,Groceries,13
2024-12-13,P001,Aashirvaad Atta 5kg,Groceries,16
2024-12-14,P001,Aashirvaad Atta 5kg,Groceries,12
2024-12-15,P001,Aashirvaad Atta 5kg,Groceries,15
2024-12-16,P001,Aashirvaad Atta 5kg,Groceries,11
2024-12-17,P001,Aashirvaad Atta 5kg,Groceries,15
2024-12-18,P001,Aashirvaad Atta 5kg,Groceries,14
2024-12-19,P001,Aashirvaad Atta 5kg,Groceries,10
2024-12-20,P001,Aashirvaad Atta 5kg,Groceries,11
2024-12-21,P001,Aashirvaad Atta 5kg,Groceries,11
2024-12-22,P001,Aashirvaad Atta 5kg,Groceries,10
2024-12-23,P001,Aashirvaad Atta 5kg,Groceries,11
2024-12-24,P001,Aashirvaad Atta 5kg,Groceries,17
2024-12-25,P001,Aashirvaad Atta 5kg,Groceries,20
2024-12-26,P001,Aashirvaad Atta 5kg,Groceries,10
2024-12-27,P001,Aashirvaad Atta 5kg,Groceries,11
2024-12-28,P001,Aashirvaad Atta 5kg,Groceries,12
2024-12-29,P001,Aashirvaad Atta 5kg,Groceries,18
2024-12-30,P001,Aashirvaad Atta 5kg,Groceries,13
2024-12-31,P001,Aashirvaad Atta 5kg,Groceries,17
2025-01-01,P001,Aashirvaad Atta 5kg,Groceries,18
2025-01-02,P001,Aashirvaad Atta 5kg,Groceries,12
2025-01-03,P001,Aashirvaad Atta 5kg,Groceries,13
2025-01-04,P001,Aashirvaad Atta 5kg,Groceries,13
2025-01-05,P001,Aashirvaad Atta 5kg,Groceries,14
2025-01-06,P001,Aashirvaad Atta 5kg,Groceries,10
2025-01-07,P001,Aashirvaad Atta 5kg,Groceries,15
2025-01-08,P001,Aashirvaad Atta 5kg,Groceries,16
2025-01-09,P001,Aashirvaad Atta 5kg,Groceries,12
2025-01-10,P001,Aashirvaad Atta 5kg,Groceries,14
2025-01-11,P001,Aashirvaad Atta 5kg,Groceries,12
2025-01-12,P001,Aashirvaad Atta 5kg,Groceries,9
2025-01-13,P001,Aashirvaad Atta 5kg,Groceries,14
2025-01-14,P001,Aashirvaad Atta 5kg,Groceries,13
2025-01-15,P001,Aashirvaad Atta 5kg,Groceries,13
2025-01-16,P001,Aashirvaad Atta 5kg,Groceries,10
2025-01-17,P001,Aashirvaad Atta 5kg,Groceries,11
2025-01-18,P001,Aashirvaad Atta 5kg,Groceries,8
2025-01-19,P001,Aashirvaad Atta 5kg,Groceries,14
2025-01-20,P001,Aashirvaad Atta 5kg,Groceries,10
2025-01-21,P001,Aashirvaad Atta 5kg,Groceries,18
2025-01-22,P001,Aashirvaad Atta 5kg,Groceries,13
2025-01-23,P001,Aashirvaad Atta 5kg,Groceries,14
2025-01-24,P001,Aashirvaad Atta 5kg,Groceries,11
2025-01-25,P001,Aashirvaad Atta 5kg,Groceries,8
2025-01-26,P001,Aashirvaad Atta 5kg,Groceries,9
2025-01-27,P001,Aashirvaad Atta 5kg,Groceries,16
2025-01-28,P001,Aashirvaad Atta 5kg,Groceries,16
2025-01-29,P001,Aashirvaad Atta 5kg,Groceries,15
2025-01-30,P001,Aashirvaad Atta 5kg,Groceries,7
2025-01-31,P001,Aashirvaad Atta 5kg,Groceries,14
2025-02-01,P001,Aashirvaad Atta 5kg,Groceries,16
2025-02-02,P001,Aashirvaad Atta 5kg,Groceries,15
2025-02-03,P001,Aashirvaad Atta 5kg,Groceries,11
2025-02-04,P001,Aashirvaad Atta 5kg,Groceries,16
2025-02-05,P001,Aashirvaad Atta 5kg,Groceries,16
2025-02-06,P001,Aashirvaad Atta 5kg,Groceries,8
2025-02-07,P001,Aashirvaad Atta 5kg,Groceries,12
2025-02-08,P001,Aashirvaad Atta 5kg,Groceries,14
2025-02-09,P001,Aashirvaad Atta 5kg,Groceries,13
2025-02-10,P001,Aashirvaad Atta 5kg,Groceries,46
2025-02-11,P001,Aashirvaad Atta 5kg,Groceries,13
2025-02-12,P001,Aashirvaad Atta 5kg,Groceries,17
2025-02-13,P001,Aashirvaad Atta 5kg,Groceries,13
2025-02-14,P001,Aashirvaad Atta 5kg,Groceries,7
2025-02-15,P001,Aashirvaad Atta 5kg,Groceries,6
2025-02-16,P001,Aashirvaad Atta 5kg,Groceries,11
2025-02-17,P001,Aashirvaad Atta 5kg,Groceries,11
2025-02-18,P001,Aashirvaad Atta 5kg,Groceries,14
2025-02-19,P001,Aashirvaad Atta 5kg,Groceries,14
2025-02-20,P001,Aashirvaad Atta 5kg,Groceries,14
2025-02-21,P001,Aashirvaad Atta 5kg,Groceries,12
2025-02-22,P001,Aashirvaad Atta 5kg,Groceries,12
2025-02-23,P001,Aashirvaad Atta 5kg,Groceries,9
2025-02-24,P001,Aashirvaad Atta 5kg,Groceries,5
2025-02-25,P001,Aashirvaad Atta 5kg,Groceries,18
2025-02-26,P001,Aashirvaad Atta 5kg,Groceries,20
2025-02-27,P001,Aashirvaad Atta 5kg,Groceries,11
2025-02-28,P001,Aashirvaad Atta 5kg,Groceries,12
2025-03-01,P001,Aashirvaad Atta 5kg,Groceries,12
2025-03-02,P001,Aashirvaad Atta 5kg,Groceries,15
2025-03-03,P001,Aashirvaad Atta 5kg,Groceries,15
2025-03-04,P001,Aashirvaad Atta 5kg,Groceries,16
2025-03-05,P001,Aashirvaad Atta 5kg,Groceries,15
2025-03-06,P001,Aashirvaad Atta 5kg,Groceries,12
2025-03-07,P001,Aashirvaad Atta 5kg,Groceries,8
2025-03-08,P001,Aashirvaad Atta 5kg,Groceries,11
2025-03-09,P001,Aashirvaad Atta 5kg,Groceries,13
2025-03-10,P001,Aashirvaad Atta 5kg,Groceries,12
2025-03-11,P001,Aashirvaad Atta 5kg,Groceries,15
2025-03-12,P001,Aashirvaad Atta 5kg,Groceries,13
2025-03-13,P001,Aashirvaad Atta 5kg,Groceries,13
2025-03-14,P001,Aashirvaad Atta 5kg,Groceries,8
2025-03-15,P001,Aashirvaad Atta 5kg,Groceries,12
2025-03-16,P001,Aashirvaad Atta 5kg,Groceries,11
2025-03-17,P001,Aashirvaad Atta 5kg,Groceries,9
2025-03-18,P001,Aashirvaad Atta 5kg,Groceries,18
2025-03-19,P001,Aashirvaad Atta 5kg,Groceries,15
2025-03-20,P001,Aashirvaad Atta 5kg,Groceries,16
2025-03-21,P001,Aashirvaad Atta 5kg,Groceries,15
2025-03-22,P001,Aashirvaad Atta 5kg,Groceries,10
2025-03-23,P001,Aashirvaad Atta 5kg,Groceries,10
2025-03-24,P001,Aashirvaad Atta 5kg,Groceries,10
2025-03-25,P001,Aashirvaad Atta 5kg,Groceries,12
2025-03-26,P001,Aashirvaad Atta 5kg,Groceries,14
2025-03-27,P001,Aashirvaad Atta 5kg,Groceries,15
2025-03-28,P001,Aashirvaad Atta 5kg,Groceries,7
2025-03-29,P001,Aashirvaad Atta 5kg,Groceries,13
2025-03-30,P001,Aashirvaad Atta 5kg,Groceries,13
2025-03-31,P001,Aashirvaad Atta 5kg,Groceries,14
2025-04-01,P001,Aashirvaad Atta 5kg,Groceries,17
2025-04-02,P001,Aashirvaad Atta 5kg,Groceries,13
2025-04-03,P001,Aashirvaad Atta 5kg,Groceries,13
2025-04-04,P001,Aashirvaad Atta 5kg,Groceries,10
2025-04-05,P001,Aashirvaad Atta 5kg,Groceries,6
2025-04-06,P001,Aashirvaad Atta 5kg,Groceries,12
2025-04-07,P001,Aashirvaad Atta 5kg,Groceries,11
2025-04-08,P001,Aashirvaad Atta 5kg,Groceries,18
2025-04-09,P001,Aashirvaad Atta 5kg,Groceries,15
2025-04-10,P001,Aashirvaad Atta 5kg,Groceries,12
2025-04-11,P001,Aashirvaad Atta 5kg,Groceries,12
2025-04-12,P001,Aashirvaad Atta 5kg,Groceries,11
2025-04-13,P001,Aashirvaad Atta 5kg,Groceries,11
2025-04-14,P001,Aashirvaad Atta 5kg,Groceries,15
2025-04-15,P001,Aashirvaad Atta 5kg,Groceries,13
2025-04-16,P001,Aashirvaad Atta 5kg,Groceries,14
2025-04-17,P001,Aashirvaad Atta 5kg,Groceries,10
2025-04-18,P001,Aashirvaad Atta 5kg,Groceries,15
2025-04-19,P001,Aashirvaad Atta 5kg,Groceries,10
2025-04-20,P001,Aashirvaad Atta 5kg,Groceries,11
2025-04-21,P001,Aashirvaad Atta 5kg,Groceries,12
2025-04-22,P001,Aashirvaad Atta 5kg,Groceries,15
2025-04-23,P001,Aashirvaad Atta 5kg,Groceries,14
2025-04-24,P001,Aashirvaad Atta 5kg,Groceries,13
2025-04-25,P001,Aashirvaad Atta 5kg,Groceries,9
2025-04-26,P001,Aashirvaad Atta 5kg,Groceries,9
2025-04-27,P001,Aashirvaad Atta 5kg,Groceries,10
2025-04-28,P001,Aashirvaad Atta 5kg,Groceries,11
2025-04-29,P001,Aashirvaad Atta 5kg,Groceries,12
2025-04-30,P001,Aashirvaad Atta 5kg,Groceries,15
2025-05-01,P001,Aashirvaad Atta 5kg,Groceries,8
2025-05-02,P001,Aashirvaad Atta 5kg,Groceries,16
2025-05-03,P001,Aashirvaad Atta 5kg,Groceries,8
2025-05-04,P001,Aashirvaad Atta 5kg,Groceries,10
2025-05-05,P001,Aashirvaad Atta 5kg,Groceries,12
2025-05-06,P001,Aashirvaad Atta 5kg,Groceries,19
2025-05-07,P001,Aashirvaad Atta 5kg,Groceries,12
2025-05-08,P001,Aashirvaad Atta 5kg,Groceries,12
2025-05-09,P001,Aashirvaad Atta 5kg,Groceries,14
2025-05-10,P001,Aashirvaad Atta 5kg,Groceries,11
2025-05-11,P001,Aashirvaad Atta 5kg,Groceries,9
2025-05-12,P001,Aashirvaad Atta 5kg,Groceries,13
2025-05-13,P001,Aashirvaad Atta 5kg,Groceries,19
2025-05-14,P001,Aashirvaad Atta 5kg,Groceries,14
2025-05-15,P001,Aashirvaad Atta 5kg,Groceries,15
2025-05-16,P001,Aashirvaad Atta 5kg,Groceries,12
2025-05-17,P001,Aashirvaad Atta 5kg,Groceries,14
2025-05-18,P001,Aashirvaad Atta 5kg,Groceries,12
2025-05-19,P001,Aashirvaad Atta 5kg,Groceries,12
2025-05-20,P001,Aashirvaad Atta 5kg,Groceries,19
2025-05-21,P001,Aashirvaad Atta 5kg,Groceries,16
2025-05-22,P001,Aashirvaad Atta 5kg,Groceries,12
2025-05-23,P001,Aashirvaad Atta 5kg,Groceries,14
2025-05-24,P001,Aashirvaad Atta 5kg,Groceries,14
2025-05-25,P001,Aashirvaad Atta 5kg,Groceries,14
2025-05-26,P001,Aashirvaad Atta 5kg,Groceries,10
2025-05-27,P001,Aashirvaad Atta 5kg,Groceries,14
2025-05-28,P001,Aashirvaad Atta 5kg,Groceries,14
2025-05-29,P001,Aashirvaad Atta 5kg,Groceries,10
2025-05-30,P001,Aashirvaad Atta 5kg,Groceries,10
2025-05-31,P001,Aashirvaad Atta 5kg,Groceries,44
2025-06-01,P001,Aashirvaad Atta 5kg,Groceries,13
2025-06-02,P001,Aashirvaad Atta 5kg,Groceries,14
2025-06-03,P001,Aashirvaad Atta 5kg,Groceries,61
2025-06-04,P001,Aashirvaad Atta 5kg,Groceries,15
2025-06-05,P001,Aashirvaad Atta 5kg,Groceries,15
2025-06-06,P001,Aashirvaad Atta 5kg,Groceries,12
2025-06-07,P001,Aashirvaad Atta 5kg,Groceries,14
2025-06-08,P001,Aashirvaad Atta 5kg,Groceries,11
2025-06-09,P001,Aashirvaad Atta 5kg,Groceries,14
2025-06-10,P001,Aashirvaad Atta 5kg,Groceries,18
2025-06-11,P001,Aashirvaad Atta 5kg,Groceries,10
2025-06-12,P001,Aashirvaad Atta 5kg,Groceries,10
2025-06-13,P001,Aashirvaad Atta 5kg,Groceries,13
2025-06-14,P001,Aashirvaad Atta 5kg,Groceries,15
2025-06-15,P001,Aashirvaad Atta 5kg,Groceries,12
2025-06-16,P001,Aashirvaad Atta 5kg,Groceries,13
2025-06-17,P001,Aashirvaad Atta 5kg,Groceries,19
2025-06-18,P001,Aashirvaad Atta 5kg,Groceries,18
2025-06-19,P001,Aashirvaad Atta 5kg,Groceries,10
2025-06-20,P001,Aashirvaad Atta 5kg,Groceries,12
2025-06-21,P001,Aashirvaad Atta 5kg,Groceries,13
2025-06-22,P001,Aashirvaad Atta 5kg,Groceries,16
2025-06-23,P001,Aashirvaad Atta 5kg,Groceries,15
2025-06-24,P001,Aashirvaad Atta 5kg,Groceries,15
2025-06-25,P001,Aashirvaad Atta 5kg,Groceries,16
2025-06-26,P001,Aashirvaad Atta 5kg,Groceries,8
2025-06-27,P001,Aashirvaad Atta 5kg,Groceries,14
2025-06-28,P001,Aashirvaad Atta 5kg,Groceries,13
2025-06-29,P001,Aashirvaad Atta 5kg,Groceries,15
2025-06-30,P001,Aashirvaad Atta 5kg,Groceries,13
2025-07-01,P001,Aashirvaad Atta 5kg,Groceries,16
2025-07-02,P001,Aashirvaad Atta 5kg,Groceries,15
2025-07-03,P001,Aashirvaad Atta 5kg,Groceries,9
2025-07-04,P001,Aashirvaad Atta 5kg,Groceries,11
2025-07-05,P001,Aashirvaad Atta 5kg,Groceries,8
2025-07-06,P001,Aashirvaad Atta 5kg,Groceries,14
2025-07-07,P001,Aashirvaad Atta 5kg,Groceries,8
2025-07-08,P001,Aashirvaad Atta 5kg,Groceries,20
2025-07-09,P001,Aashirvaad Atta 5kg,Groceries,12
2025-07-10,P001,Aashirvaad Atta 5kg,Groceries,15
2025-07-11,P001,Aashirvaad Atta 5kg,Groceries,10
2025-07-12,P001,Aashirvaad Atta 5kg,Groceries,13
2025-07-13,P001,Aashirvaad Atta 5kg,Groceries,10
2025-07-14,P001,Aashirvaad Atta 5kg,Groceries,17
2025-07-15,P001,Aashirvaad Atta 5kg,Groceries,16
2025-07-16,P001,Aashirvaad Atta 5kg,Groceries,18
2025-07-17,P001,Aashirvaad Atta 5kg,Groceries,12
2025-07-18,P001,Aashirvaad Atta 5kg,Groceries,13
2025-07-19,P001,Aashirvaad Atta 5kg,Groceries,13
2025-07-20,P001,Aashirvaad Atta 5kg,Groceries,11
2025-07-21,P001,Aashirvaad Atta 5kg,Groceries,10
2025-07-22,P001,Aashirvaad Atta 5kg,Groceries,13
2025-07-23,P001,Aashirvaad Atta 5kg,Groceries,16
2025-07-24,P001,Aashirvaad Atta 5kg,Groceries,11
2025-07-25,P001,Aashirvaad Atta 5kg,Groceries,7
2025-07-26,P001,Aashirvaad Atta 5kg,Groceries,13
2025-07-27,P001,Aashirvaad Atta 5kg,Groceries,9
2025-07-28,P001,Aashirvaad Atta 5kg,Groceries,11
2025-07-29,P001,Aashirvaad Atta 5kg,Groceries,16
2025-07-30,P001,Aashirvaad Atta 5kg,Groceries,14
2025-07-31,P001,Aashirvaad Atta 5kg,Groceries,12
2025-08-01,P001,Aashirvaad Atta 5kg,Groceries,16
2025-08-02,P001,Aashirvaad Atta 5kg,Groceries,11
2025-08-03,P001,Aashirvaad Atta 5kg,Groceries,10
2025-08-04,P001,Aashirvaad Atta 5kg,Groceries,14
2025-08-05,P001,Aashirvaad Atta 5kg,Groceries,14
2025-08-06,P001,Aashirvaad Atta 5kg,Groceries,16
2025-08-07,P001,Aashirvaad Atta 5kg,Groceries,13
2025-08-08,P001,Aashirvaad Atta 5kg,Groceries,12
2025-08-09,P001,Aashirvaad Atta 5kg,Groceries,12
2025-08-10,P001,Aashirvaad Atta 5kg,Groceries,12
2025-08-11,P001,Aashirvaad Atta 5kg,Groceries,17
2025-08-12,P001,Aashirvaad Atta 5kg,Groceries,15
2025-08-13,P001,Aashirvaad Atta 5kg,Groceries,16
2025-08-14,P001,Aashirvaad Atta 5kg,Groceries,14
2025-08-15,P001,Aashirvaad Atta 5kg,Groceries,13
2025-08-16,P001,Aashirvaad Atta 5kg,Groceries,11
2025-08-17,P001,Aashirvaad Atta 5kg,Groceries,14
2025-08-18,P001,Aashirvaad Atta 5kg,Groceries,11
2025-08-19,P001,Aashirvaad Atta 5kg,Groceries,15
2025-08-20,P001,Aashirvaad Atta 5kg,Groceries,14
2025-08-21,P001,Aashirvaad Atta 5kg,Groceries,13
2025-08-22,P001,Aashirvaad Atta 5kg,Groceries,15
2025-08-23,P001,Aashirvaad Atta 5kg,Groceries,13
2025-08-24,P001,Aashirvaad Atta 5kg,Groceries,12
2025-08-25,P001,Aashirvaad Atta 5kg,Groceries,11
2025-08-26,P001,Aashirvaad Atta 5kg,Groceries,14
2025-08-27,P001,Aashirvaad Atta 5kg,Groceries,13
2025-08-28,P001,Aashirvaad Atta 5kg,Groceries,7
2025-08-29,P001,Aashirvaad Atta 5kg,Groceries,11
2025-08-30,P001,Aashirvaad Atta 5kg,Groceries,11
2025-08-31,P001,Aashirvaad Atta 5kg,Groceries,17
2025-09-01,P001,Aashirvaad Atta 5kg,Groceries,17
2025-09-02,P001,Aashirvaad Atta 5kg,Groceries,17
2025-09-03,P001,Aashirvaad Atta 5kg,Groceries,20
2025-09-04,P001,Aashirvaad Atta 5kg,Groceries,15
2025-09-05,P001,Aashirvaad Atta 5kg,Groceries,8
2025-09-06,P001,Aashirvaad Atta 5kg,Groceries,14
2025-09-07,P001,Aashirvaad Atta 5kg,Groceries,14
2025-09-08,P001,Aashirvaad Atta 5kg,Groceries,13
2025-09-09,P001,Aashirvaad Atta 5kg,Groceries,13
2025-09-10,P001,Aashirvaad Atta 5kg,Groceries,17
2025-09-11,P001,Aashirvaad Atta 5kg,Groceries,8
2025-09-12,P001,Aashirvaad Atta 5kg,Groceries,12
2025-09-13,P001,Aashirvaad Atta 5kg,Groceries,11
2025-09-14,P001,Aashirvaad Atta 5kg,Groceries,9
2025-09-15,P001,Aashirvaad Atta 5kg,Groceries,16
2025-09-16,P001,Aashirvaad Atta 5kg,Groceries,16
2025-09-17,P001,Aashirvaad Atta 5kg,Groceries,16
2025-09-18,P001,Aashirvaad Atta 5kg,Groceries,14
2025-09-19,P001,Aashirvaad Atta 5kg,Groceries,12
2025-09-20,P001,Aashirvaad Atta 5kg,Groceries,13
2025-09-21,P001,Aashirvaad Atta 5kg,Groceries,14
2025-09-22,P001,Aashirvaad Atta 5kg,Groceries,15
2025-09-23,P001,Aashirvaad Atta 5kg,Groceries,17
2025-09-24,P001,Aashirvaad Atta 5kg,Groceries,20
2025-09-25,P001,Aashirvaad Atta 5kg,Groceries,15
2025-09-26,P001,Aashirvaad Atta 5kg,Groceries,12
2025-09-27,P001,Aashirvaad Atta 5kg,Groceries,10
2025-09-28,P001,Aashirvaad Atta 5kg,Groceries,14
2025-09-29,P001,Aashirvaad Atta 5kg,Groceries,14
2025-09-30,P001,Aashirvaad Atta 5kg,Groceries,20
2025-10-01,P001,Aashirvaad Atta 5kg,Groceries,18
2025-10-02,P001,Aashirvaad Atta 5kg,Groceries,14
2025-10-03,P001,Aashirvaad Atta 5kg,Groceries,12
2025-10-04,P001,Aashirvaad Atta 5kg,Groceries,10
2025-10-05,P001,Aashirvaad Atta 5kg,Groceries,12
2025-10-06,P001,Aashirvaad Atta 5kg,Groceries,14
2025-10-07,P001,Aashirvaad Atta 5kg,Groceries,12
2025-10-08,P001,Aashirvaad Atta 5kg,Groceries,19
2025-10-09,P001,Aashirvaad Atta 5kg,Groceries,17
2025-10-10,P001,Aashirvaad Atta 5kg,Groceries,8
2025-10-11,P001,Aashirvaad Atta 5kg,Groceries,9
2025-10-12,P001,Aashirvaad Atta 5kg,Groceries,13
2025-10-13,P001,Aashirvaad Atta 5kg,Groceries,12
2025-10-14,P001,Aashirvaad Atta 5kg,Groceries,17
2025-10-15,P001,Aashirvaad Atta 5kg,Groceries,16
2025-10-16,P001,Aashirvaad Atta 5kg,Groceries,10
2025-10-17,P001,Aashirvaad Atta 5kg,Groceries,15
2025-10-18,P001,Aashirvaad Atta 5kg,Groceries,13
2025-10-19,P001,Aashirvaad Atta 5kg,Groceries,11
2025-10-20,P001,Aashirvaad Atta 5kg,Groceries,17
2025-10-21,P001,Aashirvaad Atta 5kg,Groceries,15
2025-10-22,P001,Aashirvaad Atta 5kg,Groceries,13
2025-10-23,P001,Aashirvaad Atta 5kg,Groceries,13
2025-10-24,P001,Aashirvaad Atta 5kg,Groceries,13
2025-10-25,P001,Aashirvaad Atta 5kg,Groceries,13
2025-10-26,P001,Aashirvaad Atta 5kg,Groceries,14
2025-10-27,P001,Aashirvaad Atta 5kg,Groceries,15
2025-10-28,P001,Aashirvaad Atta 5kg,Groceries,17
2025-10-29,P001,Aashirvaad Atta 5kg,Groceries,15
2025-10-30,P001,Aashirvaad Atta 5kg,Groceries,11
2025-10-31,P001,Aashirvaad Atta 5kg,Groceries,14
2025-11-01,P001,Aashirvaad Atta 5kg,Groceries,13
2025-11-02,P001,Aashirvaad Atta 5kg,Groceries,14
2025-11-03,P001,Aashirvaad Atta 5kg,Groceries,10
2025-11-04,P001,Aashirvaad Atta 5kg,Groceries,15
2025-11-05,P001,Aashirvaad Atta 5kg,Groceries,20
2025-11-06,P001,Aashirvaad Atta 5kg,Groceries,13
2025-11-07,P001,Aashirvaad Atta 5kg,Groceries,13
2025-11-08,P001,Aashirvaad Atta 5kg,Groceries,14
2025-11-09,P001,Aashirvaad Atta 5kg,Groceries,17
2025-11-10,P001,Aashirvaad Atta 5kg,Groceries,18
2025-11-11,P001,Aashirvaad Atta 5kg,Groceries,13
2025-11-12,P001,Aashirvaad Atta 5kg,Groceries,13
2025-11-13,P001,Aashirvaad Atta 5kg,Groceries,9
2025-11-14,P001,Aashirvaad Atta 5kg,Groceries,11
2025-11-15,P001,Aashirvaad Atta 5kg,Groceries,12
2025-11-16,P001,Aashirvaad Atta 5kg,Groceries,13
2025-11-17,P001,Aashirvaad Atta 5kg,Groceries,10
2025-11-18,P001,Aashirvaad Atta 5kg,Groceries,12
2025-11-19,P001,Aashirvaad Atta 5kg,Groceries,14
2025-11-20,P001,Aashirvaad Atta 5kg,Groceries,14
2025-11-21,P001,Aashirvaad Atta 5kg,Groceries,15
2025-11-22,P001,Aashirvaad Atta 5kg,Groceries,16
2025-11-23,P001,Aashirvaad Atta 5kg,Groceries,12
2025-11-24,P001,Aashirvaad Atta 5kg,Groceries,15
2025-11-25,P001,Aashirvaad Atta 5kg,Groceries,63
2025-11-26,P001,Aashirvaad Atta 5kg,Groceries,15
2025-11-27,P001,Aashirvaad Atta 5kg,Groceries,13
2025-11-28,P001,Aashirvaad Atta 5kg,Groceries,14
2025-11-29,P001,Aashirvaad Atta 5kg,Groceries,10
2025-11-30,P001,Aashirvaad Atta 5kg,Groceries,16
2025-12-01,P001,Aashirvaad Atta 5kg,Groceries,14
2025-12-02,P001,Aashirvaad Atta 5kg,Groceries,16
2025-12-03,P001,Aashirvaad Atta 5kg,Groceries,14
2025-12-04,P001,Aashirvaad Atta 5kg,Groceries,11
2025-12-05,P001,Aashirvaad Atta 5kg,Groceries,8
2025-12-06,P001,Aashirvaad Atta 5kg,Groceries,12
2025-12-07,P001,Aashirvaad Atta 5kg,Groceries,18
2025-12-08,P001,Aashirvaad Atta 5kg,Groceries,11
2025-12-09,P001,Aashirvaad Atta 5kg,Groceries,23
2025-12-10,P001,Aashirvaad Atta 5kg,Groceries,19
2025-12-11,P001,Aashirvaad Atta 5kg,Groceries,11
2025-12-12,P001,Aashirvaad Atta 5kg,Groceries,12
2025-12-13,P001,Aashirvaad Atta 5kg,Groceries,12
2025-12-14,P001,Aashirvaad Atta 5kg,Groceries,16
2025-12-15,P001,Aashirvaad Atta 5kg,Groceries,15
2025-12-16,P001,Aashirvaad Atta 5kg,Groceries,19
2025-12-17,P001,Aashirvaad Atta 5kg,Groceries,17
2025-12-18,P001,Aashirvaad Atta 5kg,Groceries,12
2025-12-19,P001,Aashirvaad Atta 5kg,Groceries,13
2025-12-20,P001,Aashirvaad Atta 5kg,Groceries,12
2025-12-21,P001,Aashirvaad Atta 5kg,Groceries,9
2025-12-22,P001,Aashirvaad Atta 5kg,Groceries,15
2025-12-23,P001,Aashirvaad Atta 5kg,Groceries,13
2025-12-24,P001,Aashirvaad Atta 5kg,Groceries,16
2025-12-25,P001,Aashirvaad Atta 5kg,Groceries,11
2025-12-26,P001,Aashirvaad Atta 5kg,Groceries,14
2025-12-27,P001,Aashirvaad Atta 5kg,Groceries,16
2025-12-28,P001,Aashirvaad Atta 5kg,Groceries,15
2025-12-29,P001,Aashirvaad Atta 5kg,Groceries,15
2025-12-30,P001,Aashirvaad Atta 5kg,Groceries,15
2025-12-31,P001,Aashirvaad Atta 5kg,Groceries,16
2026-01-01,P001,Aashirvaad Atta 5kg,Groceries,12
2026-01-02,P001,Aashirvaad Atta 5kg,Groceries,11
2026-01-03,P001,Aashirvaad Atta 5kg,Groceries,12
2026-01-04,P001,Aashirvaad Atta 5kg,Groceries,12
2026-01-05,P001,Aashirvaad Atta 5kg,Groceries,13
2026-01-06,P001,Aashirvaad Atta 5kg,Groceries,18
2026-01-07,P001,Aashirvaad Atta 5kg,Groceries,14
2026-01-08,P001,Aashirvaad Atta 5kg,Groceries,11
2026-01-09,P001,Aashirvaad Atta 5kg,Groceries,9
2026-01-10,P001,Aashirvaad Atta 5kg,Groceries,16
2026-01-11,P001,Aashirvaad Atta 5kg,Groceries,11
2026-01-12,P001,Aashirvaad Atta 5kg,Groceries,15
2026-01-13,P001,Aashirvaad Atta 5kg,Groceries,17
2026-01-14,P001,Aashirvaad Atta 5kg,Groceries,19
2026-01-15,P001,Aashirvaad Atta 5kg,Groceries,12
2026-01-16,P001,Aashirvaad Atta 5kg,Groceries,10
2026-01-17,P001,Aashirvaad Atta 5kg,Groceries,9
2026-01-18,P001,Aashirvaad Atta 5kg,Groceries,6
2026-01-19,P001,Aashirvaad Atta 5kg,Groceries,14
2026-01-20,P001,Aashirvaad Atta 5kg,Groceries,18
2026-01-21,P001,Aashirvaad Atta 5kg,Groceries,17
2026-01-22,P001,Aashirvaad Atta 5kg,Groceries,9
2026-01-23,P001,Aashirvaad Atta 5kg,Groceries,15
2026-01-24,P001,Aashirvaad Atta 5kg,Groceries,11
2026-01-25,P001,Aashirvaad Atta 5kg,Groceries,11
2026-01-26,P001,Aashirvaad Atta 5kg,Groceries,12
2026-01-27,P001,Aashirvaad Atta 5kg,Groceries,17
2026-01-28,P001,Aashirvaad Atta 5kg,Groceries,13
2026-01-29,P001,Aashirvaad Atta 5kg,Groceries,12
2026-01-30,P001,Aashirvaad Atta 5kg,Groceries,13
2026-01-31,P001,Aashirvaad Atta 5kg,Groceries,15
2026-02-01,P001,Aashirvaad Atta 5kg,Groceries,13
2026-02-02,P001,Aashirvaad Atta 5kg,Groceries,11
2026-02-03,P001,Aashirvaad Atta 5kg,Groceries,17
2026-02-04,P001,Aashirvaad Atta 5kg,Groceries,14
2026-02-05,P001,Aashirvaad Atta 5kg,Groceries,10
2026-02-06,P001,Aashirvaad Atta 5kg,Groceries,10
2026-02-07,P001,Aashirvaad Atta 5kg,Groceries,8
2026-02-08,P001,Aashirvaad Atta 5kg,Groceries,11
2026-02-09,P001,Aashirvaad Atta 5kg,Groceries,16
2026-02-10,P001,Aashirvaad Atta 5kg,Groceries,21
2026-02-11,P001,Aashirvaad Atta 5kg,Groceries,15
2026-02-12,P001,Aashirvaad Atta 5kg,Groceries,15
2026-02-13,P001,Aashirvaad Atta 5kg,Groceries,12
2026-02-14,P001,Aashirvaad Atta 5kg,Groceries,9
2026-02-15,P001,Aashirvaad Atta 5kg,Groceries,14
2026-02-16,P001,Aashirvaad Atta 5kg,Groceries,14
2026-02-17,P001,Aashirvaad Atta 5kg,Groceries,21
2026-02-18,P001,Aashirvaad Atta 5kg,Groceries,13
2026-02-19,P001,Aashirvaad Atta 5kg,Groceries,50
2026-02-20,P001,Aashirvaad Atta 5kg,Groceries,16
2026-02-21,P001,Aashirvaad Atta 5kg,Groceries,13
2026-02-22,P001,Aashirvaad Atta 5kg,Groceries,12
2026-02-23,P001,Aashirvaad Atta 5kg,Groceries,12
2026-02-24,P001,Aashirvaad Atta 5kg,Groceries,17
2026-02-25,P001,Aashirvaad Atta 5kg,Groceries,16
2026-02-26,P001,Aashirvaad Atta 5kg,Groceries,14
2026-02-27,P001,Aashirvaad Atta 5kg,Groceries,12
2026-02-28,P001,Aashirvaad Atta 5kg,Groceries,16
2026-03-01,P001,Aashirvaad Atta 5kg,Groceries,13
2026-03-02,P001,Aashirvaad Atta 5kg,Groceries,13
2026-03-03,P001,Aashirvaad Atta 5kg,Groceries,19
2026-03-04,P001,Aashirvaad Atta 5kg,Groceries,13
2026-03-05,P001,Aashirvaad Atta 5kg,Groceries,13
2026-03-06,P001,Aashirvaad Atta 5kg,Groceries,13
2026-03-07,P001,Aashirvaad Atta 5kg,Groceries,10
2026-03-08,P001,Aashirvaad Atta 5kg,Groceries,9
2026-03-09,P001,Aashirvaad Atta 5kg,Groceries,16
2026-03-10,P001,Aashirvaad Atta 5kg,Groceries,19
2026-03-11,P001,Aashirvaad Atta 5kg,Groceries,17
2026-03-12,P001,Aashirvaad Atta 5kg,Groceries,16
2026-03-13,P001,Aashirvaad Atta 5kg,Groceries,14
2026-03-14,P001,Aashirvaad Atta 5kg,Groceries,15
2026-03-15,P001,Aashirvaad Atta 5kg,Groceries,14
2026-03-16,P001,Aashirvaad Atta 5kg,Groceries,13
2026-03-17,P001,Aashirvaad Atta 5kg,Groceries,14
2026-03-18,P001,Aashirvaad Atta 5kg,Groceries,15
2026-03-19,P001,Aashirvaad Atta 5kg,Groceries,12
2026-03-20,P001,Aashirvaad Atta 5kg,Groceries,16
2026-03-21,P001,Aashirvaad Atta 5kg,Groceries,14
2026-03-22,P001,Aashirvaad Atta 5kg,Groceries,13
2026-03-23,P001,Aashirvaad Atta 5kg,Groceries,16
2026-03-24,P001,Aashirvaad Atta 5kg,Groceries,18
2026-03-25,P001,Aashirvaad Atta 5kg,Groceries,17
2026-03-26,P001,Aashirvaad Atta 5kg,Groceries,9
2026-03-27,P001,Aashirvaad Atta 5kg,Groceries,15
2026-03-28,P001,Aashirvaad Atta 5kg,Groceries,12
2024-03-28,P002,Tata Salt 1kg,Groceries,35
2024-03-29,P002,Tata Salt 1kg,Groceries,35
2024-03-30,P002,Tata Salt 1kg,Groceries,35
2024-03-31,P002,Tata Salt 1kg,Groceries,32
2024-04-01,P002,Tata Salt 1kg,Groceries,25
2024-04-02,P002,Tata Salt 1kg,Groceries,47
2024-04-03,P002,Tata Salt 1kg,Groceries,31
2024-04-04,P002,Tata Salt 1kg,Groceries,30
2024-04-05,P002,Tata Salt 1kg,Groceries,24
2024-04-06,P002,Tata Salt 1kg,Groceries,28
2024-04-07,P002,Tata Salt 1kg,Groceries,30
2024-04-08,P002,Tata Salt 1kg,Groceries,33
2024-04-09,P002,Tata Salt 1kg,Groceries,40
2024-04-10,P002,Tata Salt 1kg,Groceries,47
2024-04-11,P002,Tata Salt 1kg,Groceries,31
2024-04-12,P002,Tata Salt 1kg,Groceries,27
2024-04-13,P002,Tata Salt 1kg,Groceries,34
2024-04-14,P002,Tata Salt 1kg,Groceries,36
2024-04-15,P002,Tata Salt 1kg,Groceries,24
2024-04-16,P002,Tata Salt 1kg,Groceries,41
2024-04-17,P002,Tata Salt 1kg,Groceries,41
2024-04-18,P002,Tata Salt 1kg,Groceries,27
2024-04-19,P002,Tata Salt 1kg,Groceries,37
2024-04-20,P002,Tata Salt 1kg,Groceries,28
2024-04-21,P002,Tata Salt 1kg,Groceries,29
2024-04-22,P002,Tata Salt 1kg,Groceries,31
2024-04-23,P002,Tata Salt 1kg,Groceries,38
2024-04-24,P002,Tata Salt 1kg,Groceries,31
2024-04-25,P002,Tata Salt 1kg,Groceries,20
2024-04-26,P002,Tata Salt 1kg,Groceries,38
2024-04-27,P002,Tata Salt 1kg,Groceries,24
2024-04-28,P002,Tata Salt 1kg,Groceries,23
2024-04-29,P002,Tata Salt 1kg,Groceries,19
2024-04-30,P002,Tata Salt 1kg,Groceries,34
2024-05-01,P002,Tata Salt 1kg,Groceries,30
2024-05-02,P002,Tata Salt 1kg,Groceries,38
2024-05-03,P002,Tata Salt 1kg,Groceries,35
2024-05-04,P002,Tata Salt 1kg,Groceries,25
2024-05-05,P002,Tata Salt 1kg,Groceries,42
2024-05-06,P002,Tata Salt 1kg,Groceries,37
2024-05-07,P002,Tata Salt 1kg,Groceries,36
2024-05-08,P002,Tata Salt 1kg,Groceries,23
2024-05-09,P002,Tata Salt 1kg,Groceries,42
2024-05-10,P002,Tata Salt 1kg,Groceries,21
2024-05-11,P002,Tata Salt 1kg,Groceries,19
2024-05-12,P002,Tata Salt 1kg,Groceries,35
2024-05-13,P002,Tata Salt 1kg,Groceries,46
2024-05-14,P002,Tata Salt 1kg,Groceries,46
2024-05-15,P002,Tata Salt 1kg,Groceries,41
2024-05-16,P002,Tata Salt 1kg,Groceries,32
2024-05-17,P002,Tata Salt 1kg,Groceries,34
2024-05-18,P002,Tata Salt 1kg,Groceries,33
2024-05-19,P002,Tata Salt 1kg,Groceries,31
2024-05-20,P002,Tata Salt 1kg,Groceries,32
2024-05-21,P002,Tata Salt 1kg,Groceries,37
2024-05-22,P002,Tata Salt 1kg,Groceries,33
2024-05-23,P002,Tata Salt 1kg,Groceries,27
2024-05-24,P002,Tata Salt 1kg,Groceries,19
2024-05-25,P002,Tata Salt 1kg,Groceries,28
2024-05-26,P002,Tata Salt 1kg,Groceries,23
2024-05-27,P002,Tata Salt 1kg,Groceries,26
2024-05-28,P002,Tata Salt 1kg,Groceries,39
2024-05-29,P002,Tata Salt 1kg,Groceries,46
2024-05-30,P002,Tata Salt 1kg,Groceries,34
2024-05-31,P002,Tata Salt 1kg,Groceries,20
2024-06-01,P002,Tata Salt 1kg,Groceries,23
2024-06-02,P002,Tata Salt 1kg,Groceries,34
2024-06-03,P002,Tata Salt 1kg,Groceries,26
2024-06-04,P002,Tata Salt 1kg,Groceries,37
2024-06-05,P002,Tata Salt 1kg,Groceries,41
2024-06-06,P002,Tata Salt 1kg,Groceries,23
2024-06-07,P002,Tata Salt 1kg,Groceries,30
2024-06-08,P002,Tata Salt 1kg,Groceries,21
2024-06-09,P002,Tata Salt 1kg,Groceries,26
2024-06-10,P002,Tata Salt 1kg,Groceries,34
2024-06-11,P002,Tata Salt 1kg,Groceries,29
2024-06-12,P002,Tata Salt 1kg,Groceries,41
2024-06-13,P002,Tata Salt 1kg,Groceries,29
2024-06-14,P002,Tata Salt 1kg,Groceries,32
2024-06-15,P002,Tata Salt 1kg,Groceries,30
2024-06-16,P002,Tata Salt 1kg,Groceries,37
2024-06-17,P002,Tata Salt 1kg,Groceries,33
2024-06-18,P002,Tata Salt 1kg,Groceries,36
2024-06-19,P002,Tata Salt 1kg,Groceries,39
2024-06-20,P002,Tata Salt 1kg,Groceries,32
2024-06-21,P002,Tata Salt 1kg,Groceries,29
2024-06-22,P002,Tata Salt 1kg,Groceries,29
2024-06-23,P002,Tata Salt 1kg,Groceries,25
2024-06-24,P002,Tata Salt 1kg,Groceries,28
2024-06-25,P002,Tata Salt 1kg,Groceries,30
2024-06-26,P002,Tata Salt 1kg,Groceries,48
2024-06-27,P002,Tata Salt 1kg,Groceries,22
2024-06-28,P002,Tata Salt 1kg,Groceries,25
2024-06-29,P002,Tata Salt 1kg,Groceries,25
2024-06-30,P002,Tata Salt 1kg,Groceries,34
2024-07-01,P002,Tata Salt 1kg,Groceries,31
2024-07-02,P002,Tata Salt 1kg,Groceries,45
2024-07-03,P002,Tata Salt 1kg,Groceries,34
2024-07-04,P002,Tata Salt 1kg,Groceries,31
2024-07-05,P002,Tata Salt 1kg,Groceries,24
2024-07-06,P002,Tata Salt 1kg,Groceries,42
2024-07-07,P002,Tata Salt 1kg,Groceries,22
2024-07-08,P002,Tata Salt 1kg,Groceries,57
2024-07-09,P002,Tata Salt 1kg,Groceries,42
2024-07-10,P002,Tata Salt 1kg,Groceries,41
2024-07-11,P002,Tata Salt 1kg,Groceries,28
2024-07-12,P002,Tata Salt 1kg,Groceries,29
2024-07-13,P002,Tata Salt 1kg,Groceries,30
2024-07-14,P002,Tata Salt 1kg,Groceries,29
2024-07-15,P002,Tata Salt 1kg,Groceries,38
2024-07-16,P002,Tata Salt 1kg,Groceries,51
2024-07-17,P002,Tata Salt 1kg,Groceries,35
2024-07-18,P002,Tata Salt 1kg,Groceries,21
2024-07-19,P002,Tata Salt 1kg,Groceries,29
2024-07-20,P002,Tata Salt 1kg,Groceries,44
2024-07-21,P002,Tata Salt 1kg,Groceries,25
2024-07-22,P002,Tata Salt 1kg,Groceries,42
2024-07-23,P002,Tata Salt 1kg,Groceries,48
2024-07-24,P002,Tata Salt 1kg,Groceries,35
2024-07-25,P002,Tata Salt 1kg,Groceries,33
2024-07-26,P002,Tata Salt 1kg,Groceries,39
2024-07-27,P002,Tata Salt 1kg,Groceries,27
2024-07-28,P002,Tata Salt 1kg,Groceries,28
2024-07-29,P002,Tata Salt 1kg,Groceries,29
2024-07-30,P002,Tata Salt 1kg,Groceries,33
2024-07-31,P002,Tata Salt 1kg,Groceries,35
2024-08-01,P002,Tata Salt 1kg,Groceries,22
2024-08-02,P002,Tata Salt 1kg,Groceries,30
2024-08-03,P002,Tata Salt 1kg,Groceries,25
2024-08-04,P002,Tata Salt 1kg,Groceries,31
2024-08-05,P002,Tata Salt 1kg,Groceries,24
2024-08-06,P002,Tata Salt 1kg,Groceries,40
2024-08-07,P002,Tata Salt 1kg,Groceries,43
2024-08-08,P002,Tata Salt 1kg,Groceries,18
2024-08-09,P002,Tata Salt 1kg,Groceries,32
2024-08-10,P002,Tata Salt 1kg,Groceries,60
2024-08-11,P002,Tata Salt 1kg,Groceries,23
2024-08-12,P002,Tata Salt 1kg,Groceries,42
2024-08-13,P002,Tata Salt 1kg,Groceries,41
2024-08-14,P002,Tata Salt 1kg,Groceries,35
2024-08-15,P002,Tata Salt 1kg,Groceries,29
2024-08-16,P002,Tata Salt 1kg,Groceries,33
2024-08-17,P002,Tata Salt 1kg,Groceries,30
2024-08-18,P002,Tata Salt 1kg,Groceries,33
2024-08-19,P002,Tata Salt 1kg,Groceries,27
2024-08-20,P002,Tata Salt 1kg,Groceries,40
2024-08-21,P002,Tata Salt 1kg,Groceries,31
2024-08-22,P002,Tata Salt 1kg,Groceries,29
2024-08-23,P002,Tata Salt 1kg,Groceries,24
2024-08-24,P002,Tata Salt 1kg,Groceries,25
2024-08-25,P002,Tata Salt 1kg,Groceries,37
2024-08-26,P002,Tata Salt 1kg,Groceries,39
2024-08-27,P002,Tata Salt 1kg,Groceries,42
2024-08-28,P002,Tata Salt 1kg,Groceries,32
2024-08-29,P002,Tata Salt 1kg,Groceries,28
2024-08-30,P002,Tata Salt 1kg,Groceries,37
2024-08-31,P002,Tata Salt 1kg,Groceries,31
2024-09-01,P002,Tata Salt 1kg,Groceries,43
2024-09-02,P002,Tata Salt 1kg,Groceries,35
2024-09-03,P002,Tata Salt 1kg,Groceries,40
2024-09-04,P002,Tata Salt 1kg,Groceries,37
2024-09-05,P002,Tata Salt 1kg,Groceries,31
2024-09-06,P002,Tata Salt 1kg,Groceries,29
2024-09-07,P002,Tata Salt 1kg,Groceries,34
2024-09-08,P002,Tata Salt 1kg,Groceries,35
2024-09-09,P002,Tata Salt 1kg,Groceries,28
2024-09-10,P002,Tata Salt 1kg,Groceries,31
2024-09-11,P002,Tata Salt 1kg,Groceries,28
2024-09-12,P002,Tata Salt 1kg,Groceries,33
2024-09-13,P002,Tata Salt 1kg,Groceries,23
2024-09-14,P002,Tata Salt 1kg,Groceries,17
2024-09-15,P002,Tata Salt 1kg,Groceries,32
2024-09-16,P002,Tata Salt 1kg,Groceries,47
2024-09-17,P002,Tata Salt 1kg,Groceries,39
2024-09-18,P002,Tata Salt 1kg,Groceries,44
2024-09-19,P002,Tata Salt 1kg,Groceries,30
2024-09-20,P002,Tata Salt 1kg,Groceries,29
2024-09-21,P002,Tata Salt 1kg,Groceries,35
2024-09-22,P002,Tata Salt 1kg,Groceries,28
2024-09-23,P002,Tata Salt 1kg,Groceries,73
2024-09-24,P002,Tata Salt 1kg,Groceries,41
2024-09-25,P002,Tata Salt 1kg,Groceries,35
2024-09-26,P002,Tata Salt 1kg,Groceries,36
2024-09-27,P002,Tata Salt 1kg,Groceries,29
2024-09-28,P002,Tata Salt 1kg,Groceries,26
2024-09-29,P002,Tata Salt 1kg,Groceries,33
2024-09-30,P002,Tata Salt 1kg,Groceries,28
2024-10-01,P002,Tata Salt 1kg,Groceries,39
2024-10-02,P002,Tata Salt 1kg,Groceries,39
2024-10-03,P002,Tata Salt 1kg,Groceries,36
2024-10-04,P002,Tata Salt 1kg,Groceries,33
2024-10-05,P002,Tata Salt 1kg,Groceries,30
2024-10-06,P002,Tata Salt 1kg,Groceries,35
2024-10-07,P002,Tata Salt 1kg,Groceries,41
2024-10-08,P002,Tata Salt 1kg,Groceries,42
2024-10-09,P002,Tata Salt 1kg,Groceries,39
2024-10-10,P002,Tata Salt 1kg,Groceries,22
2024-10-11,P002,Tata Salt 1kg,Groceries,24
2024-10-12,P002,Tata Salt 1kg,Groceries,28
2024-10-13,P002,Tata Salt 1kg,Groceries,27
2024-10-14,P002,Tata Salt 1kg,Groceries,32
2024-10-15,P002,Tata Salt 1kg,Groceries,40
2024-10-16,P002,Tata Salt 1kg,Groceries,42
2024-10-17,P002,Tata Salt 1kg,Groceries,30
2024-10-18,P002,Tata Salt 1kg,Groceries,33
2024-10-19,P002,Tata Salt 1kg,Groceries,31
2024-10-20,P002,Tata Salt 1kg,Groceries,19
2024-10-21,P002,Tata Salt 1kg,Groceries,28
2024-10-22,P002,Tata Salt 1kg,Groceries,39
2024-10-23,P002,Tata Salt 1kg,Groceries,32
2024-10-24,P002,Tata Salt 1kg,Groceries,34
2024-10-25,P002,Tata Salt 1kg,Groceries,39
2024-10-26,P002,Tata Salt 1kg,Groceries,37
2024-10-27,P002,Tata Salt 1kg,Groceries,29
2024-10-28,P002,Tata Salt 1kg,Groceries,42
2024-10-29,P002,Tata Salt 1kg,Groceries,40
2024-10-30,P002,Tata Salt 1kg,Groceries,37
2024-10-31,P002,Tata Salt 1kg,Groceries,27
2024-11-01,P002,Tata Salt 1kg,Groceries,28
2024-11-02,P002,Tata Salt 1kg,Groceries,28
2024-11-03,P002,Tata Salt 1kg,Groceries,31
2024-11-04,P002,Tata Salt 1kg,Groceries,34
2024-11-05,P002,Tata Salt 1kg,Groceries,40
2024-11-06,P002,Tata Salt 1kg,Groceries,42
2024-11-07,P002,Tata Salt 1kg,Groceries,37
2024-11-08,P002,Tata Salt 1kg,Groceries,36
2024-11-09,P002,Tata Salt 1kg,Groceries,22
2024-11-10,P002,Tata Salt 1kg,Groceries,15
2024-11-11,P002,Tata Salt 1kg,Groceries,39
2024-11-12,P002,Tata Salt 1kg,Groceries,32
2024-11-13,P002,Tata Salt 1kg,Groceries,38
2024-11-14,P002,Tata Salt 1kg,Groceries,24
2024-11-15,P002,Tata Salt 1kg,Groceries,20
2024-11-16,P002,Tata Salt 1kg,Groceries,33
2024-11-17,P002,Tata Salt 1kg,Groceries,35
2024-11-18,P002,Tata Salt 1kg,Groceries,30
2024-11-19,P002,Tata Salt 1kg,Groceries,25
2024-11-20,P002,Tata Salt 1kg,Groceries,36
2024-11-21,P002,Tata Salt 1kg,Groceries,33
2024-11-22,P002,Tata Salt 1kg,Groceries,22
2024-11-23,P002,Tata Salt 1kg,Groceries,31
2024-11-24,P002,Tata Salt 1kg,Groceries,30
2024-11-25,P002,Tata Salt 1kg,Groceries,37
2024-11-26,P002,Tata Salt 1kg,Groceries,40
2024-11-27,P002,Tata Salt 1kg,Groceries,34
2024-11-28,P002,Tata Salt 1kg,Groceries,37
2024-11-29,P002,Tata Salt 1kg,Groceries,30
2024-11-30,P002,Tata Salt 1kg,Groceries,30
2024-12-01,P002,Tata Salt 1kg,Groceries,25
2024-12-02,P002,Tata Salt 1kg,Groceries,31
2024-12-03,P002,Tata Salt 1kg,Groceries,35
2024-12-04,P002,Tata Salt 1kg,Groceries,39
2024-12-05,P002,Tata Salt 1kg,Groceries,40
2024-12-06,P002,Tata Salt 1kg,Groceries,23
2024-12-07,P002,Tata Salt 1kg,Groceries,21
2024-12-08,P002,Tata Salt 1kg,Groceries,39
2024-12-09,P002,Tata Salt 1kg,Groceries,32
2024-12-10,P002,Tata Salt 1kg,Groceries,36
2024-12-11,P002,Tata Salt 1kg,Groceries,46
2024-12-12,P002,Tata Salt 1kg,Groceries,27
2024-12-13,P002,Tata Salt 1kg,Groceries,41
2024-12-14,P002,Tata Salt 1kg,Groceries,35
2024-12-15,P002,Tata Salt 1kg,Groceries,28
2024-12-16,P002,Tata Salt 1kg,Groceries,46
2024-12-17,P002,Tata Salt 1kg,Groceries,36
2024-12-18,P002,Tata Salt 1kg,Groceries,44
2024-12-19,P002,Tata Salt 1kg,Groceries,32
2024-12-20,P002,Tata Salt 1kg,Groceries,38
2024-12-21,P002,Tata Salt 1kg,Groceries,40
2024-12-22,P002,Tata Salt 1kg,Groceries,31
2024-12-23,P002,Tata Salt 1kg,Groceries,29
2024-12-24,P002,Tata Salt 1kg,Groceries,43
2024-12-25,P002,Tata Salt 1kg,Groceries,36
2024-12-26,P002,Tata Salt 1kg,Groceries,42
2024-12-27,P002,Tata Salt 1kg,Groceries,31
2024-12-28,P002,Tata Salt 1kg,Groceries,29
2024-12-29,P002,Tata Salt 1kg,Groceries,32
2024-12-30,P002,Tata Salt 1kg,Groceries,26
2024-12-31,P002,Tata Salt 1kg,Groceries,34
2025-01-01,P002,Tata Salt 1kg,Groceries,47
2025-01-02,P002,Tata Salt 1kg,Groceries,27
2025-01-03,P002,Tata Salt 1kg,Groceries,25
2025-01-04,P002,Tata Salt 1kg,Groceries,34
2025-01-05,P002,Tata Salt 1kg,Groceries,38
2025-01-06,P002,Tata Salt 1kg,Groceries,38
2025-01-07,P002,Tata Salt 1kg,Groceries,46
2025-01-08,P002,Tata Salt 1kg,Groceries,36
2025-01-09,P002,Tata Salt 1kg,Groceries,23
2025-01-10,P002,Tata Salt 1kg,Groceries,39
2025-01-11,P002,Tata Salt 1kg,Groceries,29
2025-01-12,P002,Tata Salt 1kg,Groceries,29
2025-01-13,P002,Tata Salt 1kg,Groceries,42
2025-01-14,P002,Tata Salt 1kg,Groceries,43
2025-01-15,P002,Tata Salt 1kg,Groceries,43
2025-01-16,P002,Tata Salt 1kg,Groceries,43
2025-01-17,P002,Tata Salt 1kg,Groceries,27
2025-01-18,P002,Tata Salt 1kg,Groceries,36
2025-01-19,P002,Tata Salt 1kg,Groceries,31
2025-01-20,P002,Tata Salt 1kg,Groceries,36
2025-01-21,P002,Tata Salt 1kg,Groceries,49
2025-01-22,P002,Tata Salt 1kg,Groceries,43
2025-01-23,P002,Tata Salt 1kg,Groceries,34
2025-01-24,P002,Tata Salt 1kg,Groceries,37
2025-01-25,P002,Tata Salt 1kg,Groceries,29
2025-01-26,P002,Tata Salt 1kg,Groceries,26
2025-01-27,P002,Tata Salt 1kg,Groceries,28
2025-01-28,P002,Tata Salt 1kg,Groceries,29
2025-01-29,P002,Tata Salt 1kg,Groceries,52
2025-01-30,P002,Tata Salt 1kg,Groceries,25
2025-01-31,P002,Tata Salt 1kg,Groceries,30
2025-02-01,P002,Tata Salt 1kg,Groceries,29
2025-02-02,P002,Tata Salt 1kg,Groceries,33
2025-02-03,P002,Tata Salt 1kg,Groceries,39
2025-02-04,P002,Tata Salt 1kg,Groceries,45
2025-02-05,P002,Tata Salt 1kg,Groceries,37
2025-02-06,P002,Tata Salt 1kg,Groceries,30
2025-02-07,P002,Tata Salt 1kg,Groceries,33
2025-02-08,P002,Tata Salt 1kg,Groceries,30
2025-02-09,P002,Tata Salt 1kg,Groceries,40
2025-02-10,P002,Tata Salt 1kg,Groceries,37
2025-02-11,P002,Tata Salt 1kg,Groceries,45
2025-02-12,P002,Tata Salt 1kg,Groceries,44
2025-02-13,P002,Tata Salt 1kg,Groceries,38
2025-02-14,P002,Tata Salt 1kg,Groceries,32
2025-02-15,P002,Tata Salt 1kg,Groceries,24
2025-02-16,P002,Tata Salt 1kg,Groceries,33
2025-02-17,P002,Tata Salt 1kg,Groceries,30
2025-02-18,P002,Tata Salt 1kg,Groceries,38
2025-02-19,P002,Tata Salt 1kg,Groceries,44
2025-02-20,P002,Tata Salt 1kg,Groceries,38
2025-02-21,P002,Tata Salt 1kg,Groceries,31
2025-02-22,P002,Tata Salt 1kg,Groceries,33
2025-02-23,P002,Tata Salt 1kg,Groceries,41
2025-02-24,P002,Tata Salt 1kg,Groceries,36
2025-02-25,P002,Tata Salt 1kg,Groceries,56
2025-02-26,P002,Tata Salt 1kg,Groceries,44
2025-02-27,P002,Tata Salt 1kg,Groceries,21
2025-02-28,P002,Tata Salt 1kg,Groceries,36
2025-03-01,P002,Tata Salt 1kg,Groceries,33
2025-03-02,P002,Tata Salt 1kg,Groceries,39
2025-03-03,P002,Tata Salt 1kg,Groceries,38
2025-03-04,P002,Tata Salt 1kg,Groceries,40
2025-03-05,P002,Tata Salt 1kg,Groceries,34
2025-03-06,P002,Tata Salt 1kg,Groceries,30
2025-03-07,P002,Tata Salt 1kg,Groceries,26
2025-03-08,P002,Tata Salt 1kg,Groceries,28
2025-03-09,P002,Tata Salt 1kg,Groceries,35
2025-03-10,P002,Tata Salt 1kg,Groceries,44
2025-03-11,P002,Tata Salt 1kg,Groceries,43
2025-03-12,P002,Tata Salt 1kg,Groceries,34
2025-03-13,P002,Tata Salt 1kg,Groceries,34
2025-03-14,P002,Tata Salt 1kg,Groceries,38
2025-03-15,P002,Tata Salt 1kg,Groceries,28
2025-03-16,P002,Tata Salt 1kg,Groceries,31
2025-03-17,P002,Tata Salt 1kg,Groceries,35
2025-03-18,P002,Tata Salt 1kg,Groceries,36
2025-03-19,P002,Tata Salt 1kg,Groceries,45
2025-03-20,P002,Tata Salt 1kg,Groceries,31
2025-03-21,P002,Tata Salt 1kg,Groceries,34
2025-03-22,P002,Tata Salt 1kg,Groceries,26
2025-03-23,P002,Tata Salt 1kg,Groceries,29
2025-03-24,P002,Tata Salt 1kg,Groceries,39
2025-03-25,P002,Tata Salt 1kg,Groceries,39
2025-03-26,P002,Tata Salt 1kg,Groceries,51
2025-03-27,P002,Tata Salt 1kg,Groceries,29
2025-03-28,P002,Tata Salt 1kg,Groceries,33
2025-03-29,P002,Tata Salt 1kg,Groceries,37
2025-03-30,P002,Tata Salt 1kg,Groceries,23
2025-03-31,P002,Tata Salt 1kg,Groceries,24
2025-04-01,P002,Tata Salt 1kg,Groceries,32
2025-04-02,P002,Tata Salt 1kg,Groceries,48
2025-04-03,P002,Tata Salt 1kg,Groceries,28
2025-04-04,P002,Tata Salt 1kg,Groceries,46
2025-04-05,P002,Tata Salt 1kg,Groceries,66
2025-04-06,P002,Tata Salt 1kg,Groceries,33
2025-04-07,P002,Tata Salt 1kg,Groceries,44
2025-04-08,P002,Tata Salt 1kg,Groceries,53
2025-04-09,P002,Tata Salt 1kg,Groceries,53
2025-04-10,P002,Tata Salt 1kg,Groceries,39
2025-04-11,P002,Tata Salt 1kg,Groceries,37
2025-04-12,P002,Tata Salt 1kg,Groceries,35
2025-04-13,P002,Tata Salt 1kg,Groceries,36
2025-04-14,P002,Tata Salt 1kg,Groceries,32
2025-04-15,P002,Tata Salt 1kg,Groceries,36
2025-04-16,P002,Tata Salt 1kg,Groceries,41
2025-04-17,P002,Tata Salt 1kg,Groceries,31
2025-04-18,P002,Tata Salt 1kg,Groceries,29
2025-04-19,P002,Tata Salt 1kg,Groceries,36
2025-04-20,P002,Tata Salt 1kg,Groceries,37
2025-04-21,P002,Tata Salt 1kg,Groceries,35
2025-04-22,P002,Tata Salt 1kg,Groceries,50
2025-04-23,P002,Tata Salt 1kg,Groceries,35
2025-04-24,P002,Tata Salt 1kg,Groceries,30
2025-04-25,P002,Tata Salt 1kg,Groceries,27
2025-04-26,P002,Tata Salt 1kg,Groceries,21
2025-04-27,P002,Tata Salt 1kg,Groceries,31
2025-04-28,P002,Tata Salt 1kg,Groceries,68
2025-04-29,P002,Tata Salt 1kg,Groceries,50
2025-04-30,P002,Tata Salt 1kg,Groceries,45
2025-05-01,P002,Tata Salt 1kg,Groceries,26
2025-05-02,P002,Tata Salt 1kg,Groceries,42
2025-05-03,P002,Tata Salt 1kg,Groceries,39
2025-05-04,P002,Tata Salt 1kg,Groceries,35
2025-05-05,P002,Tata Salt 1kg,Groceries,34
2025-05-06,P002,Tata Salt 1kg,Groceries,36
2025-05-07,P002,Tata Salt 1kg,Groceries,39
2025-05-08,P002,Tata Salt 1kg,Groceries,38
2025-05-09,P002,Tata Salt 1kg,Groceries,43
2025-05-10,P002,Tata Salt 1kg,Groceries,41
2025-05-11,P002,Tata Salt 1kg,Groceries,29
2025-05-12,P002,Tata Salt 1kg,Groceries,28
2025-05-13,P002,Tata Salt 1kg,Groceries,42
2025-05-14,P002,Tata Salt 1kg,Groceries,31
2025-05-15,P002,Tata Salt 1kg,Groceries,34
2025-05-16,P002,Tata Salt 1kg,Groceries,31
2025-05-17,P002,Tata Salt 1kg,Groceries,29
2025-05-18,P002,Tata Salt 1kg,Groceries,23
2025-05-19,P002,Tata Salt 1kg,Groceries,38
2025-05-20,P002,Tata Salt 1kg,Groceries,38
2025-05-21,P002,Tata Salt 1kg,Groceries,35
2025-05-22,P002,Tata Salt 1kg,Groceries,15
2025-05-23,P002,Tata Salt 1kg,Groceries,32
2025-05-24,P002,Tata Salt 1kg,Groceries,42
2025-05-25,P002,Tata Salt 1kg,Groceries,41
2025-05-26,P002,Tata Salt 1kg,Groceries,32
2025-05-27,P002,Tata Salt 1kg,Groceries,38
2025-05-28,P002,Tata Salt 1kg,Groceries,44
2025-05-29,P002,Tata Salt 1kg,Groceries,26
2025-05-30,P002,Tata Salt 1kg,Groceries,34
2025-05-31,P002,Tata Salt 1kg,Groceries,36
2025-06-01,P002,Tata Salt 1kg,Groceries,39
2025-06-02,P002,Tata Salt 1kg,Groceries,35
2025-06-03,P002,Tata Salt 1kg,Groceries,40
2025-06-04,P002,Tata Salt 1kg,Groceries,37
2025-06-05,P002,Tata Salt 1kg,Groceries,27
2025-06-06,P002,Tata Salt 1kg,Groceries,31
2025-06-07,P002,Tata Salt 1kg,Groceries,34
2025-06-08,P002,Tata Salt 1kg,Groceries,37
2025-06-09,P002,Tata Salt 1kg,Groceries,31
2025-06-10,P002,Tata Salt 1kg,Groceries,50
2025-06-11,P002,Tata Salt 1kg,Groceries,40
2025-06-12,P002,Tata Salt 1kg,Groceries,32
2025-06-13,P002,Tata Salt 1kg,Groceries,28
2025-06-14,P002,Tata Salt 1kg,Groceries,18
2025-06-15,P002,Tata Salt 1kg,Groceries,37
2025-06-16,P002,Tata Salt 1kg,Groceries,40
2025-06-17,P002,Tata Salt 1kg,Groceries,40
2025-06-18,P002,Tata Salt 1kg,Groceries,42
2025-06-19,P002,Tata Salt 1kg,Groceries,35
2025-06-20,P002,Tata Salt 1kg,Groceries,23
2025-06-21,P002,Tata Salt 1kg,Groceries,29
2025-06-22,P002,Tata Salt 1kg,Groceries,37
2025-06-23,P002,Tata Salt 1kg,Groceries,28
2025-06-24,P002,Tata Salt 1kg,Groceries,44
2025-06-25,P002,Tata Salt 1kg,Groceries,34
2025-06-26,P002,Tata Salt 1kg,Groceries,35
2025-06-27,P002,Tata Salt 1kg,Groceries,32
2025-06-28,P002,Tata Salt 1kg,Groceries,23
2025-06-29,P002,Tata Salt 1kg,Groceries,39
2025-06-30,P002,Tata Salt 1kg,Groceries,31
2025-07-01,P002,Tata Salt 1kg,Groceries,37
2025-07-02,P002,Tata Salt 1kg,Groceries,43
2025-07-03,P002,Tata Salt 1kg,Groceries,39
2025-07-04,P002,Tata Salt 1kg,Groceries,26
2025-07-05,P002,Tata Salt 1kg,Groceries,33
2025-07-06,P002,Tata Salt 1kg,Groceries,35
2025-07-07,P002,Tata Salt 1kg,Groceries,39
2025-07-08,P002,Tata Salt 1kg,Groceries,43
2025-07-09,P002,Tata Salt 1kg,Groceries,40
2025-07-10,P002,Tata Salt 1kg,Groceries,27
2025-07-11,P002,Tata Salt 1kg,Groceries,33
2025-07-12,P002,Tata Salt 1kg,Groceries,26
2025-07-13,P002,Tata Salt 1kg,Groceries,15
2025-07-14,P002,Tata Salt 1kg,Groceries,38
2025-07-15,P002,Tata Salt 1kg,Groceries,47
2025-07-16,P002,Tata Salt 1kg,Groceries,28
2025-07-17,P002,Tata Salt 1kg,Groceries,26
2025-07-18,P002,Tata Salt 1kg,Groceries,36
2025-07-19,P002,Tata Salt 1kg,Groceries,44
2025-07-20,P002,Tata Salt 1kg,Groceries,32
2025-07-21,P002,Tata Salt 1kg,Groceries,31
2025-07-22,P002,Tata Salt 1kg,Groceries,41
2025-07-23,P002,Tata Salt 1kg,Groceries,50
2025-07-24,P002,Tata Salt 1kg,Groceries,29
2025-07-25,P002,Tata Salt 1kg,Groceries,28
2025-07-26,P002,Tata Salt 1kg,Groceries,30
2025-07-27,P002,Tata Salt 1kg,Groceries,27
2025-07-28,P002,Tata Salt 1kg,Groceries,36
2025-07-29,P002,Tata Salt 1kg,Groceries,52
2025-07-30,P002,Tata Salt 1kg,Groceries,44
2025-07-31,P002,Tata Salt 1kg,Groceries,31
2025-08-01,P002,Tata Salt 1kg,Groceries,31
2025-08-02,P002,Tata Salt 1kg,Groceries,23
2025-08-03,P002,Tata Salt 1kg,Groceries,38
2025-08-04,P002,Tata Salt 1kg,Groceries,35
2025-08-05,P002,Tata Salt 1kg,Groceries,41
2025-08-06,P002,Tata Salt 1kg,Groceries,61
2025-08-07,P002,Tata Salt 1kg,Groceries,34
2025-08-08,P002,Tata Salt 1kg,Groceries,28
2025-08-09,P002,Tata Salt 1kg,Groceries,30
2025-08-10,P002,Tata Salt 1kg,Groceries,39
2025-08-11,P002,Tata Salt 1kg,Groceries,36
2025-08-12,P002,Tata Salt 1kg,Groceries,34
2025-08-13,P002,Tata Salt 1kg,Groceries,48
2025-08-14,P002,Tata Salt 1kg,Groceries,29
2025-08-15,P002,Tata Salt 1kg,Groceries,43
2025-08-16,P002,Tata Salt 1kg,Groceries,39
2025-08-17,P002,Tata Salt 1kg,Groceries,30
2025-08-18,P002,Tata Salt 1kg,Groceries,43
2025-08-19,P002,Tata Salt 1kg,Groceries,43
2025-08-20,P002,Tata Salt 1kg,Groceries,47
2025-08-21,P002,Tata Salt 1kg,Groceries,35
2025-08-22,P002,Tata Salt 1kg,Groceries,28
2025-08-23,P002,Tata Salt 1kg,Groceries,29
2025-08-24,P002,Tata Salt 1kg,Groceries,39
2025-08-25,P002,Tata Salt 1kg,Groceries,34
2025-08-26,P002,Tata Salt 1kg,Groceries,40
2025-08-27,P002,Tata Salt 1kg,Groceries,37
2025-08-28,P002,Tata Salt 1kg,Groceries,35
2025-08-29,P002,Tata Salt 1kg,Groceries,45
2025-08-30,P002,Tata Salt 1kg,Groceries,26
2025-08-31,P002,Tata Salt 1kg,Groceries,33
2025-09-01,P002,Tata Salt 1kg,Groceries,44
2025-09-02,P002,Tata Salt 1kg,Groceries,42
2025-09-03,P002,Tata Salt 1kg,Groceries,45
2025-09-04,P002,Tata Salt 1kg,Groceries,27
2025-09-05,P002,Tata Salt 1kg,Groceries,82
2025-09-06,P002,Tata Salt 1kg,Groceries,32
2025-09-07,P002,Tata Salt 1kg,Groceries,38
2025-09-08,P002,Tata Salt 1kg,Groceries,43
2025-09-09,P002,Tata Salt 1kg,Groceries,58
2025-09-10,P002,Tata Salt 1kg,Groceries,46
2025-09-11,P002,Tata Salt 1kg,Groceries,35
2025-09-12,P002,Tata Salt 1kg,Groceries,34
2025-09-13,P002,Tata Salt 1kg,Groceries,31
2025-09-14,P002,Tata Salt 1kg,Groceries,35
2025-09-15,P002,Tata Salt 1kg,Groceries,34
2025-09-16,P002,Tata Salt 1kg,Groceries,44
2025-09-17,P002,Tata Salt 1kg,Groceries,50
2025-09-18,P002,Tata Salt 1kg,Groceries,27
2025-09-19,P002,Tata Salt 1kg,Groceries,39
2025-09-20,P002,Tata Salt 1kg,Groceries,40
2025-09-21,P002,Tata Salt 1kg,Groceries,32
2025-09-22,P002,Tata Salt 1kg,Groceries,24
2025-09-23,P002,Tata Salt 1kg,Groceries,39
2025-09-24,P002,Tata Salt 1kg,Groceries,50
2025-09-25,P002,Tata Salt 1kg,Groceries,33
2025-09-26,P002,Tata Salt 1kg,Groceries,27
2025-09-27,P002,Tata Salt 1kg,Groceries,30
2025-09-28,P002,Tata Salt 1kg,Groceries,38
2025-09-29,P002,Tata Salt 1kg,Groceries,39
2025-09-30,P002,Tata Salt 1kg,Groceries,42
2025-10-01,P002,Tata Salt 1kg,Groceries,41
2025-10-02,P002,Tata Salt 1kg,Groceries,31
2025-10-03,P002,Tata Salt 1kg,Groceries,28
2025-10-04,P002,Tata Salt 1kg,Groceries,42
2025-10-05,P002,Tata Salt 1kg,Groceries,31
2025-10-06,P002,Tata Salt 1kg,Groceries,43
2025-10-07,P002,Tata Salt 1kg,Groceries,52
2025-10-08,P002,Tata Salt 1kg,Groceries,49
2025-10-09,P002,Tata Salt 1kg,Groceries,30
2025-10-10,P002,Tata Salt 1kg,Groceries,35
2025-10-11,P002,Tata Salt 1kg,Groceries,33
2025-10-12,P002,Tata Salt 1kg,Groceries,28
2025-10-13,P002,Tata Salt 1kg,Groceries,38
2025-10-14,P002,Tata Salt 1kg,Groceries,36
2025-10-15,P002,Tata Salt 1kg,Groceries,50
2025-10-16,P002,Tata Salt 1kg,Groceries,30
2025-10-17,P002,Tata Salt 1kg,Groceries,34
2025-10-18,P002,Tata Salt 1kg,Groceries,35
2025-10-19,P002,Tata Salt 1kg,Groceries,32
2025-10-20,P002,Tata Salt 1kg,Groceries,40
2025-10-21,P002,Tata Salt 1kg,Groceries,74
2025-10-22,P002,Tata Salt 1kg,Groceries,48
2025-10-23,P002,Tata Salt 1kg,Groceries,25
2025-10-24,P002,Tata Salt 1kg,Groceries,34
2025-10-25,P002,Tata Salt 1kg,Groceries,44
2025-10-26,P002,Tata Salt 1kg,Groceries,27
2025-10-27,P002,Tata Salt 1kg,Groceries,33
2025-10-28,P002,Tata Salt 1kg,Groceries,46
2025-10-29,P002,Tata Salt 1kg,Groceries,44
2025-10-30,P002,Tata Salt 1kg,Groceries,35
2025-10-31,P002,Tata Salt 1kg,Groceries,36
2025-11-01,P002,Tata Salt 1kg,Groceries,37
2025-11-02,P002,Tata Salt 1kg,Groceries,40
2025-11-03,P002,Tata Salt 1kg,Groceries,39
2025-11-04,P002,Tata Salt 1kg,Groceries,42
2025-11-05,P002,Tata Salt 1kg,Groceries,47
2025-11-06,P002,Tata Salt 1kg,Groceries,44
2025-11-07,P002,Tata Salt 1kg,Groceries,32
2025-11-08,P002,Tata Salt 1kg,Groceries,28
2025-11-09,P002,Tata Salt 1kg,Groceries,40
2025-11-10,P002,Tata Salt 1kg,Groceries,36
2025-11-11,P002,Tata Salt 1kg,Groceries,31
2025-11-12,P002,Tata Salt 1kg,Groceries,48
2025-11-13,P002,Tata Salt 1kg,Groceries,30
2025-11-14,P002,Tata Salt 1kg,Groceries,33
2025-11-15,P002,Tata Salt 1kg,Groceries,76
2025-11-16,P002,Tata Salt 1kg,Groceries,34
2025-11-17,P002,Tata Salt 1kg,Groceries,41
2025-11-18,P002,Tata Salt 1kg,Groceries,41
2025-11-19,P002,Tata Salt 1kg,Groceries,46
2025-11-20,P002,Tata Salt 1kg,Groceries,32
2025-11-21,P002,Tata Salt 1kg,Groceries,38
2025-11-22,P002,Tata Salt 1kg,Groceries,37
2025-11-23,P002,Tata Salt 1kg,Groceries,28
2025-11-24,P002,Tata Salt 1kg,Groceries,43
2025-11-25,P002,Tata Salt 1kg,Groceries,40
2025-11-26,P002,Tata Salt 1kg,Groceries,48
2025-11-27,P002,Tata Salt 1kg,Groceries,35
2025-11-28,P002,Tata Salt 1kg,Groceries,44
2025-11-29,P002,Tata Salt 1kg,Groceries,32
2025-11-30,P002,Tata Salt 1kg,Groceries,31
2025-12-01,P002,Tata Salt 1kg,Groceries,37
2025-12-02,P002,Tata Salt 1kg,Groceries,42
2025-12-03,P002,Tata Salt 1kg,Groceries,48
2025-12-04,P002,Tata Salt 1kg,Groceries,24
2025-12-05,P002,Tata Salt 1kg,Groceries,27
2025-12-06,P002,Tata Salt 1kg,Groceries,27
2025-12-07,P002,Tata Salt 1kg,Groceries,39
2025-12-08,P002,Tata Salt 1kg,Groceries,47
2025-12-09,P002,Tata Salt 1kg,Groceries,43
2025-12-10,P002,Tata Salt 1kg,Groceries,43
2025-12-11,P002,Tata Salt 1kg,Groceries,34
2025-12-12,P002,Tata Salt 1kg,Groceries,40
2025-12-13,P002,Tata Salt 1kg,Groceries,28
2025-12-14,P002,Tata Salt 1kg,Groceries,35
2025-12-15,P002,Tata Salt 1kg,Groceries,43
2025-12-16,P002,Tata Salt 1kg,Groceries,47
2025-12-17,P002,Tata Salt 1kg,Groceries,45
2025-12-18,P002,Tata Salt 1kg,Groceries,39
2025-12-19,P002,Tata Salt 1kg,Groceries,18
2025-12-20,P002,Tata Salt 1kg,Groceries,62
2025-12-21,P002,Tata Salt 1kg,Groceries,30
2025-12-22,P002,Tata Salt 1kg,Groceries,26
2025-12-23,P002,Tata Salt 1kg,Groceries,47
2025-12-24,P002,Tata Salt 1kg,Groceries,52
2025-12-25,P002,Tata Salt 1kg,Groceries,33
2025-12-26,P002,Tata Salt 1kg,Groceries,39
2025-12-27,P002,Tata Salt 1kg,Groceries,43
2025-12-28,P002,Tata Salt 1kg,Groceries,41
2025-12-29,P002,Tata Salt 1kg,Groceries,47
2025-12-30,P002,Tata Salt 1kg,Groceries,79
2025-12-31,P002,Tata Salt 1kg,Groceries,44
2026-01-01,P002,Tata Salt 1kg,Groceries,24
2026-01-02,P002,Tata Salt 1kg,Groceries,32
2026-01-03,P002,Tata Salt 1kg,Groceries,29
2026-01-04,P002,Tata Salt 1kg,Groceries,46
2026-01-05,P002,Tata Salt 1kg,Groceries,36
2026-01-06,P002,Tata Salt 1kg,Groceries,45
2026-01-07,P002,Tata Salt 1kg,Groceries,47
2026-01-08,P002,Tata Salt 1kg,Groceries,34
2026-01-09,P002,Tata Salt 1kg,Groceries,44
2026-01-10,P002,Tata Salt 1kg,Groceries,30
2026-01-11,P002,Tata Salt 1kg,Groceries,35
2026-01-12,P002,Tata Salt 1kg,Groceries,33
2026-01-13,P002,Tata Salt 1kg,Groceries,36
2026-01-14,P002,Tata Salt 1kg,Groceries,40
2026-01-15,P002,Tata Salt 1kg,Groceries,34
2026-01-16,P002,Tata Salt 1kg,Groceries,31
2026-01-17,P002,Tata Salt 1kg,Groceries,30
2026-01-18,P002,Tata Salt 1kg,Groceries,26
2026-01-19,P002,Tata Salt 1kg,Groceries,37
2026-01-20,P002,Tata Salt 1kg,Groceries,35
2026-01-21,P002,Tata Salt 1kg,Groceries,48
2026-01-22,P002,Tata Salt 1kg,Groceries,34
2026-01-23,P002,Tata Salt 1kg,Groceries,25
2026-01-24,P002,Tata Salt 1kg,Groceries,32
2026-01-25,P002,Tata Salt 1kg,Groceries,29
2026-01-26,P002,Tata Salt 1kg,Groceries,39
2026-01-27,P002,Tata Salt 1kg,Groceries,52
2026-01-28,P002,Tata Salt 1kg,Groceries,33
2026-01-29,P002,Tata Salt 1kg,Groceries,35
2026-01-30,P002,Tata Salt 1kg,Groceries,33
2026-01-31,P002,Tata Salt 1kg,Groceries,38
2026-02-01,P002,Tata Salt 1kg,Groceries,35
2026-02-02,P002,Tata Salt 1kg,Groceries,33
2026-02-03,P002,Tata Salt 1kg,Groceries,42
2026-02-04,P002,Tata Salt 1kg,Groceries,40
2026-02-05,P002,Tata Salt 1kg,Groceries,40
2026-02-06,P002,Tata Salt 1kg,Groceries,34
2026-02-07,P002,Tata Salt 1kg,Groceries,45
2026-02-08,P002,Tata Salt 1kg,Groceries,34
2026-02-09,P002,Tata Salt 1kg,Groceries,33
2026-02-10,P002,Tata Salt 1kg,Groceries,35
2026-02-11,P002,Tata Salt 1kg,Groceries,34
2026-02-12,P002,Tata Salt 1kg,Groceries,25
2026-02-13,P002,Tata Salt 1kg,Groceries,36
2026-02-14,P002,Tata Salt 1kg,Groceries,37
2026-02-15,P002,Tata Salt 1kg,Groceries,25
2026-02-16,P002,Tata Salt 1kg,Groceries,43
2026-02-17,P002,Tata Salt 1kg,Groceries,42
2026-02-18,P002,Tata Salt 1kg,Groceries,45
2026-02-19,P002,Tata Salt 1kg,Groceries,43
2026-02-20,P002,Tata Salt 1kg,Groceries,39
2026-02-21,P002,Tata Salt 1kg,Groceries,32
2026-02-22,P002,Tata Salt 1kg,Groceries,29
2026-02-23,P002,Tata Salt 1kg,Groceries,25
2026-02-24,P002,Tata Salt 1kg,Groceries,40
2026-02-25,P002,Tata Salt 1kg,Groceries,43
2026-02-26,P002,Tata Salt 1kg,Groceries,28
2026-02-27,P002,Tata Salt 1kg,Groceries,33
2026-02-28,P002,Tata Salt 1kg,Groceries,35
2026-03-01,P002,Tata Salt 1kg,Groceries,33
2026-03-02,P002,Tata Salt 1kg,Groceries,34
2026-03-03,P002,Tata Salt 1kg,Groceries,45
2026-03-04,P002,Tata Salt 1kg,Groceries,47
2026-03-05,P002,Tata Salt 1kg,Groceries,28
2026-03-06,P002,Tata Salt 1kg,Groceries,42
2026-03-07,P002,Tata Salt 1kg,Groceries,34
2026-03-08,P002,Tata Salt 1kg,Groceries,34
2026-03-09,P002,Tata Salt 1kg,Groceries,42
2026-03-10,P002,Tata Salt 1kg,Groceries,46
2026-03-11,P002,Tata Salt 1kg,Groceries,50
2026-03-12,P002,Tata Salt 1kg,Groceries,36
2026-03-13,P002,Tata Salt 1kg,Groceries,31
2026-03-14,P002,Tata Salt 1kg,Groceries,36
2026-03-15,P002,Tata Salt 1kg,Groceries,28
2026-03-16,P002,Tata Salt 1kg,Groceries,38
2026-03-17,P002,Tata Salt 1kg,Groceries,44
2026-03-18,P002,Tata Salt 1kg,Groceries,43
2026-03-19,P002,Tata Salt 1kg,Groceries,33
2026-03-20,P002,Tata Salt 1kg,Groceries,23
2026-03-21,P002,Tata Salt 1kg,Groceries,31
2026-03-22,P002,Tata Salt 1kg,Groceries,35
2026-03-23,P002,Tata Salt 1kg,Groceries,39
2026-03-24,P002,Tata Salt 1kg,Groceries,39
2026-03-25,P002,Tata Salt 1kg,Groceries,52
2026-03-26,P002,Tata Salt 1kg,Groceries,29
2026-03-27,P002,Tata Salt 1kg,Groceries,40
2026-03-28,P002,Tata Salt 1kg,Groceries,37
2024-03-28,P003,Maggi Noodles 140g,Snacks,12
2024-03-29,P003,Maggi Noodles 140g,Snacks,15
2024-03-30,P003,Maggi Noodles 140g,Snacks,10
2024-03-31,P003,Maggi Noodles 140g,Snacks,9
2024-04-01,P003,Maggi Noodles 140g,Snacks,16
2024-04-02,P003,Maggi Noodles 140g,Snacks,18
2024-04-03,P003,Maggi Noodles 140g,Snacks,15
2024-04-04,P003,Maggi Noodles 140g,Snacks,10
2024-04-05,P003,Maggi Noodles 140g,Snacks,16
2024-04-06,P003,Maggi Noodles 140g,Snacks,8
2024-04-07,P003,Maggi Noodles 140g,Snacks,11
2024-04-08,P003,Maggi Noodles 140g,Snacks,14
2024-04-09,P003,Maggi Noodles 140g,Snacks,21
2024-04-10,P003,Maggi Noodles 140g,Snacks,17
2024-04-11,P003,Maggi Noodles 140g,Snacks,14
2024-04-12,P003,Maggi Noodles 140g,Snacks,11
2024-04-13,P003,Maggi Noodles 140g,Snacks,14
2024-04-14,P003,Maggi Noodles 140g,Snacks,13
2024-04-15,P003,Maggi Noodles 140g,Snacks,10
2024-04-16,P003,Maggi Noodles 140g,Snacks,19
2024-04-17,P003,Maggi Noodles 140g,Snacks,19
2024-04-18,P003,Maggi Noodles 140g,Snacks,15
2024-04-19,P003,Maggi Noodles 140g,Snacks,13
2024-04-20,P003,Maggi Noodles 140g,Snacks,10
2024-04-21,P003,Maggi Noodles 140g,Snacks,7
2024-04-22,P003,Maggi Noodles 140g,Snacks,14
2024-04-23,P003,Maggi Noodles 140g,Snacks,19
2024-04-24,P003,Maggi Noodles 140g,Snacks,19
2024-04-25,P003,Maggi Noodles 140g,Snacks,15
2024-04-26,P003,Maggi Noodles 140g,Snacks,12
2024-04-27,P003,Maggi Noodles 140g,Snacks,15
2024-04-28,P003,Maggi Noodles 140g,Snacks,15
2024-04-29,P003,Maggi Noodles 140g,Snacks,13
2024-04-30,P003,Maggi Noodles 140g,Snacks,18
2024-05-01,P003,Maggi Noodles 140g,Snacks,15
2024-05-02,P003,Maggi Noodles 140g,Snacks,14
2024-05-03,P003,Maggi Noodles 140g,Snacks,9
2024-05-04,P003,Maggi Noodles 140g,Snacks,9
2024-05-05,P003,Maggi Noodles 140g,Snacks,15
2024-05-06,P003,Maggi Noodles 140g,Snacks,16
2024-05-07,P003,Maggi Noodles 140g,Snacks,18
2024-05-08,P003,Maggi Noodles 140g,Snacks,17
2024-05-09,P003,Maggi Noodles 140g,Snacks,6
2024-05-10,P003,Maggi Noodles 140g,Snacks,12
2024-05-11,P003,Maggi Noodles 140g,Snacks,14
2024-05-12,P003,Maggi Noodles 140g,Snacks,11
2024-05-13,P003,Maggi Noodles 140g,Snacks,12
2024-05-14,P003,Maggi Noodles 140g,Snacks,20
2024-05-15,P003,Maggi Noodles 140g,Snacks,16
2024-05-16,P003,Maggi Noodles 140g,Snacks,14
2024-05-17,P003,Maggi Noodles 140g,Snacks,15
2024-05-18,P003,Maggi Noodles 140g,Snacks,10
2024-05-19,P003,Maggi Noodles 140g,Snacks,13
2024-05-20,P003,Maggi Noodles 140g,Snacks,17
2024-05-21,P003,Maggi Noodles 140g,Snacks,21
2024-05-22,P003,Maggi Noodles 140g,Snacks,17
2024-05-23,P003,Maggi Noodles 140g,Snacks,12
2024-05-24,P003,Maggi Noodles 140g,Snacks,13
2024-05-25,P003,Maggi Noodles 140g,Snacks,13
2024-05-26,P003,Maggi Noodles 140g,Snacks,16
2024-05-27,P003,Maggi Noodles 140g,Snacks,11
2024-05-28,P003,Maggi Noodles 140g,Snacks,16
2024-05-29,P003,Maggi Noodles 140g,Snacks,14
2024-05-30,P003,Maggi Noodles 140g,Snacks,10
2024-05-31,P003,Maggi Noodles 140g,Snacks,14
2024-06-01,P003,Maggi Noodles 140g,Snacks,15
2024-06-02,P003,Maggi Noodles 140g,Snacks,11
2024-06-03,P003,Maggi Noodles 140g,Snacks,16
2024-06-04,P003,Maggi Noodles 140g,Snacks,20
2024-06-05,P003,Maggi Noodles 140g,Snacks,22
2024-06-06,P003,Maggi Noodles 140g,Snacks,13
2024-06-07,P003,Maggi Noodles 140g,Snacks,11
2024-06-08,P003,Maggi Noodles 140g,Snacks,10
2024-06-09,P003,Maggi Noodles 140g,Snacks,10
2024-06-10,P003,Maggi Noodles 140g,Snacks,17
2024-06-11,P003,Maggi Noodles 140g,Snacks,13
2024-06-12,P003,Maggi Noodles 140g,Snacks,20
2024-06-13,P003,Maggi Noodles 140g,Snacks,11
2024-06-14,P003,Maggi Noodles 140g,Snacks,11
2024-06-15,P003,Maggi Noodles 140g,Snacks,12
2024-06-16,P003,Maggi Noodles 140g,Snacks,11
2024-06-17,P003,Maggi Noodles 140g,Snacks,17
2024-06-18,P003,Maggi Noodles 140g,Snacks,21
2024-06-19,P003,Maggi Noodles 140g,Snacks,15
2024-06-20,P003,Maggi Noodles 140g,Snacks,12
2024-06-21,P003,Maggi Noodles 140g,Snacks,12
2024-06-22,P003,Maggi Noodles 140g,Snacks,14
2024-06-23,P003,Maggi Noodles 140g,Snacks,12
2024-06-24,P003,Maggi Noodles 140g,Snacks,18
2024-06-25,P003,Maggi Noodles 140g,Snacks,20
2024-06-26,P003,Maggi Noodles 140g,Snacks,14
2024-06-27,P003,Maggi Noodles 140g,Snacks,14
2024-06-28,P003,Maggi Noodles 140g,Snacks,17
2024-06-29,P003,Maggi Noodles 140g,Snacks,12
2024-06-30,P003,Maggi Noodles 140g,Snacks,12
2024-07-01,P003,Maggi Noodles 140g,Snacks,13
2024-07-02,P003,Maggi Noodles 140g,Snacks,16
2024-07-03,P003,Maggi Noodles 140g,Snacks,13
2024-07-04,P003,Maggi Noodles 140g,Snacks,9
2024-07-05,P003,Maggi Noodles 140g,Snacks,13
2024-07-06,P003,Maggi Noodles 140g,Snacks,17
2024-07-07,P003,Maggi Noodles 140g,Snacks,11
2024-07-08,P003,Maggi Noodles 140g,Snacks,13
2024-07-09,P003,Maggi Noodles 140g,Snacks,21
2024-07-10,P003,Maggi Noodles 140g,Snacks,14
2024-07-11,P003,Maggi Noodles 140g,Snacks,9
2024-07-12,P003,Maggi Noodles 140g,Snacks,11
2024-07-13,P003,Maggi Noodles 140g,Snacks,11
2024-07-14,P003,Maggi Noodles 140g,Snacks,8
2024-07-15,P003,Maggi Noodles 140g,Snacks,14
2024-07-16,P003,Maggi Noodles 140g,Snacks,19
2024-07-17,P003,Maggi Noodles 140g,Snacks,14
2024-07-18,P003,Maggi Noodles 140g,Snacks,13
2024-07-19,P003,Maggi Noodles 140g,Snacks,41
2024-07-20,P003,Maggi Noodles 140g,Snacks,13
2024-07-21,P003,Maggi Noodles 140g,Snacks,13
2024-07-22,P003,Maggi Noodles 140g,Snacks,15
2024-07-23,P003,Maggi Noodles 140g,Snacks,15
2024-07-24,P003,Maggi Noodles 140g,Snacks,21
2024-07-25,P003,Maggi Noodles 140g,Snacks,16
2024-07-26,P003,Maggi Noodles 140g,Snacks,16
2024-07-27,P003,Maggi Noodles 140g,Snacks,16
2024-07-28,P003,Maggi Noodles 140g,Snacks,9
2024-07-29,P003,Maggi Noodles 140g,Snacks,17
2024-07-30,P003,Maggi Noodles 140g,Snacks,19
2024-07-31,P003,Maggi Noodles 140g,Snacks,13
2024-08-01,P003,Maggi Noodles 140g,Snacks,12
2024-08-02,P003,Maggi Noodles 140g,Snacks,14
2024-08-03,P003,Maggi Noodles 140g,Snacks,17
2024-08-04,P003,Maggi Noodles 140g,Snacks,15
2024-08-05,P003,Maggi Noodles 140g,Snacks,12
2024-08-06,P003,Maggi Noodles 140g,Snacks,21
2024-08-07,P003,Maggi Noodles 140g,Snacks,17
2024-08-08,P003,Maggi Noodles 140g,Snacks,12
2024-08-09,P003,Maggi Noodles 140g,Snacks,12
2024-08-10,P003,Maggi Noodles 140g,Snacks,9
2024-08-11,P003,Maggi Noodles 140g,Snacks,13
2024-08-12,P003,Maggi Noodles 140g,Snacks,16
2024-08-13,P003,Maggi Noodles 140g,Snacks,16
2024-08-14,P003,Maggi Noodles 140g,Snacks,18
2024-08-15,P003,Maggi Noodles 140g,Snacks,11
2024-08-16,P003,Maggi Noodles 140g,Snacks,13
2024-08-17,P003,Maggi Noodles 140g,Snacks,14
2024-08-18,P003,Maggi Noodles 140g,Snacks,14
2024-08-19,P003,Maggi Noodles 140g,Snacks,10
2024-08-20,P003,Maggi Noodles 140g,Snacks,16
2024-08-21,P003,Maggi Noodles 140g,Snacks,21
2024-08-22,P003,Maggi Noodles 140g,Snacks,12
2024-08-23,P003,Maggi Noodles 140g,Snacks,13
2024-08-24,P003,Maggi Noodles 140g,Snacks,13
2024-08-25,P003,Maggi Noodles 140g,Snacks,17
2024-08-26,P003,Maggi Noodles 140g,Snacks,18
2024-08-27,P003,Maggi Noodles 140g,Snacks,19
2024-08-28,P003,Maggi Noodles 140g,Snacks,15
2024-08-29,P003,Maggi Noodles 140g,Snacks,14
2024-08-30,P003,Maggi Noodles 140g,Snacks,15
2024-08-31,P003,Maggi Noodles 140g,Snacks,11
2024-09-01,P003,Maggi Noodles 140g,Snacks,11
2024-09-02,P003,Maggi Noodles 140g,Snacks,19
2024-09-03,P003,Maggi Noodles 140g,Snacks,16
2024-09-04,P003,Maggi Noodles 140g,Snacks,21
2024-09-05,P003,Maggi Noodles 140g,Snacks,16
2024-09-06,P003,Maggi Noodles 140g,Snacks,14
2024-09-07,P003,Maggi Noodles 140g,Snacks,14
2024-09-08,P003,Maggi Noodles 140g,Snacks,9
2024-09-09,P003,Maggi Noodles 140g,Snacks,15
2024-09-10,P003,Maggi Noodles 140g,Snacks,21
2024-09-11,P003,Maggi Noodles 140g,Snacks,19
2024-09-12,P003,Maggi Noodles 140g,Snacks,13
2024-09-13,P003,Maggi Noodles 140g,Snacks,18
2024-09-14,P003,Maggi Noodles 140g,Snacks,13
2024-09-15,P003,Maggi Noodles 140g,Snacks,11
2024-09-16,P003,Maggi Noodles 140g,Snacks,15
2024-09-17,P003,Maggi Noodles 140g,Snacks,19
2024-09-18,P003,Maggi Noodles 140g,Snacks,13
2024-09-19,P003,Maggi Noodles 140g,Snacks,14
2024-09-20,P003,Maggi Noodles 140g,Snacks,15
2024-09-21,P003,Maggi Noodles 140g,Snacks,12
2024-09-22,P003,Maggi Noodles 140g,Snacks,16
2024-09-23,P003,Maggi Noodles 140g,Snacks,16
2024-09-24,P003,Maggi Noodles 140g,Snacks,23
2024-09-25,P003,Maggi Noodles 140g,Snacks,15
2024-09-26,P003,Maggi Noodles 140g,Snacks,15
2024-09-27,P003,Maggi Noodles 140g,Snacks,11
2024-09-28,P003,Maggi Noodles 140g,Snacks,9
2024-09-29,P003,Maggi Noodles 140g,Snacks,8
2024-09-30,P003,Maggi Noodles 140g,Snacks,16
2024-10-01,P003,Maggi Noodles 140g,Snacks,18
2024-10-02,P003,Maggi Noodles 140g,Snacks,16
2024-10-03,P003,Maggi Noodles 140g,Snacks,9
2024-10-04,P003,Maggi Noodles 140g,Snacks,11
2024-10-05,P003,Maggi Noodles 140g,Snacks,13
2024-10-06,P003,Maggi Noodles 140g,Snacks,15
2024-10-07,P003,Maggi Noodles 140g,Snacks,15
2024-10-08,P003,Maggi Noodles 140g,Snacks,18
2024-10-09,P003,Maggi Noodles 140g,Snacks,16
2024-10-10,P003,Maggi Noodles 140g,Snacks,18
2024-10-11,P003,Maggi Noodles 140g,Snacks,11
2024-10-12,P003,Maggi Noodles 140g,Snacks,11
2024-10-13,P003,Maggi Noodles 140g,Snacks,12
2024-10-14,P003,Maggi Noodles 140g,Snacks,16
2024-10-15,P003,Maggi Noodles 140g,Snacks,15
2024-10-16,P003,Maggi Noodles 140g,Snacks,18
2024-10-17,P003,Maggi Noodles 140g,Snacks,14
2024-10-18,P003,Maggi Noodles 140g,Snacks,11
2024-10-19,P003,Maggi Noodles 140g,Snacks,14
2024-10-20,P003,Maggi Noodles 140g,Snacks,11
2024-10-21,P003,Maggi Noodles 140g,Snacks,12
2024-10-22,P003,Maggi Noodles 140g,Snacks,18
2024-10-23,P003,Maggi Noodles 140g,Snacks,13
2024-10-24,P003,Maggi Noodles 140g,Snacks,8
2024-10-25,P003,Maggi Noodles 140g,Snacks,15
2024-10-26,P003,Maggi Noodles 140g,Snacks,16
2024-10-27,P003,Maggi Noodles 140g,Snacks,12
2024-10-28,P003,Maggi Noodles 140g,Snacks,13
2024-10-29,P003,Maggi Noodles 140g,Snacks,20
2024-10-30,P003,Maggi Noodles 140g,Snacks,14
2024-10-31,P003,Maggi Noodles 140g,Snacks,10
2024-11-01,P003,Maggi Noodles 140g,Snacks,15
2024-11-02,P003,Maggi Noodles 140g,Snacks,13
2024-11-03,P003,Maggi Noodles 140g,Snacks,16
2024-11-04,P003,Maggi Noodles 140g,Snacks,9
2024-11-05,P003,Maggi Noodles 140g,Snacks,14
2024-11-06,P003,Maggi Noodles 140g,Snacks,17
2024-11-07,P003,Maggi Noodles 140g,Snacks,14
2024-11-08,P003,Maggi Noodles 140g,Snacks,16
2024-11-09,P003,Maggi Noodles 140g,Snacks,14
2024-11-10,P003,Maggi Noodles 140g,Snacks,14
2024-11-11,P003,Maggi Noodles 140g,Snacks,14
2024-11-12,P003,Maggi Noodles 140g,Snacks,22
2024-11-13,P003,Maggi Noodles 140g,Snacks,15
2024-11-14,P003,Maggi Noodles 140g,Snacks,37
2024-11-15,P003,Maggi Noodles 140g,Snacks,11
2024-11-16,P003,Maggi Noodles 140g,Snacks,15
2024-11-17,P003,Maggi Noodles 140g,Snacks,11
2024-11-18,P003,Maggi Noodles 140g,Snacks,17
2024-11-19,P003,Maggi Noodles 140g,Snacks,18
2024-11-20,P003,Maggi Noodles 140g,Snacks,22
2024-11-21,P003,Maggi Noodles 140g,Snacks,13
2024-11-22,P003,Maggi Noodles 140g,Snacks,14
2024-11-23,P003,Maggi Noodles 140g,Snacks,11
2024-11-24,P003,Maggi Noodles 140g,Snacks,13
2024-11-25,P003,Maggi Noodles 140g,Snacks,15
2024-11-26,P003,Maggi Noodles 140g,Snacks,14
2024-11-27,P003,Maggi Noodles 140g,Snacks,14
2024-11-28,P003,Maggi Noodles 140g,Snacks,15
2024-11-29,P003,Maggi Noodles 140g,Snacks,13
2024-11-30,P003,Maggi Noodles 140g,Snacks,12
2024-12-01,P003,Maggi Noodles 140g,Snacks,11
2024-12-02,P003,Maggi Noodles 140g,Snacks,13
2024-12-03,P003,Maggi Noodles 140g,Snacks,18
2024-12-04,P003,Maggi Noodles 140g,Snacks,19
2024-12-05,P003,Maggi Noodles 140g,Snacks,8
2024-12-06,P003,Maggi Noodles 140g,Snacks,17
2024-12-07,P003,Maggi Noodles 140g,Snacks,17
2024-12-08,P003,Maggi Noodles 140g,Snacks,7
2024-12-09,P003,Maggi Noodles 140g,Snacks,18
2024-12-10,P003,Maggi Noodles 140g,Snacks,20
2024-12-11,P003,Maggi Noodles 140g,Snacks,18
2024-12-12,P003,Maggi Noodles 140g,Snacks,10
2024-12-13,P003,Maggi Noodles 140g,Snacks,16
2024-12-14,P003,Maggi Noodles 140g,Snacks,13
2024-12-15,P003,Maggi Noodles 140g,Snacks,15
2024-12-16,P003,Maggi Noodles 140g,Snacks,21
2024-12-17,P003,Maggi Noodles 140g,Snacks,18
2024-12-18,P003,Maggi Noodles 140g,Snacks,15
2024-12-19,P003,Maggi Noodles 140g,Snacks,13
2024-12-20,P003,Maggi Noodles 140g,Snacks,11
2024-12-21,P003,Maggi Noodles 140g,Snacks,15
2024-12-22,P003,Maggi Noodles 140g,Snacks,11
2024-12-23,P003,Maggi Noodles 140g,Snacks,14
2024-12-24,P003,Maggi Noodles 140g,Snacks,14
2024-12-25,P003,Maggi Noodles 140g,Snacks,17
2024-12-26,P003,Maggi Noodles 140g,Snacks,14
2024-12-27,P003,Maggi Noodles 140g,Snacks,6
2024-12-28,P003,Maggi Noodles 140g,Snacks,14
2024-12-29,P003,Maggi Noodles 140g,Snacks,13
2024-12-30,P003,Maggi Noodles 140g,Snacks,13
2024-12-31,P003,Maggi Noodles 140g,Snacks,23
2025-01-01,P003,Maggi Noodles 140g,Snacks,20
2025-01-02,P003,Maggi Noodles 140g,Snacks,11
2025-01-03,P003,Maggi Noodles 140g,Snacks,16
2025-01-04,P003,Maggi Noodles 140g,Snacks,17
2025-01-05,P003,Maggi Noodles 140g,Snacks,14
2025-01-06,P003,Maggi Noodles 140g,Snacks,16
2025-01-07,P003,Maggi Noodles 140g,Snacks,19
2025-01-08,P003,Maggi Noodles 140g,Snacks,12
2025-01-09,P003,Maggi Noodles 140g,Snacks,13
2025-01-10,P003,Maggi Noodles 140g,Snacks,13
2025-01-11,P003,Maggi Noodles 140g,Snacks,17
2025-01-12,P003,Maggi Noodles 140g,Snacks,14
2025-01-13,P003,Maggi Noodles 140g,Snacks,14
2025-01-14,P003,Maggi Noodles 140g,Snacks,18
2025-01-15,P003,Maggi Noodles 140g,Snacks,20
2025-01-16,P003,Maggi Noodles 140g,Snacks,13
2025-01-17,P003,Maggi Noodles 140g,Snacks,12
2025-01-18,P003,Maggi Noodles 140g,Snacks,13
2025-01-19,P003,Maggi Noodles 140g,Snacks,16
2025-01-20,P003,Maggi Noodles 140g,Snacks,16
2025-01-21,P003,Maggi Noodles 140g,Snacks,18
2025-01-22,P003,Maggi Noodles 140g,Snacks,18
2025-01-23,P003,Maggi Noodles 140g,Snacks,12
2025-01-24,P003,Maggi Noodles 140g,Snacks,13
2025-01-25,P003,Maggi Noodles 140g,Snacks,12
2025-01-26,P003,Maggi Noodles 140g,Snacks,13
2025-01-27,P003,Maggi Noodles 140g,Snacks,18
2025-01-28,P003,Maggi Noodles 140g,Snacks,15
2025-01-29,P003,Maggi Noodles 140g,Snacks,16
2025-01-30,P003,Maggi Noodles 140g,Snacks,10
2025-01-31,P003,Maggi Noodles 140g,Snacks,10
2025-02-01,P003,Maggi Noodles 140g,Snacks,13
2025-02-02,P003,Maggi Noodles 140g,Snacks,12
2025-02-03,P003,Maggi Noodles 140g,Snacks,20
2025-02-04,P003,Maggi Noodles 140g,Snacks,17
2025-02-05,P003,Maggi Noodles 140g,Snacks,55
2025-02-06,P003,Maggi Noodles 140g,Snacks,16
2025-02-07,P003,Maggi Noodles 140g,Snacks,13
2025-02-08,P003,Maggi Noodles 140g,Snacks,19
2025-02-09,P003,Maggi Noodles 140g,Snacks,14
2025-02-10,P003,Maggi Noodles 140g,Snacks,19
2025-02-11,P003,Maggi Noodles 140g,Snacks,22
2025-02-12,P003,Maggi Noodles 140g,Snacks,19
2025-02-13,P003,Maggi Noodles 140g,Snacks,16
2025-02-14,P003,Maggi Noodles 140g,Snacks,15
2025-02-15,P003,Maggi Noodles 140g,Snacks,11
2025-02-16,P003,Maggi Noodles 140g,Snacks,14
2025-02-17,P003,Maggi Noodles 140g,Snacks,18
2025-02-18,P003,Maggi Noodles 140g,Snacks,22
2025-02-19,P003,Maggi Noodles 140g,Snacks,16
2025-02-20,P003,Maggi Noodles 140g,Snacks,54
2025-02-21,P003,Maggi Noodles 140g,Snacks,14
2025-02-22,P003,Maggi Noodles 140g,Snacks,13
2025-02-23,P003,Maggi Noodles 140g,Snacks,15
2025-02-24,P003,Maggi Noodles 140g,Snacks,16
2025-02-25,P003,Maggi Noodles 140g,Snacks,19
2025-02-26,P003,Maggi Noodles 140g,Snacks,22
2025-02-27,P003,Maggi Noodles 140g,Snacks,16
2025-02-28,P003,Maggi Noodles 140g,Snacks,15
2025-03-01,P003,Maggi Noodles 140g,Snacks,19
2025-03-02,P003,Maggi Noodles 140g,Snacks,17
2025-03-03,P003,Maggi Noodles 140g,Snacks,15
2025-03-04,P003,Maggi Noodles 140g,Snacks,15
2025-03-05,P003,Maggi Noodles 140g,Snacks,15
2025-03-06,P003,Maggi Noodles 140g,Snacks,16
2025-03-07,P003,Maggi Noodles 140g,Snacks,12
2025-03-08,P003,Maggi Noodles 140g,Snacks,11
2025-03-09,P003,Maggi Noodles 140g,Snacks,12
2025-03-10,P003,Maggi Noodles 140g,Snacks,13
2025-03-11,P003,Maggi Noodles 140g,Snacks,20
2025-03-12,P003,Maggi Noodles 140g,Snacks,18
2025-03-13,P003,Maggi Noodles 140g,Snacks,10
2025-03-14,P003,Maggi Noodles 140g,Snacks,14
2025-03-15,P003,Maggi Noodles 140g,Snacks,14
2025-03-16,P003,Maggi Noodles 140g,Snacks,13
2025-03-17,P003,Maggi Noodles 140g,Snacks,18
2025-03-18,P003,Maggi Noodles 140g,Snacks,17
2025-03-19,P003,Maggi Noodles 140g,Snacks,21
2025-03-20,P003,Maggi Noodles 140g,Snacks,15
2025-03-21,P003,Maggi Noodles 140g,Snacks,16
2025-03-22,P003,Maggi Noodles 140g,Snacks,11
2025-03-23,P003,Maggi Noodles 140g,Snacks,14
2025-03-24,P003,Maggi Noodles 140g,Snacks,15
2025-03-25,P003,Maggi Noodles 140g,Snacks,14
2025-03-26,P003,Maggi Noodles 140g,Snacks,21
2025-03-27,P003,Maggi Noodles 140g,Snacks,12
2025-03-28,P003,Maggi Noodles 140g,Snacks,12
2025-03-29,P003,Maggi Noodles 140g,Snacks,11
2025-03-30,P003,Maggi Noodles 140g,Snacks,16
2025-03-31,P003,Maggi Noodles 140g,Snacks,11
2025-04-01,P003,Maggi Noodles 140g,Snacks,20
2025-04-02,P003,Maggi Noodles 140g,Snacks,21
2025-04-03,P003,Maggi Noodles 140g,Snacks,15
2025-04-04,P003,Maggi Noodles 140g,Snacks,16
2025-04-05,P003,Maggi Noodles 140g,Snacks,16
2025-04-06,P003,Maggi Noodles 140g,Snacks,11
2025-04-07,P003,Maggi Noodles 140g,Snacks,19
2025-04-08,P003,Maggi Noodles 140g,Snacks,59
2025-04-09,P003,Maggi Noodles 140g,Snacks,18
2025-04-10,P003,Maggi Noodles 140g,Snacks,13
2025-04-11,P003,Maggi Noodles 140g,Snacks,15
2025-04-12,P003,Maggi Noodles 140g,Snacks,12
2025-04-13,P003,Maggi Noodles 140g,Snacks,14
2025-04-14,P003,Maggi Noodles 140g,Snacks,12
2025-04-15,P003,Maggi Noodles 140g,Snacks,21
2025-04-16,P003,Maggi Noodles 140g,Snacks,20
2025-04-17,P003,Maggi Noodles 140g,Snacks,13
2025-04-18,P003,Maggi Noodles 140g,Snacks,13
2025-04-19,P003,Maggi Noodles 140g,Snacks,16
2025-04-20,P003,Maggi Noodles 140g,Snacks,12
2025-04-21,P003,Maggi Noodles 140g,Snacks,16
2025-04-22,P003,Maggi Noodles 140g,Snacks,21
2025-04-23,P003,Maggi Noodles 140g,Snacks,16
2025-04-24,P003,Maggi Noodles 140g,Snacks,15
2025-04-25,P003,Maggi Noodles 140g,Snacks,15
2025-04-26,P003,Maggi Noodles 140g,Snacks,14
2025-04-27,P003,Maggi Noodles 140g,Snacks,13
2025-04-28,P003,Maggi Noodles 140g,Snacks,19
2025-04-29,P003,Maggi Noodles 140g,Snacks,17
2025-04-30,P003,Maggi Noodles 140g,Snacks,14
2025-05-01,P003,Maggi Noodles 140g,Snacks,16
2025-05-02,P003,Maggi Noodles 140g,Snacks,11
2025-05-03,P003,Maggi Noodles 140g,Snacks,16
2025-05-04,P003,Maggi Noodles 140g,Snacks,17
2025-05-05,P003,Maggi Noodles 140g,Snacks,17
2025-05-06,P003,Maggi Noodles 140g,Snacks,21
2025-05-07,P003,Maggi Noodles 140g,Snacks,24
2025-05-08,P003,Maggi Noodles 140g,Snacks,16
2025-05-09,P003,Maggi Noodles 140g,Snacks,42
2025-05-10,P003,Maggi Noodles 140g,Snacks,18
2025-05-11,P003,Maggi Noodles 140g,Snacks,19
2025-05-12,P003,Maggi Noodles 140g,Snacks,20
2025-05-13,P003,Maggi Noodles 140g,Snacks,17
2025-05-14,P003,Maggi Noodles 140g,Snacks,15
2025-05-15,P003,Maggi Noodles 140g,Snacks,13
2025-05-16,P003,Maggi Noodles 140g,Snacks,16
2025-05-17,P003,Maggi Noodles 140g,Snacks,14
2025-05-18,P003,Maggi Noodles 140g,Snacks,58
2025-05-19,P003,Maggi Noodles 140g,Snacks,17
2025-05-20,P003,Maggi Noodles 140g,Snacks,15
2025-05-21,P003,Maggi Noodles 140g,Snacks,19
2025-05-22,P003,Maggi Noodles 140g,Snacks,17
2025-05-23,P003,Maggi Noodles 140g,Snacks,15
2025-05-24,P003,Maggi Noodles 140g,Snacks,16
2025-05-25,P003,Maggi Noodles 140g,Snacks,18
2025-05-26,P003,Maggi Noodles 140g,Snacks,15
2025-05-27,P003,Maggi Noodles 140g,Snacks,17
2025-05-28,P003,Maggi Noodles 140g,Snacks,21
2025-05-29,P003,Maggi Noodles 140g,Snacks,17
2025-05-30,P003,Maggi Noodles 140g,Snacks,15
2025-05-31,P003,Maggi Noodles 140g,Snacks,14
2025-06-01,P003,Maggi Noodles 140g,Snacks,14
2025-06-02,P003,Maggi Noodles 140g,Snacks,12
2025-06-03,P003,Maggi Noodles 140g,Snacks,21
2025-06-04,P003,Maggi Noodles 140g,Snacks,21
2025-06-05,P003,Maggi Noodles 140g,Snacks,11
2025-06-06,P003,Maggi Noodles 140g,Snacks,16
2025-06-07,P003,Maggi Noodles 140g,Snacks,15
2025-06-08,P003,Maggi Noodles 140g,Snacks,11
2025-06-09,P003,Maggi Noodles 140g,Snacks,12
2025-06-10,P003,Maggi Noodles 140g,Snacks,19
2025-06-11,P003,Maggi Noodles 140g,Snacks,17
2025-06-12,P003,Maggi Noodles 140g,Snacks,19
2025-06-13,P003,Maggi Noodles 140g,Snacks,17
2025-06-14,P003,Maggi Noodles 140g,Snacks,15
2025-06-15,P003,Maggi Noodles 140g,Snacks,15
2025-06-16,P003,Maggi Noodles 140g,Snacks,19
2025-06-17,P003,Maggi Noodles 140g,Snacks,21
2025-06-18,P003,Maggi Noodles 140g,Snacks,20
2025-06-19,P003,Maggi Noodles 140g,Snacks,12
2025-06-20,P003,Maggi Noodles 140g,Snacks,44
2025-06-21,P003,Maggi Noodles 140g,Snacks,11
2025-06-22,P003,Maggi Noodles 140g,Snacks,13
2025-06-23,P003,Maggi Noodles 140g,Snacks,11
2025-06-24,P003,Maggi Noodles 140g,Snacks,20
2025-06-25,P003,Maggi Noodles 140g,Snacks,19
2025-06-26,P003,Maggi Noodles 140g,Snacks,16
2025-06-27,P003,Maggi Noodles 140g,Snacks,10
2025-06-28,P003,Maggi Noodles 140g,Snacks,17
2025-06-29,P003,Maggi Noodles 140g,Snacks,12
2025-06-30,P003,Maggi Noodles 140g,Snacks,15
2025-07-01,P003,Maggi Noodles 140g,Snacks,21
2025-07-02,P003,Maggi Noodles 140g,Snacks,19
2025-07-03,P003,Maggi Noodles 140g,Snacks,15
2025-07-04,P003,Maggi Noodles 140g,Snacks,16
2025-07-05,P003,Maggi Noodles 140g,Snacks,15
2025-07-06,P003,Maggi Noodles 140g,Snacks,13
2025-07-07,P003,Maggi Noodles 140g,Snacks,15
2025-07-08,P003,Maggi Noodles 140g,Snacks,19
2025-07-09,P003,Maggi Noodles 140g,Snacks,16
2025-07-10,P003,Maggi Noodles 140g,Snacks,17
2025-07-11,P003,Maggi Noodles 140g,Snacks,15
2025-07-12,P003,Maggi Noodles 140g,Snacks,14
2025-07-13,P003,Maggi Noodles 140g,Snacks,17
2025-07-14,P003,Maggi Noodles 140g,Snacks,15
2025-07-15,P003,Maggi Noodles 140g,Snacks,18
2025-07-16,P003,Maggi Noodles 140g,Snacks,17
2025-07-17,P003,Maggi Noodles 140g,Snacks,15
2025-07-18,P003,Maggi Noodles 140g,Snacks,15
2025-07-19,P003,Maggi Noodles 140g,Snacks,12
2025-07-20,P003,Maggi Noodles 140g,Snacks,14
2025-07-21,P003,Maggi Noodles 140g,Snacks,14
2025-07-22,P003,Maggi Noodles 140g,Snacks,17
2025-07-23,P003,Maggi Noodles 140g,Snacks,14
2025-07-24,P003,Maggi Noodles 140g,Snacks,14
2025-07-25,P003,Maggi Noodles 140g,Snacks,10
2025-07-26,P003,Maggi Noodles 140g,Snacks,13
2025-07-27,P003,Maggi Noodles 140g,Snacks,13
2025-07-28,P003,Maggi Noodles 140g,Snacks,18
2025-07-29,P003,Maggi Noodles 140g,Snacks,16
2025-07-30,P003,Maggi Noodles 140g,Snacks,17
2025-07-31,P003,Maggi Noodles 140g,Snacks,13
2025-08-01,P003,Maggi Noodles 140g,Snacks,13
2025-08-02,P003,Maggi Noodles 140g,Snacks,18
2025-08-03,P003,Maggi Noodles 140g,Snacks,11
2025-08-04,P003,Maggi Noodles 140g,Snacks,15
2025-08-05,P003,Maggi Noodles 140g,Snacks,20
2025-08-06,P003,Maggi Noodles 140g,Snacks,59
2025-08-07,P003,Maggi Noodles 140g,Snacks,13
2025-08-08,P003,Maggi Noodles 140g,Snacks,9
2025-08-09,P003,Maggi Noodles 140g,Snacks,14
2025-08-10,P003,Maggi Noodles 140g,Snacks,18
2025-08-11,P003,Maggi Noodles 140g,Snacks,16
2025-08-12,P003,Maggi Noodles 140g,Snacks,19
2025-08-13,P003,Maggi Noodles 140g,Snacks,16
2025-08-14,P003,Maggi Noodles 140g,Snacks,11
2025-08-15,P003,Maggi Noodles 140g,Snacks,14
2025-08-16,P003,Maggi Noodles 140g,Snacks,11
2025-08-17,P003,Maggi Noodles 140g,Snacks,16
2025-08-18,P003,Maggi Noodles 140g,Snacks,14
2025-08-19,P003,Maggi Noodles 140g,Snacks,19
2025-08-20,P003,Maggi Noodles 140g,Snacks,14
2025-08-21,P003,Maggi Noodles 140g,Snacks,13
2025-08-22,P003,Maggi Noodles 140g,Snacks,11
2025-08-23,P003,Maggi Noodles 140g,Snacks,8
2025-08-24,P003,Maggi Noodles 140g,Snacks,16
2025-08-25,P003,Maggi Noodles 140g,Snacks,20
2025-08-26,P003,Maggi Noodles 140g,Snacks,22
2025-08-27,P003,Maggi Noodles 140g,Snacks,21
2025-08-28,P003,Maggi Noodles 140g,Snacks,13
2025-08-29,P003,Maggi Noodles 140g,Snacks,16
2025-08-30,P003,Maggi Noodles 140g,Snacks,18
2025-08-31,P003,Maggi Noodles 140g,Snacks,15
2025-09-01,P003,Maggi Noodles 140g,Snacks,13
2025-09-02,P003,Maggi Noodles 140g,Snacks,18
2025-09-03,P003,Maggi Noodles 140g,Snacks,23
2025-09-04,P003,Maggi Noodles 140g,Snacks,14
2025-09-05,P003,Maggi Noodles 140g,Snacks,6
2025-09-06,P003,Maggi Noodles 140g,Snacks,11
2025-09-07,P003,Maggi Noodles 140g,Snacks,13
2025-09-08,P003,Maggi Noodles 140g,Snacks,19
2025-09-09,P003,Maggi Noodles 140g,Snacks,18
2025-09-10,P003,Maggi Noodles 140g,Snacks,22
2025-09-11,P003,Maggi Noodles 140g,Snacks,13
2025-09-12,P003,Maggi Noodles 140g,Snacks,9
2025-09-13,P003,Maggi Noodles 140g,Snacks,13
2025-09-14,P003,Maggi Noodles 140g,Snacks,15
2025-09-15,P003,Maggi Noodles 140g,Snacks,17
2025-09-16,P003,Maggi Noodles 140g,Snacks,16
2025-09-17,P003,Maggi Noodles 140g,Snacks,18
2025-09-18,P003,Maggi Noodles 140g,Snacks,21
2025-09-19,P003,Maggi Noodles 140g,Snacks,11
2025-09-20,P003,Maggi Noodles 140g,Snacks,16
2025-09-21,P003,Maggi Noodles 140g,Snacks,9
2025-09-22,P003,Maggi Noodles 140g,Snacks,18
2025-09-23,P003,Maggi Noodles 140g,Snacks,17
2025-09-24,P003,Maggi Noodles 140g,Snacks,20
2025-09-25,P003,Maggi Noodles 140g,Snacks,11
2025-09-26,P003,Maggi Noodles 140g,Snacks,15
2025-09-27,P003,Maggi Noodles 140g,Snacks,12
2025-09-28,P003,Maggi Noodles 140g,Snacks,13
2025-09-29,P003,Maggi Noodles 140g,Snacks,17
2025-09-30,P003,Maggi Noodles 140g,Snacks,18
2025-10-01,P003,Maggi Noodles 140g,Snacks,20
2025-10-02,P003,Maggi Noodles 140g,Snacks,14
2025-10-03,P003,Maggi Noodles 140g,Snacks,15
2025-10-04,P003,Maggi Noodles 140g,Snacks,16
2025-10-05,P003,Maggi Noodles 140g,Snacks,14
2025-10-06,P003,Maggi Noodles 140g,Snacks,13
2025-10-07,P003,Maggi Noodles 140g,Snacks,18
2025-10-08,P003,Maggi Noodles 140g,Snacks,22
2025-10-09,P003,Maggi Noodles 140g,Snacks,15
2025-10-10,P003,Maggi Noodles 140g,Snacks,12
2025-10-11,P003,Maggi Noodles 140g,Snacks,16
2025-10-12,P003,Maggi Noodles 140g,Snacks,16
2025-10-13,P003,Maggi Noodles 140g,Snacks,17
2025-10-14,P003,Maggi Noodles 140g,Snacks,16
2025-10-15,P003,Maggi Noodles 140g,Snacks,17
2025-10-16,P003,Maggi Noodles 140g,Snacks,13
2025-10-17,P003,Maggi Noodles 140g,Snacks,14
2025-10-18,P003,Maggi Noodles 140g,Snacks,16
2025-10-19,P003,Maggi Noodles 140g,Snacks,15
2025-10-20,P003,Maggi Noodles 140g,Snacks,17
2025-10-21,P003,Maggi Noodles 140g,Snacks,23
2025-10-22,P003,Maggi Noodles 140g,Snacks,21
2025-10-23,P003,Maggi Noodles 140g,Snacks,14
2025-10-24,P003,Maggi Noodles 140g,Snacks,11
2025-10-25,P003,Maggi Noodles 140g,Snacks,13
2025-10-26,P003,Maggi Noodles 140g,Snacks,14
2025-10-27,P003,Maggi Noodles 140g,Snacks,18
2025-10-28,P003,Maggi Noodles 140g,Snacks,19
2025-10-29,P003,Maggi Noodles 140g,Snacks,17
2025-10-30,P003,Maggi Noodles 140g,Snacks,13
2025-10-31,P003,Maggi Noodles 140g,Snacks,14
2025-11-01,P003,Maggi Noodles 140g,Snacks,17
2025-11-02,P003,Maggi Noodles 140g,Snacks,19
2025-11-03,P003,Maggi Noodles 140g,Snacks,16
2025-11-04,P003,Maggi Noodles 140g,Snacks,19
2025-11-05,P003,Maggi Noodles 140g,Snacks,16
2025-11-06,P003,Maggi Noodles 140g,Snacks,20
2025-11-07,P003,Maggi Noodles 140g,Snacks,11
2025-11-08,P003,Maggi Noodles 140g,Snacks,18
2025-11-09,P003,Maggi Noodles 140g,Snacks,14
2025-11-10,P003,Maggi Noodles 140g,Snacks,15
2025-11-11,P003,Maggi Noodles 140g,Snacks,16
2025-11-12,P003,Maggi Noodles 140g,Snacks,25
2025-11-13,P003,Maggi Noodles 140g,Snacks,15
2025-11-14,P003,Maggi Noodles 140g,Snacks,15
2025-11-15,P003,Maggi Noodles 140g,Snacks,17
2025-11-16,P003,Maggi Noodles 140g,Snacks,13
2025-11-17,P003,Maggi Noodles 140g,Snacks,16
2025-11-18,P003,Maggi Noodles 140g,Snacks,19
2025-11-19,P003,Maggi Noodles 140g,Snacks,18
2025-11-20,P003,Maggi Noodles 140g,Snacks,18
2025-11-21,P003,Maggi Noodles 140g,Snacks,14
2025-11-22,P003,Maggi Noodles 140g,Snacks,11
2025-11-23,P003,Maggi Noodles 140g,Snacks,14
2025-11-24,P003,Maggi Noodles 140g,Snacks,17
2025-11-25,P003,Maggi Noodles 140g,Snacks,17
2025-11-26,P003,Maggi Noodles 140g,Snacks,17
2025-11-27,P003,Maggi Noodles 140g,Snacks,13
2025-11-28,P003,Maggi Noodles 140g,Snacks,58
2025-11-29,P003,Maggi Noodles 140g,Snacks,13
2025-11-30,P003,Maggi Noodles 140g,Snacks,18
2025-12-01,P003,Maggi Noodles 140g,Snacks,15
2025-12-02,P003,Maggi Noodles 140g,Snacks,20
2025-12-03,P003,Maggi Noodles 140g,Snacks,18
2025-12-04,P003,Maggi Noodles 140g,Snacks,17
2025-12-05,P003,Maggi Noodles 140g,Snacks,12
2025-12-06,P003,Maggi Noodles 140g,Snacks,17
2025-12-07,P003,Maggi Noodles 140g,Snacks,15
2025-12-08,P003,Maggi Noodles 140g,Snacks,15
2025-12-09,P003,Maggi Noodles 140g,Snacks,19
2025-12-10,P003,Maggi Noodles 140g,Snacks,23
2025-12-11,P003,Maggi Noodles 140g,Snacks,15
2025-12-12,P003,Maggi Noodles 140g,Snacks,13
2025-12-13,P003,Maggi Noodles 140g,Snacks,12
2025-12-14,P003,Maggi Noodles 140g,Snacks,16
2025-12-15,P003,Maggi Noodles 140g,Snacks,17
2025-12-16,P003,Maggi Noodles 140g,Snacks,21
2025-12-17,P003,Maggi Noodles 140g,Snacks,16
2025-12-18,P003,Maggi Noodles 140g,Snacks,12
2025-12-19,P003,Maggi Noodles 140g,Snacks,18
2025-12-20,P003,Maggi Noodles 140g,Snacks,16
2025-12-21,P003,Maggi Noodles 140g,Snacks,16
2025-12-22,P003,Maggi Noodles 140g,Snacks,14
2025-12-23,P003,Maggi Noodles 140g,Snacks,17
2025-12-24,P003,Maggi Noodles 140g,Snacks,22
2025-12-25,P003,Maggi Noodles 140g,Snacks,17
2025-12-26,P003,Maggi Noodles 140g,Snacks,12
2025-12-27,P003,Maggi Noodles 140g,Snacks,11
2025-12-28,P003,Maggi Noodles 140g,Snacks,14
2025-12-29,P003,Maggi Noodles 140g,Snacks,14
2025-12-30,P003,Maggi Noodles 140g,Snacks,17
2025-12-31,P003,Maggi Noodles 140g,Snacks,16
2026-01-01,P003,Maggi Noodles 140g,Snacks,14
2026-01-02,P003,Maggi Noodles 140g,Snacks,12
2026-01-03,P003,Maggi Noodles 140g,Snacks,12
2026-01-04,P003,Maggi Noodles 140g,Snacks,16
2026-01-05,P003,Maggi Noodles 140g,Snacks,16
2026-01-06,P003,Maggi Noodles 140g,Snacks,21
2026-01-07,P003,Maggi Noodles 140g,Snacks,15
2026-01-08,P003,Maggi Noodles 140g,Snacks,15
2026-01-09,P003,Maggi Noodles 140g,Snacks,20
2026-01-10,P003,Maggi Noodles 140g,Snacks,14
2026-01-11,P003,Maggi Noodles 140g,Snacks,17
2026-01-12,P003,Maggi Noodles 140g,Snacks,18
2026-01-13,P003,Maggi Noodles 140g,Snacks,22
2026-01-14,P003,Maggi Noodles 140g,Snacks,20
2026-01-15,P003,Maggi Noodles 140g,Snacks,16
2026-01-16,P003,Maggi Noodles 140g,Snacks,17
2026-01-17,P003,Maggi Noodles 140g,Snacks,17
2026-01-18,P003,Maggi Noodles 140g,Snacks,12
2026-01-19,P003,Maggi Noodles 140g,Snacks,12
2026-01-20,P003,Maggi Noodles 140g,Snacks,15
2026-01-21,P003,Maggi Noodles 140g,Snacks,19
2026-01-22,P003,Maggi Noodles 140g,Snacks,16
2026-01-23,P003,Maggi Noodles 140g,Snacks,12
2026-01-24,P003,Maggi Noodles 140g,Snacks,17
2026-01-25,P003,Maggi Noodles 140g,Snacks,14
2026-01-26,P003,Maggi Noodles 140g,Snacks,15
2026-01-27,P003,Maggi Noodles 140g,Snacks,17
2026-01-28,P003,Maggi Noodles 140g,Snacks,15
2026-01-29,P003,Maggi Noodles 140g,Snacks,15
2026-01-30,P003,Maggi Noodles 140g,Snacks,19
2026-01-31,P003,Maggi Noodles 140g,Snacks,15
2026-02-01,P003,Maggi Noodles 140g,Snacks,10
2026-02-02,P003,Maggi Noodles 140g,Snacks,18
2026-02-03,P003,Maggi Noodles 140g,Snacks,15
2026-02-04,P003,Maggi Noodles 140g,Snacks,16
2026-02-05,P003,Maggi Noodles 140g,Snacks,14
2026-02-06,P003,Maggi Noodles 140g,Snacks,15
2026-02-07,P003,Maggi Noodles 140g,Snacks,12
2026-02-08,P003,Maggi Noodles 140g,Snacks,14
2026-02-09,P003,Maggi Noodles 140g,Snacks,18
2026-02-10,P003,Maggi Noodles 140g,Snacks,22
2026-02-11,P003,Maggi Noodles 140g,Snacks,23
2026-02-12,P003,Maggi Noodles 140g,Snacks,20
2026-02-13,P003,Maggi Noodles 140g,Snacks,17
2026-02-14,P003,Maggi Noodles 140g,Snacks,14
2026-02-15,P003,Maggi Noodles 140g,Snacks,17
2026-02-16,P003,Maggi Noodles 140g,Snacks,18
2026-02-17,P003,Maggi Noodles 140g,Snacks,21
2026-02-18,P003,Maggi Noodles 140g,Snacks,20
2026-02-19,P003,Maggi Noodles 140g,Snacks,13
2026-02-20,P003,Maggi Noodles 140g,Snacks,12
2026-02-21,P003,Maggi Noodles 140g,Snacks,15
2026-02-22,P003,Maggi Noodles 140g,Snacks,15
2026-02-23,P003,Maggi Noodles 140g,Snacks,15
2026-02-24,P003,Maggi Noodles 140g,Snacks,21
2026-02-25,P003,Maggi Noodles 140g,Snacks,25
2026-02-26,P003,Maggi Noodles 140g,Snacks,10
2026-02-27,P003,Maggi Noodles 140g,Snacks,17
2026-02-28,P003,Maggi Noodles 140g,Snacks,15
2026-03-01,P003,Maggi Noodles 140g,Snacks,16
2026-03-02,P003,Maggi Noodles 140g,Snacks,15
2026-03-03,P003,Maggi Noodles 140g,Snacks,19
2026-03-04,P003,Maggi Noodles 140g,Snacks,20
2026-03-05,P003,Maggi Noodles 140g,Snacks,14
2026-03-06,P003,Maggi Noodles 140g,Snacks,11
2026-03-07,P003,Maggi Noodles 140g,Snacks,14
2026-03-08,P003,Maggi Noodles 140g,Snacks,11
2026-03-09,P003,Maggi Noodles 140g,Snacks,18
2026-03-10,P003,Maggi Noodles 140g,Snacks,15
2026-03-11,P003,Maggi Noodles 140g,Snacks,22
2026-03-12,P003,Maggi Noodles 140g,Snacks,16
2026-03-13,P003,Maggi Noodles 140g,Snacks,16
2026-03-14,P003,Maggi Noodles 140g,Snacks,9
2026-03-15,P003,Maggi Noodles 140g,Snacks,14
2026-03-16,P003,Maggi Noodles 140g,Snacks,20
2026-03-17,P003,Maggi Noodles 140g,Snacks,18
2026-03-18,P003,Maggi Noodles 140g,Snacks,17
2026-03-19,P003,Maggi Noodles 140g,Snacks,13
2026-03-20,P003,Maggi Noodles 140g,Snacks,15
2026-03-21,P003,Maggi Noodles 140g,Snacks,13
2026-03-22,P003,Maggi Noodles 140g,Snacks,18
2026-03-23,P003,Maggi Noodles 140g,Snacks,16
2026-03-24,P003,Maggi Noodles 140g,Snacks,18
2026-03-25,P003,Maggi Noodles 140g,Snacks,16
2026-03-26,P003,Maggi Noodles 140g,Snacks,16
2026-03-27,P003,Maggi Noodles 140g,Snacks,16
2026-03-28,P003,Maggi Noodles 140g,Snacks,13
2024-03-28,P004,Amul Butter 100g,Dairy,9
2024-03-29,P004,Amul Butter 100g,Dairy,20
2024-03-30,P004,Amul Butter 100g,Dairy,26
2024-03-31,P004,Amul Butter 100g,Dairy,15
2024-04-01,P004,Amul Butter 100g,Dairy,17
2024-04-02,P004,Amul Butter 100g,Dairy,13
2024-04-03,P004,Amul Butter 100g,Dairy,26
2024-04-04,P004,Amul Butter 100g,Dairy,20
2024-04-05,P004,Amul Butter 100g,Dairy,11
2024-04-06,P004,Amul Butter 100g,Dairy,10
2024-04-07,P004,Amul Butter 100g,Dairy,10
2024-04-08,P004,Amul Butter 100g,Dairy,20
2024-04-09,P004,Amul Butter 100g,Dairy,24
2024-04-10,P004,Amul Butter 100g,Dairy,19
2024-04-11,P004,Amul Butter 100g,Dairy,18
2024-04-12,P004,Amul Butter 100g,Dairy,17
2024-04-13,P004,Amul Butter 100g,Dairy,15
2024-04-14,P004,Amul Butter 100g,Dairy,20
2024-04-15,P004,Amul Butter 100g,Dairy,14
2024-04-16,P004,Amul Butter 100g,Dairy,26
2024-04-17,P004,Amul Butter 100g,Dairy,19
2024-04-18,P004,Amul Butter 100g,Dairy,23
2024-04-19,P004,Amul Butter 100g,Dairy,13
2024-04-20,P004,Amul Butter 100g,Dairy,15
2024-04-21,P004,Amul Butter 100g,Dairy,17
2024-04-22,P004,Amul Butter 100g,Dairy,19
2024-04-23,P004,Amul Butter 100g,Dairy,23
2024-04-24,P004,Amul Butter 100g,Dairy,17
2024-04-25,P004,Amul Butter 100g,Dairy,17
2024-04-26,P004,Amul Butter 100g,Dairy,17
2024-04-27,P004,Amul Butter 100g,Dairy,15
2024-04-28,P004,Amul Butter 100g,Dairy,18
2024-04-29,P004,Amul Butter 100g,Dairy,14
2024-04-30,P004,Amul Butter 100g,Dairy,21
2024-05-01,P004,Amul Butter 100g,Dairy,19
2024-05-02,P004,Amul Butter 100g,Dairy,16
2024-05-03,P004,Amul Butter 100g,Dairy,22
2024-05-04,P004,Amul Butter 100g,Dairy,22
2024-05-05,P004,Amul Butter 100g,Dairy,21
2024-05-06,P004,Amul Butter 100g,Dairy,17
2024-05-07,P004,Amul Butter 100g,Dairy,25
2024-05-08,P004,Amul Butter 100g,Dairy,22
2024-05-09,P004,Amul Butter 100g,Dairy,17
2024-05-10,P004,Amul Butter 100g,Dairy,16
2024-05-11,P004,Amul Butter 100g,Dairy,23
2024-05-12,P004,Amul Butter 100g,Dairy,21
2024-05-13,P004,Amul Butter 100g,Dairy,21
2024-05-14,P004,Amul Butter 100g,Dairy,21
2024-05-15,P004,Amul Butter 100g,Dairy,22
2024-05-16,P004,Amul Butter 100g,Dairy,19
2024-05-17,P004,Amul Butter 100g,Dairy,15
2024-05-18,P004,Amul Butter 100g,Dairy,20
2024-05-19,P004,Amul Butter 100g,Dairy,14
2024-05-20,P004,Amul Butter 100g,Dairy,20
2024-05-21,P004,Amul Butter 100g,Dairy,14
2024-05-22,P004,Amul Butter 100g,Dairy,20
2024-05-23,P004,Amul Butter 100g,Dairy,24
2024-05-24,P004,Amul Butter 100g,Dairy,20
2024-05-25,P004,Amul Butter 100g,Dairy,22
2024-05-26,P004,Amul Butter 100g,Dairy,15
2024-05-27,P004,Amul Butter 100g,Dairy,46
2024-05-28,P004,Amul Butter 100g,Dairy,26
2024-05-29,P004,Amul Butter 100g,Dairy,24
2024-05-30,P004,Amul Butter 100g,Dairy,19
2024-05-31,P004,Amul Butter 100g,Dairy,22
2024-06-01,P004,Amul Butter 100g,Dairy,13
2024-06-02,P004,Amul Butter 100g,Dairy,16
2024-06-03,P004,Amul Butter 100g,Dairy,13
2024-06-04,P004,Amul Butter 100g,Dairy,18
2024-06-05,P004,Amul Butter 100g,Dairy,26
2024-06-06,P004,Amul Butter 100g,Dairy,14
2024-06-07,P004,Amul Butter 100g,Dairy,19
2024-06-08,P004,Amul Butter 100g,Dairy,22
2024-06-09,P004,Amul Butter 100g,Dairy,16
2024-06-10,P004,Amul Butter 100g,Dairy,20
2024-06-11,P004,Amul Butter 100g,Dairy,25
2024-06-12,P004,Amul Butter 100g,Dairy,18
2024-06-13,P004,Amul Butter 100g,Dairy,15
2024-06-14,P004,Amul Butter 100g,Dairy,13
2024-06-15,P004,Amul Butter 100g,Dairy,15
2024-06-16,P004,Amul Butter 100g,Dairy,19
2024-06-17,P004,Amul Butter 100g,Dairy,17
2024-06-18,P004,Amul Butter 100g,Dairy,22
2024-06-19,P004,Amul Butter 100g,Dairy,19
2024-06-20,P004,Amul Butter 100g,Dairy,21
2024-06-21,P004,Amul Butter 100g,Dairy,15
2024-06-22,P004,Amul Butter 100g,Dairy,22
2024-06-23,P004,Amul Butter 100g,Dairy,17
2024-06-24,P004,Amul Butter 100g,Dairy,14
2024-06-25,P004,Amul Butter 100g,Dairy,22
2024-06-26,P004,Amul Butter 100g,Dairy,19
2024-06-27,P004,Amul Butter 100g,Dairy,19
2024-06-28,P004,Amul Butter 100g,Dairy,16
2024-06-29,P004,Amul Butter 100g,Dairy,17
2024-06-30,P004,Amul Butter 100g,Dairy,16
2024-07-01,P004,Amul Butter 100g,Dairy,17
2024-07-02,P004,Amul Butter 100g,Dairy,19
2024-07-03,P004,Amul Butter 100g,Dairy,25
2024-07-04,P004,Amul Butter 100g,Dairy,16
2024-07-05,P004,Amul Butter 100g,Dairy,16
2024-07-06,P004,Amul Butter 100g,Dairy,16
2024-07-07,P004,Amul Butter 100g,Dairy,15
2024-07-08,P004,Amul Butter 100g,Dairy,18
2024-07-09,P004,Amul Butter 100g,Dairy,54
2024-07-10,P004,Amul Butter 100g,Dairy,19
2024-07-11,P004,Amul Butter 100g,Dairy,14
2024-07-12,P004,Amul Butter 100g,Dairy,22
2024-07-13,P004,Amul Butter 100g,Dairy,16
2024-07-14,P004,Amul Butter 100g,Dairy,15
2024-07-15,P004,Amul Butter 100g,Dairy,14
2024-07-16,P004,Amul Butter 100g,Dairy,25
2024-07-17,P004,Amul Butter 100g,Dairy,19
2024-07-18,P004,Amul Butter 100g,Dairy,17
2024-07-19,P004,Amul Butter 100g,Dairy,11
2024-07-20,P004,Amul Butter 100g,Dairy,20
2024-07-21,P004,Amul Butter 100g,Dairy,21
2024-07-22,P004,Amul Butter 100g,Dairy,20
2024-07-23,P004,Amul Butter 100g,Dairy,17
2024-07-24,P004,Amul Butter 100g,Dairy,25
2024-07-25,P004,Amul Butter 100g,Dairy,14
2024-07-26,P004,Amul Butter 100g,Dairy,13
2024-07-27,P004,Amul Butter 100g,Dairy,16
2024-07-28,P004,Amul Butter 100g,Dairy,16
2024-07-29,P004,Amul Butter 100g,Dairy,17
2024-07-30,P004,Amul Butter 100g,Dairy,27
2024-07-31,P004,Amul Butter 100g,Dairy,29
2024-08-01,P004,Amul Butter 100g,Dairy,12
2024-08-02,P004,Amul Butter 100g,Dairy,15
2024-08-03,P004,Amul Butter 100g,Dairy,18
2024-08-04,P004,Amul Butter 100g,Dairy,16
2024-08-05,P004,Amul Butter 100g,Dairy,20
2024-08-06,P004,Amul Butter 100g,Dairy,26
2024-08-07,P004,Amul Butter 100g,Dairy,25
2024-08-08,P004,Amul Butter 100g,Dairy,19
2024-08-09,P004,Amul Butter 100g,Dairy,23
2024-08-10,P004,Amul Butter 100g,Dairy,43
2024-08-11,P004,Amul Butter 100g,Dairy,22
2024-08-12,P004,Amul Butter 100g,Dairy,17
2024-08-13,P004,Amul Butter 100g,Dairy,25
2024-08-14,P004,Amul Butter 100g,Dairy,19
2024-08-15,P004,Amul Butter 100g,Dairy,14
2024-08-16,P004,Amul Butter 100g,Dairy,19
2024-08-17,P004,Amul Butter 100g,Dairy,11
2024-08-18,P004,Amul Butter 100g,Dairy,21
2024-08-19,P004,Amul Butter 100g,Dairy,23
2024-08-20,P004,Amul Butter 100g,Dairy,23
2024-08-21,P004,Amul Butter 100g,Dairy,23
2024-08-22,P004,Amul Butter 100g,Dairy,14
2024-08-23,P004,Amul Butter 100g,Dairy,19
2024-08-24,P004,Amul Butter 100g,Dairy,18
2024-08-25,P004,Amul Butter 100g,Dairy,14
2024-08-26,P004,Amul Butter 100g,Dairy,18
2024-08-27,P004,Amul Butter 100g,Dairy,22
2024-08-28,P004,Amul Butter 100g,Dairy,21
2024-08-29,P004,Amul Butter 100g,Dairy,13
2024-08-30,P004,Amul Butter 100g,Dairy,20
2024-08-31,P004,Amul Butter 100g,Dairy,16
2024-09-01,P004,Amul Butter 100g,Dairy,17
2024-09-02,P004,Amul Butter 100g,Dairy,17
2024-09-03,P004,Amul Butter 100g,Dairy,24
2024-09-04,P004,Amul Butter 100g,Dairy,44
2024-09-05,P004,Amul Butter 100g,Dairy,21
2024-09-06,P004,Amul Butter 100g,Dairy,19
2024-09-07,P004,Amul Butter 100g,Dairy,17
2024-09-08,P004,Amul Butter 100g,Dairy,15
2024-09-09,P004,Amul Butter 100g,Dairy,22
2024-09-10,P004,Amul Butter 100g,Dairy,22
2024-09-11,P004,Amul Butter 100g,Dairy,22
2024-09-12,P004,Amul Butter 100g,Dairy,17
2024-09-13,P004,Amul Butter 100g,Dairy,16
2024-09-14,P004,Amul Butter 100g,Dairy,17
2024-09-15,P004,Amul Butter 100g,Dairy,24
2024-09-16,P004,Amul Butter 100g,Dairy,16
2024-09-17,P004,Amul Butter 100g,Dairy,20
2024-09-18,P004,Amul Butter 100g,Dairy,27
2024-09-19,P004,Amul Butter 100g,Dairy,16
2024-09-20,P004,Amul Butter 100g,Dairy,16
2024-09-21,P004,Amul Butter 100g,Dairy,21
2024-09-22,P004,Amul Butter 100g,Dairy,13
2024-09-23,P004,Amul Butter 100g,Dairy,22
2024-09-24,P004,Amul Butter 100g,Dairy,23
2024-09-25,P004,Amul Butter 100g,Dairy,24
2024-09-26,P004,Amul Butter 100g,Dairy,19
2024-09-27,P004,Amul Butter 100g,Dairy,15
2024-09-28,P004,Amul Butter 100g,Dairy,21
2024-09-29,P004,Amul Butter 100g,Dairy,15
2024-09-30,P004,Amul Butter 100g,Dairy,21
2024-10-01,P004,Amul Butter 100g,Dairy,27
2024-10-02,P004,Amul Butter 100g,Dairy,27
2024-10-03,P004,Amul Butter 100g,Dairy,16
2024-10-04,P004,Amul Butter 100g,Dairy,19
2024-10-05,P004,Amul Butter 100g,Dairy,16
2024-10-06,P004,Amul Butter 100g,Dairy,26
2024-10-07,P004,Amul Butter 100g,Dairy,22
2024-10-08,P004,Amul Butter 100g,Dairy,23
2024-10-09,P004,Amul Butter 100g,Dairy,24
2024-10-10,P004,Amul Butter 100g,Dairy,19
2024-10-11,P004,Amul Butter 100g,Dairy,19
2024-10-12,P004,Amul Butter 100g,Dairy,17
2024-10-13,P004,Amul Butter 100g,Dairy,16
2024-10-14,P004,Amul Butter 100g,Dairy,19
2024-10-15,P004,Amul Butter 100g,Dairy,19
2024-10-16,P004,Amul Butter 100g,Dairy,25
2024-10-17,P004,Amul Butter 100g,Dairy,15
2024-10-18,P004,Amul Butter 100g,Dairy,14
2024-10-19,P004,Amul Butter 100g,Dairy,17
2024-10-20,P004,Amul Butter 100g,Dairy,17
2024-10-21,P004,Amul Butter 100g,Dairy,20
2024-10-22,P004,Amul Butter 100g,Dairy,21
2024-10-23,P004,Amul Butter 100g,Dairy,22
2024-10-24,P004,Amul Butter 100g,Dairy,20
2024-10-25,P004,Amul Butter 100g,Dairy,20
2024-10-26,P004,Amul Butter 100g,Dairy,19
2024-10-27,P004,Amul Butter 100g,Dairy,18
2024-10-28,P004,Amul Butter 100g,Dairy,20
2024-10-29,P004,Amul Butter 100g,Dairy,24
2024-10-30,P004,Amul Butter 100g,Dairy,21
2024-10-31,P004,Amul Butter 100g,Dairy,23
2024-11-01,P004,Amul Butter 100g,Dairy,22
2024-11-02,P004,Amul Butter 100g,Dairy,20
2024-11-03,P004,Amul Butter 100g,Dairy,16
2024-11-04,P004,Amul Butter 100g,Dairy,41
2024-11-05,P004,Amul Butter 100g,Dairy,26
2024-11-06,P004,Amul Butter 100g,Dairy,19
2024-11-07,P004,Amul Butter 100g,Dairy,23
2024-11-08,P004,Amul Butter 100g,Dairy,12
2024-11-09,P004,Amul Butter 100g,Dairy,20
2024-11-10,P004,Amul Butter 100g,Dairy,22
2024-11-11,P004,Amul Butter 100g,Dairy,19
2024-11-12,P004,Amul Butter 100g,Dairy,22
2024-11-13,P004,Amul Butter 100g,Dairy,25
2024-11-14,P004,Amul Butter 100g,Dairy,24
2024-11-15,P004,Amul Butter 100g,Dairy,17
2024-11-16,P004,Amul Butter 100g,Dairy,15
2024-11-17,P004,Amul Butter 100g,Dairy,16
2024-11-18,P004,Amul Butter 100g,Dairy,14
2024-11-19,P004,Amul Butter 100g,Dairy,26
2024-11-20,P004,Amul Butter 100g,Dairy,21
2024-11-21,P004,Amul Butter 100g,Dairy,17
2024-11-22,P004,Amul Butter 100g,Dairy,21
2024-11-23,P004,Amul Butter 100g,Dairy,16
2024-11-24,P004,Amul Butter 100g,Dairy,20
2024-11-25,P004,Amul Butter 100g,Dairy,16
2024-11-26,P004,Amul Butter 100g,Dairy,65
2024-11-27,P004,Amul Butter 100g,Dairy,24
2024-11-28,P004,Amul Butter 100g,Dairy,17
2024-11-29,P004,Amul Butter 100g,Dairy,18
2024-11-30,P004,Amul Butter 100g,Dairy,13
2024-12-01,P004,Amul Butter 100g,Dairy,18
2024-12-02,P004,Amul Butter 100g,Dairy,19
2024-12-03,P004,Amul Butter 100g,Dairy,19
2024-12-04,P004,Amul Butter 100g,Dairy,21
2024-12-05,P004,Amul Butter 100g,Dairy,17
2024-12-06,P004,Amul Butter 100g,Dairy,16
2024-12-07,P004,Amul Butter 100g,Dairy,9
2024-12-08,P004,Amul Butter 100g,Dairy,21
2024-12-09,P004,Amul Butter 100g,Dairy,19
2024-12-10,P004,Amul Butter 100g,Dairy,15
2024-12-11,P004,Amul Butter 100g,Dairy,30
2024-12-12,P004,Amul Butter 100g,Dairy,22
2024-12-13,P004,Amul Butter 100g,Dairy,17
2024-12-14,P004,Amul Butter 100g,Dairy,15
2024-12-15,P004,Amul Butter 100g,Dairy,19
2024-12-16,P004,Amul Butter 100g,Dairy,20
2024-12-17,P004,Amul Butter 100g,Dairy,25
2024-12-18,P004,Amul Butter 100g,Dairy,20
2024-12-19,P004,Amul Butter 100g,Dairy,21
2024-12-20,P004,Amul Butter 100g,Dairy,16
2024-12-21,P004,Amul Butter 100g,Dairy,20
2024-12-22,P004,Amul Butter 100g,Dairy,15
2024-12-23,P004,Amul Butter 100g,Dairy,29
2024-12-24,P004,Amul Butter 100g,Dairy,26
2024-12-25,P004,Amul Butter 100g,Dairy,33
2024-12-26,P004,Amul Butter 100g,Dairy,21
2024-12-27,P004,Amul Butter 100g,Dairy,16
2024-12-28,P004,Amul Butter 100g,Dairy,21
2024-12-29,P004,Amul Butter 100g,Dairy,21
2024-12-30,P004,Amul Butter 100g,Dairy,21
2024-12-31,P004,Amul Butter 100g,Dairy,25
2025-01-01,P004,Amul Butter 100g,Dairy,26
2025-01-02,P004,Amul Butter 100g,Dairy,14
2025-01-03,P004,Amul Butter 100g,Dairy,14
2025-01-04,P004,Amul Butter 100g,Dairy,15
2025-01-05,P004,Amul Butter 100g,Dairy,18
2025-01-06,P004,Amul Butter 100g,Dairy,19
2025-01-07,P004,Amul Butter 100g,Dairy,20
2025-01-08,P004,Amul Butter 100g,Dairy,26
2025-01-09,P004,Amul Butter 100g,Dairy,19
2025-01-10,P004,Amul Butter 100g,Dairy,18
2025-01-11,P004,Amul Butter 100g,Dairy,17
2025-01-12,P004,Amul Butter 100g,Dairy,17
2025-01-13,P004,Amul Butter 100g,Dairy,17
2025-01-14,P004,Amul Butter 100g,Dairy,27
2025-01-15,P004,Amul Butter 100g,Dairy,21
2025-01-16,P004,Amul Butter 100g,Dairy,19
2025-01-17,P004,Amul Butter 100g,Dairy,24
2025-01-18,P004,Amul Butter 100g,Dairy,17
2025-01-19,P004,Amul Butter 100g,Dairy,21
2025-01-20,P004,Amul Butter 100g,Dairy,22
2025-01-21,P004,Amul Butter 100g,Dairy,24
2025-01-22,P004,Amul Butter 100g,Dairy,25
2025-01-23,P004,Amul Butter 100g,Dairy,18
2025-01-24,P004,Amul Butter 100g,Dairy,18
2025-01-25,P004,Amul Butter 100g,Dairy,16
2025-01-26,P004,Amul Butter 100g,Dairy,18
2025-01-27,P004,Amul Butter 100g,Dairy,18
2025-01-28,P004,Amul Butter 100g,Dairy,27
2025-01-29,P004,Amul Butter 100g,Dairy,18
2025-01-30,P004,Amul Butter 100g,Dairy,20
2025-01-31,P004,Amul Butter 100g,Dairy,19
2025-02-01,P004,Amul Butter 100g,Dairy,19
2025-02-02,P004,Amul Butter 100g,Dairy,21
2025-02-03,P004,Amul Butter 100g,Dairy,19
2025-02-04,P004,Amul Butter 100g,Dairy,24
2025-02-05,P004,Amul Butter 100g,Dairy,18
2025-02-06,P004,Amul Butter 100g,Dairy,17
2025-02-07,P004,Amul Butter 100g,Dairy,21
2025-02-08,P004,Amul Butter 100g,Dairy,13
2025-02-09,P004,Amul Butter 100g,Dairy,19
2025-02-10,P004,Amul Butter 100g,Dairy,18
2025-02-11,P004,Amul Butter 100g,Dairy,23
2025-02-12,P004,Amul Butter 100g,Dairy,21
2025-02-13,P004,Amul Butter 100g,Dairy,14
2025-02-14,P004,Amul Butter 100g,Dairy,19
2025-02-15,P004,Amul Butter 100g,Dairy,18
2025-02-16,P004,Amul Butter 100g,Dairy,20
2025-02-17,P004,Amul Butter 100g,Dairy,23
2025-02-18,P004,Amul Butter 100g,Dairy,28
2025-02-19,P004,Amul Butter 100g,Dairy,24
2025-02-20,P004,Amul Butter 100g,Dairy,22
2025-02-21,P004,Amul Butter 100g,Dairy,15
2025-02-22,P004,Amul Butter 100g,Dairy,21
2025-02-23,P004,Amul Butter 100g,Dairy,20
2025-02-24,P004,Amul Butter 100g,Dairy,21
2025-02-25,P004,Amul Butter 100g,Dairy,25
2025-02-26,P004,Amul Butter 100g,Dairy,20
2025-02-27,P004,Amul Butter 100g,Dairy,14
2025-02-28,P004,Amul Butter 100g,Dairy,24
2025-03-01,P004,Amul Butter 100g,Dairy,18
2025-03-02,P004,Amul Butter 100g,Dairy,17
2025-03-03,P004,Amul Butter 100g,Dairy,16
2025-03-04,P004,Amul Butter 100g,Dairy,19
2025-03-05,P004,Amul Butter 100g,Dairy,23
2025-03-06,P004,Amul Butter 100g,Dairy,17
2025-03-07,P004,Amul Butter 100g,Dairy,18
2025-03-08,P004,Amul Butter 100g,Dairy,18
2025-03-09,P004,Amul Butter 100g,Dairy,27
2025-03-10,P004,Amul Butter 100g,Dairy,19
2025-03-11,P004,Amul Butter 100g,Dairy,29
2025-03-12,P004,Amul Butter 100g,Dairy,29
2025-03-13,P004,Amul Butter 100g,Dairy,21
2025-03-14,P004,Amul Butter 100g,Dairy,17
2025-03-15,P004,Amul Butter 100g,Dairy,14
2025-03-16,P004,Amul Butter 100g,Dairy,20
2025-03-17,P004,Amul Butter 100g,Dairy,23
2025-03-18,P004,Amul Butter 100g,Dairy,30
2025-03-19,P004,Amul Butter 100g,Dairy,21
2025-03-20,P004,Amul Butter 100g,Dairy,17
2025-03-21,P004,Amul Butter 100g,Dairy,15
2025-03-22,P004,Amul Butter 100g,Dairy,16
2025-03-23,P004,Amul Butter 100g,Dairy,20
2025-03-24,P004,Amul Butter 100g,Dairy,18
2025-03-25,P004,Amul Butter 100g,Dairy,21
2025-03-26,P004,Amul Butter 100g,Dairy,27
2025-03-27,P004,Amul Butter 100g,Dairy,20
2025-03-28,P004,Amul Butter 100g,Dairy,19
2025-03-29,P004,Amul Butter 100g,Dairy,16
2025-03-30,P004,Amul Butter 100g,Dairy,23
2025-03-31,P004,Amul Butter 100g,Dairy,20
2025-04-01,P004,Amul Butter 100g,Dairy,73
2025-04-02,P004,Amul Butter 100g,Dairy,24
2025-04-03,P004,Amul Butter 100g,Dairy,10
2025-04-04,P004,Amul Butter 100g,Dairy,10
2025-04-05,P004,Amul Butter 100g,Dairy,20
2025-04-06,P004,Amul Butter 100g,Dairy,23
2025-04-07,P004,Amul Butter 100g,Dairy,17
2025-04-08,P004,Amul Butter 100g,Dairy,31
2025-04-09,P004,Amul Butter 100g,Dairy,30
2025-04-10,P004,Amul Butter 100g,Dairy,19
2025-04-11,P004,Amul Butter 100g,Dairy,20
2025-04-12,P004,Amul Butter 100g,Dairy,21
2025-04-13,P004,Amul Butter 100g,Dairy,25
2025-04-14,P004,Amul Butter 100g,Dairy,22
2025-04-15,P004,Amul Butter 100g,Dairy,25
2025-04-16,P004,Amul Butter 100g,Dairy,26
2025-04-17,P004,Amul Butter 100g,Dairy,20
2025-04-18,P004,Amul Butter 100g,Dairy,21
2025-04-19,P004,Amul Butter 100g,Dairy,13
2025-04-20,P004,Amul Butter 100g,Dairy,19
2025-04-21,P004,Amul Butter 100g,Dairy,22
2025-04-22,P004,Amul Butter 100g,Dairy,24
2025-04-23,P004,Amul Butter 100g,Dairy,27
2025-04-24,P004,Amul Butter 100g,Dairy,25
2025-04-25,P004,Amul Butter 100g,Dairy,19
2025-04-26,P004,Amul Butter 100g,Dairy,21
2025-04-27,P004,Amul Butter 100g,Dairy,24
2025-04-28,P004,Amul Butter 100g,Dairy,21
2025-04-29,P004,Amul Butter 100g,Dairy,21
2025-04-30,P004,Amul Butter 100g,Dairy,26
2025-05-01,P004,Amul Butter 100g,Dairy,11
2025-05-02,P004,Amul Butter 100g,Dairy,11
2025-05-03,P004,Amul Butter 100g,Dairy,19
2025-05-04,P004,Amul Butter 100g,Dairy,10
2025-05-05,P004,Amul Butter 100g,Dairy,16
2025-05-06,P004,Amul Butter 100g,Dairy,23
2025-05-07,P004,Amul Butter 100g,Dairy,22
2025-05-08,P004,Amul Butter 100g,Dairy,18
2025-05-09,P004,Amul Butter 100g,Dairy,22
2025-05-10,P004,Amul Butter 100g,Dairy,19
2025-05-11,P004,Amul Butter 100g,Dairy,16
2025-05-12,P004,Amul Butter 100g,Dairy,25
2025-05-13,P004,Amul Butter 100g,Dairy,19
2025-05-14,P004,Amul Butter 100g,Dairy,25
2025-05-15,P004,Amul Butter 100g,Dairy,13
2025-05-16,P004,Amul Butter 100g,Dairy,19
2025-05-17,P004,Amul Butter 100g,Dairy,17
2025-05-18,P004,Amul Butter 100g,Dairy,22
2025-05-19,P004,Amul Butter 100g,Dairy,23
2025-05-20,P004,Amul Butter 100g,Dairy,22
2025-05-21,P004,Amul Butter 100g,Dairy,21
2025-05-22,P004,Amul Butter 100g,Dairy,17
2025-05-23,P004,Amul Butter 100g,Dairy,25
2025-05-24,P004,Amul Butter 100g,Dairy,24
2025-05-25,P004,Amul Butter 100g,Dairy,15
2025-05-26,P004,Amul Butter 100g,Dairy,23
2025-05-27,P004,Amul Butter 100g,Dairy,18
2025-05-28,P004,Amul Butter 100g,Dairy,23
2025-05-29,P004,Amul Butter 100g,Dairy,15
2025-05-30,P004,Amul Butter 100g,Dairy,22
2025-05-31,P004,Amul Butter 100g,Dairy,14
2025-06-01,P004,Amul Butter 100g,Dairy,20
2025-06-02,P004,Amul Butter 100g,Dairy,20
2025-06-03,P004,Amul Butter 100g,Dairy,24
2025-06-04,P004,Amul Butter 100g,Dairy,30
2025-06-05,P004,Amul Butter 100g,Dairy,25
2025-06-06,P004,Amul Butter 100g,Dairy,18
2025-06-07,P004,Amul Butter 100g,Dairy,17
2025-06-08,P004,Amul Butter 100g,Dairy,13
2025-06-09,P004,Amul Butter 100g,Dairy,20
2025-06-10,P004,Amul Butter 100g,Dairy,31
2025-06-11,P004,Amul Butter 100g,Dairy,24
2025-06-12,P004,Amul Butter 100g,Dairy,21
2025-06-13,P004,Amul Butter 100g,Dairy,14
2025-06-14,P004,Amul Butter 100g,Dairy,17
2025-06-15,P004,Amul Butter 100g,Dairy,20
2025-06-16,P004,Amul Butter 100g,Dairy,21
2025-06-17,P004,Amul Butter 100g,Dairy,27
2025-06-18,P004,Amul Butter 100g,Dairy,22
2025-06-19,P004,Amul Butter 100g,Dairy,13
2025-06-20,P004,Amul Butter 100g,Dairy,22
2025-06-21,P004,Amul Butter 100g,Dairy,15
2025-06-22,P004,Amul Butter 100g,Dairy,20
2025-06-23,P004,Amul Butter 100g,Dairy,22
2025-06-24,P004,Amul Butter 100g,Dairy,19
2025-06-25,P004,Amul Butter 100g,Dairy,52
2025-06-26,P004,Amul Butter 100g,Dairy,17
2025-06-27,P004,Amul Butter 100g,Dairy,19
2025-06-28,P004,Amul Butter 100g,Dairy,17
2025-06-29,P004,Amul Butter 100g,Dairy,24
2025-06-30,P004,Amul Butter 100g,Dairy,25
2025-07-01,P004,Amul Butter 100g,Dairy,18
2025-07-02,P004,Amul Butter 100g,Dairy,32
2025-07-03,P004,Amul Butter 100g,Dairy,16
2025-07-04,P004,Amul Butter 100g,Dairy,26
2025-07-05,P004,Amul Butter 100g,Dairy,18
2025-07-06,P004,Amul Butter 100g,Dairy,18
2025-07-07,P004,Amul Butter 100g,Dairy,20
2025-07-08,P004,Amul Butter 100g,Dairy,23
2025-07-09,P004,Amul Butter 100g,Dairy,33
2025-07-10,P004,Amul Butter 100g,Dairy,18
2025-07-11,P004,Amul Butter 100g,Dairy,18
2025-07-12,P004,Amul Butter 100g,Dairy,19
2025-07-13,P004,Amul Butter 100g,Dairy,15
2025-07-14,P004,Amul Butter 100g,Dairy,26
2025-07-15,P004,Amul Butter 100g,Dairy,19
2025-07-16,P004,Amul Butter 100g,Dairy,22
2025-07-17,P004,Amul Butter 100g,Dairy,22
2025-07-18,P004,Amul Butter 100g,Dairy,19
2025-07-19,P004,Amul Butter 100g,Dairy,21
2025-07-20,P004,Amul Butter 100g,Dairy,24
2025-07-21,P004,Amul Butter 100g,Dairy,24
2025-07-22,P004,Amul Butter 100g,Dairy,25
2025-07-23,P004,Amul Butter 100g,Dairy,32
2025-07-24,P004,Amul Butter 100g,Dairy,17
2025-07-25,P004,Amul Butter 100g,Dairy,18
2025-07-26,P004,Amul Butter 100g,Dairy,19
2025-07-27,P004,Amul Butter 100g,Dairy,18
2025-07-28,P004,Amul Butter 100g,Dairy,17
2025-07-29,P004,Amul Butter 100g,Dairy,19
2025-07-30,P004,Amul Butter 100g,Dairy,26
2025-07-31,P004,Amul Butter 100g,Dairy,17
2025-08-01,P004,Amul Butter 100g,Dairy,25
2025-08-02,P004,Amul Butter 100g,Dairy,19
2025-08-03,P004,Amul Butter 100g,Dairy,18
2025-08-04,P004,Amul Butter 100g,Dairy,24
2025-08-05,P004,Amul Butter 100g,Dairy,26
2025-08-06,P004,Amul Butter 100g,Dairy,24
2025-08-07,P004,Amul Butter 100g,Dairy,17
2025-08-08,P004,Amul Butter 100g,Dairy,31
2025-08-09,P004,Amul Butter 100g,Dairy,20
2025-08-10,P004,Amul Butter 100g,Dairy,23
2025-08-11,P004,Amul Butter 100g,Dairy,17
2025-08-12,P004,Amul Butter 100g,Dairy,23
2025-08-13,P004,Amul Butter 100g,Dairy,32
2025-08-14,P004,Amul Butter 100g,Dairy,24
2025-08-15,P004,Amul Butter 100g,Dairy,20
2025-08-16,P004,Amul Butter 100g,Dairy,18
2025-08-17,P004,Amul Butter 100g,Dairy,18
2025-08-18,P004,Amul Butter 100g,Dairy,19
2025-08-19,P004,Amul Butter 100g,Dairy,21
2025-08-20,P004,Amul Butter 100g,Dairy,28
2025-08-21,P004,Amul Butter 100g,Dairy,21
2025-08-22,P004,Amul Butter 100g,Dairy,21
2025-08-23,P004,Amul Butter 100g,Dairy,18
2025-08-24,P004,Amul Butter 100g,Dairy,20
2025-08-25,P004,Amul Butter 100g,Dairy,19
2025-08-26,P004,Amul Butter 100g,Dairy,22
2025-08-27,P004,Amul Butter 100g,Dairy,30
2025-08-28,P004,Amul Butter 100g,Dairy,19
2025-08-29,P004,Amul Butter 100g,Dairy,21
2025-08-30,P004,Amul Butter 100g,Dairy,22
2025-08-31,P004,Amul Butter 100g,Dairy,19
2025-09-01,P004,Amul Butter 100g,Dairy,22
2025-09-02,P004,Amul Butter 100g,Dairy,21
2025-09-03,P004,Amul Butter 100g,Dairy,22
2025-09-04,P004,Amul Butter 100g,Dairy,16
2025-09-05,P004,Amul Butter 100g,Dairy,21
2025-09-06,P004,Amul Butter 100g,Dairy,19
2025-09-07,P004,Amul Butter 100g,Dairy,16
2025-09-08,P004,Amul Butter 100g,Dairy,23
2025-09-09,P004,Amul Butter 100g,Dairy,27
2025-09-10,P004,Amul Butter 100g,Dairy,22
2025-09-11,P004,Amul Butter 100g,Dairy,19
2025-09-12,P004,Amul Butter 100g,Dairy,21
2025-09-13,P004,Amul Butter 100g,Dairy,16
2025-09-14,P004,Amul Butter 100g,Dairy,21
2025-09-15,P004,Amul Butter 100g,Dairy,22
2025-09-16,P004,Amul Butter 100g,Dairy,21
2025-09-17,P004,Amul Butter 100g,Dairy,26
2025-09-18,P004,Amul Butter 100g,Dairy,20
2025-09-19,P004,Amul Butter 100g,Dairy,17
2025-09-20,P004,Amul Butter 100g,Dairy,17
2025-09-21,P004,Amul Butter 100g,Dairy,16
2025-09-22,P004,Amul Butter 100g,Dairy,19
2025-09-23,P004,Amul Butter 100g,Dairy,25
2025-09-24,P004,Amul Butter 100g,Dairy,23
2025-09-25,P004,Amul Butter 100g,Dairy,14
2025-09-26,P004,Amul Butter 100g,Dairy,17
2025-09-27,P004,Amul Butter 100g,Dairy,18
2025-09-28,P004,Amul Butter 100g,Dairy,22
2025-09-29,P004,Amul Butter 100g,Dairy,23
2025-09-30,P004,Amul Butter 100g,Dairy,28
2025-10-01,P004,Amul Butter 100g,Dairy,22
2025-10-02,P004,Amul Butter 100g,Dairy,20
2025-10-03,P004,Amul Butter 100g,Dairy,11
2025-10-04,P004,Amul Butter 100g,Dairy,21
2025-10-05,P004,Amul Butter 100g,Dairy,21
2025-10-06,P004,Amul Butter 100g,Dairy,20
2025-10-07,P004,Amul Butter 100g,Dairy,26
2025-10-08,P004,Amul Butter 100g,Dairy,20
2025-10-09,P004,Amul Butter 100g,Dairy,16
2025-10-10,P004,Amul Butter 100g,Dairy,22
2025-10-11,P004,Amul Butter 100g,Dairy,21
2025-10-12,P004,Amul Butter 100g,Dairy,18
2025-10-13,P004,Amul Butter 100g,Dairy,24
2025-10-14,P004,Amul Butter 100g,Dairy,25
2025-10-15,P004,Amul Butter 100g,Dairy,23
2025-10-16,P004,Amul Butter 100g,Dairy,19
2025-10-17,P004,Amul Butter 100g,Dairy,18
2025-10-18,P004,Amul Butter 100g,Dairy,15
2025-10-19,P004,Amul Butter 100g,Dairy,23
2025-10-20,P004,Amul Butter 100g,Dairy,19
2025-10-21,P004,Amul Butter 100g,Dairy,22
2025-10-22,P004,Amul Butter 100g,Dairy,20
2025-10-23,P004,Amul Butter 100g,Dairy,10
2025-10-24,P004,Amul Butter 100g,Dairy,22
2025-10-25,P004,Amul Butter 100g,Dairy,22
2025-10-26,P004,Amul Butter 100g,Dairy,23
2025-10-27,P004,Amul Butter 100g,Dairy,21
2025-10-28,P004,Amul Butter 100g,Dairy,24
2025-10-29,P004,Amul Butter 100g,Dairy,23
2025-10-30,P004,Amul Butter 100g,Dairy,18
2025-10-31,P004,Amul Butter 100g,Dairy,23
2025-11-01,P004,Amul Butter 100g,Dairy,19
2025-11-02,P004,Amul Butter 100g,Dairy,21
2025-11-03,P004,Amul Butter 100g,Dairy,20
2025-11-04,P004,Amul Butter 100g,Dairy,30
2025-11-05,P004,Amul Butter 100g,Dairy,19
2025-11-06,P004,Amul Butter 100g,Dairy,15
2025-11-07,P004,Amul Butter 100g,Dairy,21
2025-11-08,P004,Amul Butter 100g,Dairy,25
2025-11-09,P004,Amul Butter 100g,Dairy,65
2025-11-10,P004,Amul Butter 100g,Dairy,18
2025-11-11,P004,Amul Butter 100g,Dairy,29
2025-11-12,P004,Amul Butter 100g,Dairy,26
2025-11-13,P004,Amul Butter 100g,Dairy,24
2025-11-14,P004,Amul Butter 100g,Dairy,15
2025-11-15,P004,Amul Butter 100g,Dairy,23
2025-11-16,P004,Amul Butter 100g,Dairy,14
2025-11-17,P004,Amul Butter 100g,Dairy,20
2025-11-18,P004,Amul Butter 100g,Dairy,27
2025-11-19,P004,Amul Butter 100g,Dairy,26
2025-11-20,P004,Amul Butter 100g,Dairy,23
2025-11-21,P004,Amul Butter 100g,Dairy,13
2025-11-22,P004,Amul Butter 100g,Dairy,20
2025-11-23,P004,Amul Butter 100g,Dairy,23
2025-11-24,P004,Amul Butter 100g,Dairy,22
2025-11-25,P004,Amul Butter 100g,Dairy,21
2025-11-26,P004,Amul Butter 100g,Dairy,29
2025-11-27,P004,Amul Butter 100g,Dairy,17
2025-11-28,P004,Amul Butter 100g,Dairy,17
2025-11-29,P004,Amul Butter 100g,Dairy,16
2025-11-30,P004,Amul Butter 100g,Dairy,19
2025-12-01,P004,Amul Butter 100g,Dairy,22
2025-12-02,P004,Amul Butter 100g,Dairy,21
2025-12-03,P004,Amul Butter 100g,Dairy,22
2025-12-04,P004,Amul Butter 100g,Dairy,17
2025-12-05,P004,Amul Butter 100g,Dairy,16
2025-12-06,P004,Amul Butter 100g,Dairy,20
2025-12-07,P004,Amul Butter 100g,Dairy,21
2025-12-08,P004,Amul Butter 100g,Dairy,22
2025-12-09,P004,Amul Butter 100g,Dairy,26
2025-12-10,P004,Amul Butter 100g,Dairy,31
2025-12-11,P004,Amul Butter 100g,Dairy,21
2025-12-12,P004,Amul Butter 100g,Dairy,22
2025-12-13,P004,Amul Butter 100g,Dairy,18
2025-12-14,P004,Amul Butter 100g,Dairy,23
2025-12-15,P004,Amul Butter 100g,Dairy,20
2025-12-16,P004,Amul Butter 100g,Dairy,27
2025-12-17,P004,Amul Butter 100g,Dairy,21
2025-12-18,P004,Amul Butter 100g,Dairy,20
2025-12-19,P004,Amul Butter 100g,Dairy,16
2025-12-20,P004,Amul Butter 100g,Dairy,23
2025-12-21,P004,Amul Butter 100g,Dairy,22
2025-12-22,P004,Amul Butter 100g,Dairy,20
2025-12-23,P004,Amul Butter 100g,Dairy,32
2025-12-24,P004,Amul Butter 100g,Dairy,24
2025-12-25,P004,Amul Butter 100g,Dairy,14
2025-12-26,P004,Amul Butter 100g,Dairy,17
2025-12-27,P004,Amul Butter 100g,Dairy,16
2025-12-28,P004,Amul Butter 100g,Dairy,21
2025-12-29,P004,Amul Butter 100g,Dairy,41
2025-12-30,P004,Amul Butter 100g,Dairy,24
2025-12-31,P004,Amul Butter 100g,Dairy,27
2026-01-01,P004,Amul Butter 100g,Dairy,20
2026-01-02,P004,Amul Butter 100g,Dairy,19
2026-01-03,P004,Amul Butter 100g,Dairy,20
2026-01-04,P004,Amul Butter 100g,Dairy,18
2026-01-05,P004,Amul Butter 100g,Dairy,16
2026-01-06,P004,Amul Butter 100g,Dairy,24
2026-01-07,P004,Amul Butter 100g,Dairy,27
2026-01-08,P004,Amul Butter 100g,Dairy,19
2026-01-09,P004,Amul Butter 100g,Dairy,21
2026-01-10,P004,Amul Butter 100g,Dairy,18
2026-01-11,P004,Amul Butter 100g,Dairy,23
2026-01-12,P004,Amul Butter 100g,Dairy,13
2026-01-13,P004,Amul Butter 100g,Dairy,26
2026-01-14,P004,Amul Butter 100g,Dairy,30
2026-01-15,P004,Amul Butter 100g,Dairy,25
2026-01-16,P004,Amul Butter 100g,Dairy,19
2026-01-17,P004,Amul Butter 100g,Dairy,15
2026-01-18,P004,Amul Butter 100g,Dairy,24
2026-01-19,P004,Amul Butter 100g,Dairy,21
2026-01-20,P004,Amul Butter 100g,Dairy,25
2026-01-21,P004,Amul Butter 100g,Dairy,23
2026-01-22,P004,Amul Butter 100g,Dairy,15
2026-01-23,P004,Amul Butter 100g,Dairy,22
2026-01-24,P004,Amul Butter 100g,Dairy,22
2026-01-25,P004,Amul Butter 100g,Dairy,20
2026-01-26,P004,Amul Butter 100g,Dairy,19
2026-01-27,P004,Amul Butter 100g,Dairy,22
2026-01-28,P004,Amul Butter 100g,Dairy,21
2026-01-29,P004,Amul Butter 100g,Dairy,18
2026-01-30,P004,Amul Butter 100g,Dairy,16
2026-01-31,P004,Amul Butter 100g,Dairy,14
2026-02-01,P004,Amul Butter 100g,Dairy,22
2026-02-02,P004,Amul Butter 100g,Dairy,17
2026-02-03,P004,Amul Butter 100g,Dairy,29
2026-02-04,P004,Amul Butter 100g,Dairy,27
2026-02-05,P004,Amul Butter 100g,Dairy,21
2026-02-06,P004,Amul Butter 100g,Dairy,25
2026-02-07,P004,Amul Butter 100g,Dairy,15
2026-02-08,P004,Amul Butter 100g,Dairy,23
2026-02-09,P004,Amul Butter 100g,Dairy,21
2026-02-10,P004,Amul Butter 100g,Dairy,34
2026-02-11,P004,Amul Butter 100g,Dairy,24
2026-02-12,P004,Amul Butter 100g,Dairy,18
2026-02-13,P004,Amul Butter 100g,Dairy,21
2026-02-14,P004,Amul Butter 100g,Dairy,19
2026-02-15,P004,Amul Butter 100g,Dairy,17
2026-02-16,P004,Amul Butter 100g,Dairy,18
2026-02-17,P004,Amul Butter 100g,Dairy,31
2026-02-18,P004,Amul Butter 100g,Dairy,22
2026-02-19,P004,Amul Butter 100g,Dairy,20
2026-02-20,P004,Amul Butter 100g,Dairy,23
2026-02-21,P004,Amul Butter 100g,Dairy,23
2026-02-22,P004,Amul Butter 100g,Dairy,18
2026-02-23,P004,Amul Butter 100g,Dairy,21
2026-02-24,P004,Amul Butter 100g,Dairy,24
2026-02-25,P004,Amul Butter 100g,Dairy,21
2026-02-26,P004,Amul Butter 100g,Dairy,22
2026-02-27,P004,Amul Butter 100g,Dairy,20
2026-02-28,P004,Amul Butter 100g,Dairy,25
2026-03-01,P004,Amul Butter 100g,Dairy,17
2026-03-02,P004,Amul Butter 100g,Dairy,26
2026-03-03,P004,Amul Butter 100g,Dairy,30
2026-03-04,P004,Amul Butter 100g,Dairy,26
2026-03-05,P004,Amul Butter 100g,Dairy,12
2026-03-06,P004,Amul Butter 100g,Dairy,18
2026-03-07,P004,Amul Butter 100g,Dairy,26
2026-03-08,P004,Amul Butter 100g,Dairy,21
2026-03-09,P004,Amul Butter 100g,Dairy,24
2026-03-10,P004,Amul Butter 100g,Dairy,26
2026-03-11,P004,Amul Butter 100g,Dairy,25
2026-03-12,P004,Amul Butter 100g,Dairy,13
2026-03-13,P004,Amul Butter 100g,Dairy,23
2026-03-14,P004,Amul Butter 100g,Dairy,24
2026-03-15,P004,Amul Butter 100g,Dairy,17
2026-03-16,P004,Amul Butter 100g,Dairy,21
2026-03-17,P004,Amul Butter 100g,Dairy,25
2026-03-18,P004,Amul Butter 100g,Dairy,27
2026-03-19,P004,Amul Butter 100g,Dairy,18
2026-03-20,P004,Amul Butter 100g,Dairy,23
2026-03-21,P004,Amul Butter 100g,Dairy,20
2026-03-22,P004,Amul Butter 100g,Dairy,11
2026-03-23,P004,Amul Butter 100g,Dairy,23
2026-03-24,P004,Amul Butter 100g,Dairy,29
2026-03-25,P004,Amul Butter 100g,Dairy,22
2026-03-26,P004,Amul Butter 100g,Dairy,21
2026-03-27,P004,Amul Butter 100g,Dairy,26
2026-03-28,P004,Amul Butter 100g,Dairy,20
2024-03-28,P005,Britannia Marie Gold 250g,Snacks,8
2024-03-29,P005,Britannia Marie Gold 250g,Snacks,7
2024-03-30,P005,Britannia Marie Gold 250g,Snacks,8
2024-03-31,P005,Britannia Marie Gold 250g,Snacks,8
2024-04-01,P005,Britannia Marie Gold 250g,Snacks,9
2024-04-02,P005,Britannia Marie Gold 250g,Snacks,13
2024-04-03,P005,Britannia Marie Gold 250g,Snacks,11
2024-04-04,P005,Britannia Marie Gold 250g,Snacks,7
2024-04-05,P005,Britannia Marie Gold 250g,Snacks,9
2024-04-06,P005,Britannia Marie Gold 250g,Snacks,9
2024-04-07,P005,Britannia Marie Gold 250g,Snacks,6
2024-04-08,P005,Britannia Marie Gold 250g,Snacks,56
2024-04-09,P005,Britannia Marie Gold 250g,Snacks,11
2024-04-10,P005,Britannia Marie Gold 250g,Snacks,11
2024-04-11,P005,Britannia Marie Gold 250g,Snacks,10
2024-04-12,P005,Britannia Marie Gold 250g,Snacks,9
2024-04-13,P005,Britannia Marie Gold 250g,Snacks,11
2024-04-14,P005,Britannia Marie Gold 250g,Snacks,9
2024-04-15,P005,Britannia Marie Gold 250g,Snacks,13
2024-04-16,P005,Britannia Marie Gold 250g,Snacks,10
2024-04-17,P005,Britannia Marie Gold 250g,Snacks,10
2024-04-18,P005,Britannia Marie Gold 250g,Snacks,10
2024-04-19,P005,Britannia Marie Gold 250g,Snacks,11
2024-04-20,P005,Britannia Marie Gold 250g,Snacks,6
2024-04-21,P005,Britannia Marie Gold 250g,Snacks,8
2024-04-22,P005,Britannia Marie Gold 250g,Snacks,8
2024-04-23,P005,Britannia Marie Gold 250g,Snacks,12
2024-04-24,P005,Britannia Marie Gold 250g,Snacks,11
2024-04-25,P005,Britannia Marie Gold 250g,Snacks,11
2024-04-26,P005,Britannia Marie Gold 250g,Snacks,8
2024-04-27,P005,Britannia Marie Gold 250g,Snacks,11
2024-04-28,P005,Britannia Marie Gold 250g,Snacks,8
2024-04-29,P005,Britannia Marie Gold 250g,Snacks,11
2024-04-30,P005,Britannia Marie Gold 250g,Snacks,12
2024-05-01,P005,Britannia Marie Gold 250g,Snacks,14
2024-05-02,P005,Britannia Marie Gold 250g,Snacks,6
2024-05-03,P005,Britannia Marie Gold 250g,Snacks,6
2024-05-04,P005,Britannia Marie Gold 250g,Snacks,12
2024-05-05,P005,Britannia Marie Gold 250g,Snacks,7
2024-05-06,P005,Britannia Marie Gold 250g,Snacks,55
2024-05-07,P005,Britannia Marie Gold 250g,Snacks,10
2024-05-08,P005,Britannia Marie Gold 250g,Snacks,13
2024-05-09,P005,Britannia Marie Gold 250g,Snacks,6
2024-05-10,P005,Britannia Marie Gold 250g,Snacks,9
2024-05-11,P005,Britannia Marie Gold 250g,Snacks,8
2024-05-12,P005,Britannia Marie Gold 250g,Snacks,10
2024-05-13,P005,Britannia Marie Gold 250g,Snacks,9
2024-05-14,P005,Britannia Marie Gold 250g,Snacks,12
2024-05-15,P005,Britannia Marie Gold 250g,Snacks,9
2024-05-16,P005,Britannia Marie Gold 250g,Snacks,13
2024-05-17,P005,Britannia Marie Gold 250g,Snacks,8
2024-05-18,P005,Britannia Marie Gold 250g,Snacks,9
2024-05-19,P005,Britannia Marie Gold 250g,Snacks,12
2024-05-20,P005,Britannia Marie Gold 250g,Snacks,8
2024-05-21,P005,Britannia Marie Gold 250g,Snacks,14
2024-05-22,P005,Britannia Marie Gold 250g,Snacks,11
2024-05-23,P005,Britannia Marie Gold 250g,Snacks,10
2024-05-24,P005,Britannia Marie Gold 250g,Snacks,8
2024-05-25,P005,Britannia Marie Gold 250g,Snacks,6
2024-05-26,P005,Britannia Marie Gold 250g,Snacks,9
2024-05-27,P005,Britannia Marie Gold 250g,Snacks,11
2024-05-28,P005,Britannia Marie Gold 250g,Snacks,9
2024-05-29,P005,Britannia Marie Gold 250g,Snacks,11
2024-05-30,P005,Britannia Marie Gold 250g,Snacks,11
2024-05-31,P005,Britannia Marie Gold 250g,Snacks,10
2024-06-01,P005,Britannia Marie Gold 250g,Snacks,8
2024-06-02,P005,Britannia Marie Gold 250g,Snacks,8
2024-06-03,P005,Britannia Marie Gold 250g,Snacks,13
2024-06-04,P005,Britannia Marie Gold 250g,Snacks,9
2024-06-05,P005,Britannia Marie Gold 250g,Snacks,11
2024-06-06,P005,Britannia Marie Gold 250g,Snacks,6
2024-06-07,P005,Britannia Marie Gold 250g,Snacks,11
2024-06-08,P005,Britannia Marie Gold 250g,Snacks,9
2024-06-09,P005,Britannia Marie Gold 250g,Snacks,9
2024-06-10,P005,Britannia Marie Gold 250g,Snacks,15
2024-06-11,P005,Britannia Marie Gold 250g,Snacks,10
2024-06-12,P005,Britannia Marie Gold 250g,Snacks,15
2024-06-13,P005,Britannia Marie Gold 250g,Snacks,8
2024-06-14,P005,Britannia Marie Gold 250g,Snacks,8
2024-06-15,P005,Britannia Marie Gold 250g,Snacks,43
2024-06-16,P005,Britannia Marie Gold 250g,Snacks,8
2024-06-17,P005,Britannia Marie Gold 250g,Snacks,7
2024-06-18,P005,Britannia Marie Gold 250g,Snacks,12
2024-06-19,P005,Britannia Marie Gold 250g,Snacks,11
2024-06-20,P005,Britannia Marie Gold 250g,Snacks,9
2024-06-21,P005,Britannia Marie Gold 250g,Snacks,8
2024-06-22,P005,Britannia Marie Gold 250g,Snacks,13
2024-06-23,P005,Britannia Marie Gold 250g,Snacks,10
2024-06-24,P005,Britannia Marie Gold 250g,Snacks,8
2024-06-25,P005,Britannia Marie Gold 250g,Snacks,12
2024-06-26,P005,Britannia Marie Gold 250g,Snacks,10
2024-06-27,P005,Britannia Marie Gold 250g,Snacks,8
2024-06-28,P005,Britannia Marie Gold 250g,Snacks,7
2024-06-29,P005,Britannia Marie Gold 250g,Snacks,13
2024-06-30,P005,Britannia Marie Gold 250g,Snacks,7
2024-07-01,P005,Britannia Marie Gold 250g,Snacks,11
2024-07-02,P005,Britannia Marie Gold 250g,Snacks,11
2024-07-03,P005,Britannia Marie Gold 250g,Snacks,9
2024-07-04,P005,Britannia Marie Gold 250g,Snacks,9
2024-07-05,P005,Britannia Marie Gold 250g,Snacks,9
2024-07-06,P005,Britannia Marie Gold 250g,Snacks,10
2024-07-07,P005,Britannia Marie Gold 250g,Snacks,4
2024-07-08,P005,Britannia Marie Gold 250g,Snacks,7
2024-07-09,P005,Britannia Marie Gold 250g,Snacks,13
2024-07-10,P005,Britannia Marie Gold 250g,Snacks,10
2024-07-11,P005,Britannia Marie Gold 250g,Snacks,9
2024-07-12,P005,Britannia Marie Gold 250g,Snacks,6
2024-07-13,P005,Britannia Marie Gold 250g,Snacks,10
2024-07-14,P005,Britannia Marie Gold 250g,Snacks,10
2024-07-15,P005,Britannia Marie Gold 250g,Snacks,11
2024-07-16,P005,Britannia Marie Gold 250g,Snacks,13
2024-07-17,P005,Britannia Marie Gold 250g,Snacks,14
2024-07-18,P005,Britannia Marie Gold 250g,Snacks,7
2024-07-19,P005,Britannia Marie Gold 250g,Snacks,7
2024-07-20,P005,Britannia Marie Gold 250g,Snacks,10
2024-07-21,P005,Britannia Marie Gold 250g,Snacks,11
2024-07-22,P005,Britannia Marie Gold 250g,Snacks,9
2024-07-23,P005,Britannia Marie Gold 250g,Snacks,10
2024-07-24,P005,Britannia Marie Gold 250g,Snacks,10
2024-07-25,P005,Britannia Marie Gold 250g,Snacks,6
2024-07-26,P005,Britannia Marie Gold 250g,Snacks,7
2024-07-27,P005,Britannia Marie Gold 250g,Snacks,7
2024-07-28,P005,Britannia Marie Gold 250g,Snacks,8
2024-07-29,P005,Britannia Marie Gold 250g,Snacks,10
2024-07-30,P005,Britannia Marie Gold 250g,Snacks,12
2024-07-31,P005,Britannia Marie Gold 250g,Snacks,11
2024-08-01,P005,Britannia Marie Gold 250g,Snacks,8
2024-08-02,P005,Britannia Marie Gold 250g,Snacks,9
2024-08-03,P005,Britannia Marie Gold 250g,Snacks,6
2024-08-04,P005,Britannia Marie Gold 250g,Snacks,11
2024-08-05,P005,Britannia Marie Gold 250g,Snacks,12
2024-08-06,P005,Britannia Marie Gold 250g,Snacks,10
2024-08-07,P005,Britannia Marie Gold 250g,Snacks,11
2024-08-08,P005,Britannia Marie Gold 250g,Snacks,11
2024-08-09,P005,Britannia Marie Gold 250g,Snacks,9
2024-08-10,P005,Britannia Marie Gold 250g,Snacks,10
2024-08-11,P005,Britannia Marie Gold 250g,Snacks,9
2024-08-12,P005,Britannia Marie Gold 250g,Snacks,13
2024-08-13,P005,Britannia Marie Gold 250g,Snacks,13
2024-08-14,P005,Britannia Marie Gold 250g,Snacks,13
2024-08-15,P005,Britannia Marie Gold 250g,Snacks,10
2024-08-16,P005,Britannia Marie Gold 250g,Snacks,8
2024-08-17,P005,Britannia Marie Gold 250g,Snacks,8
2024-08-18,P005,Britannia Marie Gold 250g,Snacks,10
2024-08-19,P005,Britannia Marie Gold 250g,Snacks,10
2024-08-20,P005,Britannia Marie Gold 250g,Snacks,10
2024-08-21,P005,Britannia Marie Gold 250g,Snacks,15
2024-08-22,P005,Britannia Marie Gold 250g,Snacks,11
2024-08-23,P005,Britannia Marie Gold 250g,Snacks,9
2024-08-24,P005,Britannia Marie Gold 250g,Snacks,8
2024-08-25,P005,Britannia Marie Gold 250g,Snacks,9
2024-08-26,P005,Britannia Marie Gold 250g,Snacks,11
2024-08-27,P005,Britannia Marie Gold 250g,Snacks,8
2024-08-28,P005,Britannia Marie Gold 250g,Snacks,15
2024-08-29,P005,Britannia Marie Gold 250g,Snacks,7
2024-08-30,P005,Britannia Marie Gold 250g,Snacks,9
2024-08-31,P005,Britannia Marie Gold 250g,Snacks,9
2024-09-01,P005,Britannia Marie Gold 250g,Snacks,12
2024-09-02,P005,Britannia Marie Gold 250g,Snacks,10
2024-09-03,P005,Britannia Marie Gold 250g,Snacks,15
2024-09-04,P005,Britannia Marie Gold 250g,Snacks,12
2024-09-05,P005,Britannia Marie Gold 250g,Snacks,7
2024-09-06,P005,Britannia Marie Gold 250g,Snacks,9
2024-09-07,P005,Britannia Marie Gold 250g,Snacks,9
2024-09-08,P005,Britannia Marie Gold 250g,Snacks,7
2024-09-09,P005,Britannia Marie Gold 250g,Snacks,10
2024-09-10,P005,Britannia Marie Gold 250g,Snacks,12
2024-09-11,P005,Britannia Marie Gold 250g,Snacks,13
2024-09-12,P005,Britannia Marie Gold 250g,Snacks,9
2024-09-13,P005,Britannia Marie Gold 250g,Snacks,8
2024-09-14,P005,Britannia Marie Gold 250g,Snacks,10
2024-09-15,P005,Britannia Marie Gold 250g,Snacks,8
2024-09-16,P005,Britannia Marie Gold 250g,Snacks,4
2024-09-17,P005,Britannia Marie Gold 250g,Snacks,12
2024-09-18,P005,Britannia Marie Gold 250g,Snacks,11
2024-09-19,P005,Britannia Marie Gold 250g,Snacks,10
2024-09-20,P005,Britannia Marie Gold 250g,Snacks,13
2024-09-21,P005,Britannia Marie Gold 250g,Snacks,13
2024-09-22,P005,Britannia Marie Gold 250g,Snacks,9
2024-09-23,P005,Britannia Marie Gold 250g,Snacks,8
2024-09-24,P005,Britannia Marie Gold 250g,Snacks,13
2024-09-25,P005,Britannia Marie Gold 250g,Snacks,11
2024-09-26,P005,Britannia Marie Gold 250g,Snacks,10
2024-09-27,P005,Britannia Marie Gold 250g,Snacks,8
2024-09-28,P005,Britannia Marie Gold 250g,Snacks,9
2024-09-29,P005,Britannia Marie Gold 250g,Snacks,7
2024-09-30,P005,Britannia Marie Gold 250g,Snacks,12
2024-10-01,P005,Britannia Marie Gold 250g,Snacks,11
2024-10-02,P005,Britannia Marie Gold 250g,Snacks,13
2024-10-03,P005,Britannia Marie Gold 250g,Snacks,7
2024-10-04,P005,Britannia Marie Gold 250g,Snacks,10
2024-10-05,P005,Britannia Marie Gold 250g,Snacks,7
2024-10-06,P005,Britannia Marie Gold 250g,Snacks,9
2024-10-07,P005,Britannia Marie Gold 250g,Snacks,12
2024-10-08,P005,Britannia Marie Gold 250g,Snacks,11
2024-10-09,P005,Britannia Marie Gold 250g,Snacks,10
2024-10-10,P005,Britannia Marie Gold 250g,Snacks,10
2024-10-11,P005,Britannia Marie Gold 250g,Snacks,7
2024-10-12,P005,Britannia Marie Gold 250g,Snacks,8
2024-10-13,P005,Britannia Marie Gold 250g,Snacks,9
2024-10-14,P005,Britannia Marie Gold 250g,Snacks,12
2024-10-15,P005,Britannia Marie Gold 250g,Snacks,12
2024-10-16,P005,Britannia Marie Gold 250g,Snacks,12
2024-10-17,P005,Britannia Marie Gold 250g,Snacks,10
2024-10-18,P005,Britannia Marie Gold 250g,Snacks,9
2024-10-19,P005,Britannia Marie Gold 250g,Snacks,10
2024-10-20,P005,Britannia Marie Gold 250g,Snacks,11
2024-10-21,P005,Britannia Marie Gold 250g,Snacks,9
2024-10-22,P005,Britannia Marie Gold 250g,Snacks,6
2024-10-23,P005,Britannia Marie Gold 250g,Snacks,10
2024-10-24,P005,Britannia Marie Gold 250g,Snacks,11
2024-10-25,P005,Britannia Marie Gold 250g,Snacks,9
2024-10-26,P005,Britannia Marie Gold 250g,Snacks,8
2024-10-27,P005,Britannia Marie Gold 250g,Snacks,11
2024-10-28,P005,Britannia Marie Gold 250g,Snacks,10
2024-10-29,P005,Britannia Marie Gold 250g,Snacks,8
2024-10-30,P005,Britannia Marie Gold 250g,Snacks,9
2024-10-31,P005,Britannia Marie Gold 250g,Snacks,10
2024-11-01,P005,Britannia Marie Gold 250g,Snacks,9
2024-11-02,P005,Britannia Marie Gold 250g,Snacks,12
2024-11-03,P005,Britannia Marie Gold 250g,Snacks,8
2024-11-04,P005,Britannia Marie Gold 250g,Snacks,9
2024-11-05,P005,Britannia Marie Gold 250g,Snacks,10
2024-11-06,P005,Britannia Marie Gold 250g,Snacks,11
2024-11-07,P005,Britannia Marie Gold 250g,Snacks,6
2024-11-08,P005,Britannia Marie Gold 250g,Snacks,8
2024-11-09,P005,Britannia Marie Gold 250g,Snacks,9
2024-11-10,P005,Britannia Marie Gold 250g,Snacks,9
2024-11-11,P005,Britannia Marie Gold 250g,Snacks,14
2024-11-12,P005,Britannia Marie Gold 250g,Snacks,15
2024-11-13,P005,Britannia Marie Gold 250g,Snacks,11
2024-11-14,P005,Britannia Marie Gold 250g,Snacks,5
2024-11-15,P005,Britannia Marie Gold 250g,Snacks,50
2024-11-16,P005,Britannia Marie Gold 250g,Snacks,10
2024-11-17,P005,Britannia Marie Gold 250g,Snacks,8
2024-11-18,P005,Britannia Marie Gold 250g,Snacks,9
2024-11-19,P005,Britannia Marie Gold 250g,Snacks,15
2024-11-20,P005,Britannia Marie Gold 250g,Snacks,11
2024-11-21,P005,Britannia Marie Gold 250g,Snacks,10
2024-11-22,P005,Britannia Marie Gold 250g,Snacks,7
2024-11-23,P005,Britannia Marie Gold 250g,Snacks,9
2024-11-24,P005,Britannia Marie Gold 250g,Snacks,8
2024-11-25,P005,Britannia Marie Gold 250g,Snacks,9
2024-11-26,P005,Britannia Marie Gold 250g,Snacks,14
2024-11-27,P005,Britannia Marie Gold 250g,Snacks,9
2024-11-28,P005,Britannia Marie Gold 250g,Snacks,10
2024-11-29,P005,Britannia Marie Gold 250g,Snacks,8
2024-11-30,P005,Britannia Marie Gold 250g,Snacks,10
2024-12-01,P005,Britannia Marie Gold 250g,Snacks,8
2024-12-02,P005,Britannia Marie Gold 250g,Snacks,12
2024-12-03,P005,Britannia Marie Gold 250g,Snacks,10
2024-12-04,P005,Britannia Marie Gold 250g,Snacks,14
2024-12-05,P005,Britannia Marie Gold 250g,Snacks,9
2024-12-06,P005,Britannia Marie Gold 250g,Snacks,7
2024-12-07,P005,Britannia Marie Gold 250g,Snacks,10
2024-12-08,P005,Britannia Marie Gold 250g,Snacks,9
2024-12-09,P005,Britannia Marie Gold 250g,Snacks,7
2024-12-10,P005,Britannia Marie Gold 250g,Snacks,13
2024-12-11,P005,Britannia Marie Gold 250g,Snacks,43
2024-12-12,P005,Britannia Marie Gold 250g,Snacks,11
2024-12-13,P005,Britannia Marie Gold 250g,Snacks,8
2024-12-14,P005,Britannia Marie Gold 250g,Snacks,9
2024-12-15,P005,Britannia Marie Gold 250g,Snacks,9
2024-12-16,P005,Britannia Marie Gold 250g,Snacks,13
2024-12-17,P005,Britannia Marie Gold 250g,Snacks,11
2024-12-18,P005,Britannia Marie Gold 250g,Snacks,11
2024-12-19,P005,Britannia Marie Gold 250g,Snacks,8
2024-12-20,P005,Britannia Marie Gold 250g,Snacks,7
2024-12-21,P005,Britannia Marie Gold 250g,Snacks,10
2024-12-22,P005,Britannia Marie Gold 250g,Snacks,12
2024-12-23,P005,Britannia Marie Gold 250g,Snacks,10
2024-12-24,P005,Britannia Marie Gold 250g,Snacks,10
2024-12-25,P005,Britannia Marie Gold 250g,Snacks,12
2024-12-26,P005,Britannia Marie Gold 250g,Snacks,10
2024-12-27,P005,Britannia Marie Gold 250g,Snacks,9
2024-12-28,P005,Britannia Marie Gold 250g,Snacks,12
2024-12-29,P005,Britannia Marie Gold 250g,Snacks,8
2024-12-30,P005,Britannia Marie Gold 250g,Snacks,10
2024-12-31,P005,Britannia Marie Gold 250g,Snacks,13
2025-01-01,P005,Britannia Marie Gold 250g,Snacks,13
2025-01-02,P005,Britannia Marie Gold 250g,Snacks,9
2025-01-03,P005,Britannia Marie Gold 250g,Snacks,7
2025-01-04,P005,Britannia Marie Gold 250g,Snacks,13
2025-01-05,P005,Britannia Marie Gold 250g,Snacks,9
2025-01-06,P005,Britannia Marie Gold 250g,Snacks,10
2025-01-07,P005,Britannia Marie Gold 250g,Snacks,13
2025-01-08,P005,Britannia Marie Gold 250g,Snacks,11
2025-01-09,P005,Britannia Marie Gold 250g,Snacks,9
2025-01-10,P005,Britannia Marie Gold 250g,Snacks,8
2025-01-11,P005,Britannia Marie Gold 250g,Snacks,10
2025-01-12,P005,Britannia Marie Gold 250g,Snacks,9
2025-01-13,P005,Britannia Marie Gold 250g,Snacks,11
2025-01-14,P005,Britannia Marie Gold 250g,Snacks,10
2025-01-15,P005,Britannia Marie Gold 250g,Snacks,11
2025-01-16,P005,Britannia Marie Gold 250g,Snacks,7
2025-01-17,P005,Britannia Marie Gold 250g,Snacks,8
2025-01-18,P005,Britannia Marie Gold 250g,Snacks,5
2025-01-19,P005,Britannia Marie Gold 250g,Snacks,9
2025-01-20,P005,Britannia Marie Gold 250g,Snacks,9
2025-01-21,P005,Britannia Marie Gold 250g,Snacks,12
2025-01-22,P005,Britannia Marie Gold 250g,Snacks,12
2025-01-23,P005,Britannia Marie Gold 250g,Snacks,12
2025-01-24,P005,Britannia Marie Gold 250g,Snacks,14
2025-01-25,P005,Britannia Marie Gold 250g,Snacks,11
2025-01-26,P005,Britannia Marie Gold 250g,Snacks,8
2025-01-27,P005,Britannia Marie Gold 250g,Snacks,9
2025-01-28,P005,Britannia Marie Gold 250g,Snacks,14
2025-01-29,P005,Britannia Marie Gold 250g,Snacks,9
2025-01-30,P005,Britannia Marie Gold 250g,Snacks,9
2025-01-31,P005,Britannia Marie Gold 250g,Snacks,9
2025-02-01,P005,Britannia Marie Gold 250g,Snacks,10
2025-02-02,P005,Britannia Marie Gold 250g,Snacks,10
2025-02-03,P005,Britannia Marie Gold 250g,Snacks,9
2025-02-04,P005,Britannia Marie Gold 250g,Snacks,11
2025-02-05,P005,Britannia Marie Gold 250g,Snacks,13
2025-02-06,P005,Britannia Marie Gold 250g,Snacks,8
2025-02-07,P005,Britannia Marie Gold 250g,Snacks,11
2025-02-08,P005,Britannia Marie Gold 250g,Snacks,10
2025-02-09,P005,Britannia Marie Gold 250g,Snacks,10
2025-02-10,P005,Britannia Marie Gold 250g,Snacks,11
2025-02-11,P005,Britannia Marie Gold 250g,Snacks,11
2025-02-12,P005,Britannia Marie Gold 250g,Snacks,11
2025-02-13,P005,Britannia Marie Gold 250g,Snacks,9
2025-02-14,P005,Britannia Marie Gold 250g,Snacks,10
2025-02-15,P005,Britannia Marie Gold 250g,Snacks,10
2025-02-16,P005,Britannia Marie Gold 250g,Snacks,9
2025-02-17,P005,Britannia Marie Gold 250g,Snacks,12
2025-02-18,P005,Britannia Marie Gold 250g,Snacks,12
2025-02-19,P005,Britannia Marie Gold 250g,Snacks,11
2025-02-20,P005,Britannia Marie Gold 250g,Snacks,10
2025-02-21,P005,Britannia Marie Gold 250g,Snacks,7
2025-02-22,P005,Britannia Marie Gold 250g,Snacks,6
2025-02-23,P005,Britannia Marie Gold 250g,Snacks,9
2025-02-24,P005,Britannia Marie Gold 250g,Snacks,9
2025-02-25,P005,Britannia Marie Gold 250g,Snacks,12
2025-02-26,P005,Britannia Marie Gold 250g,Snacks,11
2025-02-27,P005,Britannia Marie Gold 250g,Snacks,12
2025-02-28,P005,Britannia Marie Gold 250g,Snacks,8
2025-03-01,P005,Britannia Marie Gold 250g,Snacks,9
2025-03-02,P005,Britannia Marie Gold 250g,Snacks,10
2025-03-03,P005,Britannia Marie Gold 250g,Snacks,8
2025-03-04,P005,Britannia Marie Gold 250g,Snacks,10
2025-03-05,P005,Britannia Marie Gold 250g,Snacks,13
2025-03-06,P005,Britannia Marie Gold 250g,Snacks,9
2025-03-07,P005,Britannia Marie Gold 250g,Snacks,8
2025-03-08,P005,Britannia Marie Gold 250g,Snacks,55
2025-03-09,P005,Britannia Marie Gold 250g,Snacks,8
2025-03-10,P005,Britannia Marie Gold 250g,Snacks,10
2025-03-11,P005,Britannia Marie Gold 250g,Snacks,11
2025-03-12,P005,Britannia Marie Gold 250g,Snacks,13
2025-03-13,P005,Britannia Marie Gold 250g,Snacks,12
2025-03-14,P005,Britannia Marie Gold 250g,Snacks,6
2025-03-15,P005,Britannia Marie Gold 250g,Snacks,10
2025-03-16,P005,Britannia Marie Gold 250g,Snacks,11
2025-03-17,P005,Britannia Marie Gold 250g,Snacks,10
2025-03-18,P005,Britannia Marie Gold 250g,Snacks,10
2025-03-19,P005,Britannia Marie Gold 250g,Snacks,13
2025-03-20,P005,Britannia Marie Gold 250g,Snacks,11
2025-03-21,P005,Britannia Marie Gold 250g,Snacks,11
2025-03-22,P005,Britannia Marie Gold 250g,Snacks,10
2025-03-23,P005,Britannia Marie Gold 250g,Snacks,10
2025-03-24,P005,Britannia Marie Gold 250g,Snacks,9
2025-03-25,P005,Britannia Marie Gold 250g,Snacks,14
2025-03-26,P005,Britannia Marie Gold 250g,Snacks,14
2025-03-27,P005,Britannia Marie Gold 250g,Snacks,7
2025-03-28,P005,Britannia Marie Gold 250g,Snacks,10
2025-03-29,P005,Britannia Marie Gold 250g,Snacks,11
2025-03-30,P005,Britannia Marie Gold 250g,Snacks,11
2025-03-31,P005,Britannia Marie Gold 250g,Snacks,10
2025-04-01,P005,Britannia Marie Gold 250g,Snacks,11
2025-04-02,P005,Britannia Marie Gold 250g,Snacks,11
2025-04-03,P005,Britannia Marie Gold 250g,Snacks,8
2025-04-04,P005,Britannia Marie Gold 250g,Snacks,9
2025-04-05,P005,Britannia Marie Gold 250g,Snacks,9
2025-04-06,P005,Britannia Marie Gold 250g,Snacks,13
2025-04-07,P005,Britannia Marie Gold 250g,Snacks,12
2025-04-08,P005,Britannia Marie Gold 250g,Snacks,14
2025-04-09,P005,Britannia Marie Gold 250g,Snacks,13
2025-04-10,P005,Britannia Marie Gold 250g,Snacks,9
2025-04-11,P005,Britannia Marie Gold 250g,Snacks,9
2025-04-12,P005,Britannia Marie Gold 250g,Snacks,9
2025-04-13,P005,Britannia Marie Gold 250g,Snacks,10
2025-04-14,P005,Britannia Marie Gold 250g,Snacks,11
2025-04-15,P005,Britannia Marie Gold 250g,Snacks,12
2025-04-16,P005,Britannia Marie Gold 250g,Snacks,12
2025-04-17,P005,Britannia Marie Gold 250g,Snacks,8
2025-04-18,P005,Britannia Marie Gold 250g,Snacks,7
2025-04-19,P005,Britannia Marie Gold 250g,Snacks,12
2025-04-20,P005,Britannia Marie Gold 250g,Snacks,13
2025-04-21,P005,Britannia Marie Gold 250g,Snacks,13
2025-04-22,P005,Britannia Marie Gold 250g,Snacks,10
2025-04-23,P005,Britannia Marie Gold 250g,Snacks,14
2025-04-24,P005,Britannia Marie Gold 250g,Snacks,11
2025-04-25,P005,Britannia Marie Gold 250g,Snacks,9
2025-04-26,P005,Britannia Marie Gold 250g,Snacks,10
2025-04-27,P005,Britannia Marie Gold 250g,Snacks,9
2025-04-28,P005,Britannia Marie Gold 250g,Snacks,13
2025-04-29,P005,Britannia Marie Gold 250g,Snacks,13
2025-04-30,P005,Britannia Marie Gold 250g,Snacks,11
2025-05-01,P005,Britannia Marie Gold 250g,Snacks,11
2025-05-02,P005,Britannia Marie Gold 250g,Snacks,11
2025-05-03,P005,Britannia Marie Gold 250g,Snacks,10
2025-05-04,P005,Britannia Marie Gold 250g,Snacks,10
2025-05-05,P005,Britannia Marie Gold 250g,Snacks,10
2025-05-06,P005,Britannia Marie Gold 250g,Snacks,10
2025-05-07,P005,Britannia Marie Gold 250g,Snacks,12
2025-05-08,P005,Britannia Marie Gold 250g,Snacks,10
2025-05-09,P005,Britannia Marie Gold 250g,Snacks,9
2025-05-10,P005,Britannia Marie Gold 250g,Snacks,11
2025-05-11,P005,Britannia Marie Gold 250g,Snacks,9
2025-05-12,P005,Britannia Marie Gold 250g,Snacks,10
2025-05-13,P005,Britannia Marie Gold 250g,Snacks,14
2025-05-14,P005,Britannia Marie Gold 250g,Snacks,13
2025-05-15,P005,Britannia Marie Gold 250g,Snacks,9
2025-05-16,P005,Britannia Marie Gold 250g,Snacks,11
2025-05-17,P005,Britannia Marie Gold 250g,Snacks,8
2025-05-18,P005,Britannia Marie Gold 250g,Snacks,8
2025-05-19,P005,Britannia Marie Gold 250g,Snacks,5
2025-05-20,P005,Britannia Marie Gold 250g,Snacks,12
2025-05-21,P005,Britannia Marie Gold 250g,Snacks,15
2025-05-22,P005,Britannia Marie Gold 250g,Snacks,6
2025-05-23,P005,Britannia Marie Gold 250g,Snacks,8
2025-05-24,P005,Britannia Marie Gold 250g,Snacks,10
2025-05-25,P005,Britannia Marie Gold 250g,Snacks,6
2025-05-26,P005,Britannia Marie Gold 250g,Snacks,10
2025-05-27,P005,Britannia Marie Gold 250g,Snacks,15
2025-05-28,P005,Britannia Marie Gold 250g,Snacks,16
2025-05-29,P005,Britannia Marie Gold 250g,Snacks,10
2025-05-30,P005,Britannia Marie Gold 250g,Snacks,8
2025-05-31,P005,Britannia Marie Gold 250g,Snacks,8
2025-06-01,P005,Britannia Marie Gold 250g,Snacks,10
2025-06-02,P005,Britannia Marie Gold 250g,Snacks,11
2025-06-03,P005,Britannia Marie Gold 250g,Snacks,16
2025-06-04,P005,Britannia Marie Gold 250g,Snacks,14
2025-06-05,P005,Britannia Marie Gold 250g,Snacks,10
2025-06-06,P005,Britannia Marie Gold 250g,Snacks,9
2025-06-07,P005,Britannia Marie Gold 250g,Snacks,15
2025-06-08,P005,Britannia Marie Gold 250g,Snacks,11
2025-06-09,P005,Britannia Marie Gold 250g,Snacks,9
2025-06-10,P005,Britannia Marie Gold 250g,Snacks,12
2025-06-11,P005,Britannia Marie Gold 250g,Snacks,11
2025-06-12,P005,Britannia Marie Gold 250g,Snacks,5
2025-06-13,P005,Britannia Marie Gold 250g,Snacks,10
2025-06-14,P005,Britannia Marie Gold 250g,Snacks,13
2025-06-15,P005,Britannia Marie Gold 250g,Snacks,7
2025-06-16,P005,Britannia Marie Gold 250g,Snacks,11
2025-06-17,P005,Britannia Marie Gold 250g,Snacks,11
2025-06-18,P005,Britannia Marie Gold 250g,Snacks,14
2025-06-19,P005,Britannia Marie Gold 250g,Snacks,9
2025-06-20,P005,Britannia Marie Gold 250g,Snacks,7
2025-06-21,P005,Britannia Marie Gold 250g,Snacks,8
2025-06-22,P005,Britannia Marie Gold 250g,Snacks,8
2025-06-23,P005,Britannia Marie Gold 250g,Snacks,13
2025-06-24,P005,Britannia Marie Gold 250g,Snacks,15
2025-06-25,P005,Britannia Marie Gold 250g,Snacks,12
2025-06-26,P005,Britannia Marie Gold 250g,Snacks,12
2025-06-27,P005,Britannia Marie Gold 250g,Snacks,9
2025-06-28,P005,Britannia Marie Gold 250g,Snacks,9
2025-06-29,P005,Britannia Marie Gold 250g,Snacks,10
2025-06-30,P005,Britannia Marie Gold 250g,Snacks,11
2025-07-01,P005,Britannia Marie Gold 250g,Snacks,12
2025-07-02,P005,Britannia Marie Gold 250g,Snacks,13
2025-07-03,P005,Britannia Marie Gold 250g,Snacks,11
2025-07-04,P005,Britannia Marie Gold 250g,Snacks,10
2025-07-05,P005,Britannia Marie Gold 250g,Snacks,10
2025-07-06,P005,Britannia Marie Gold 250g,Snacks,11
2025-07-07,P005,Britannia Marie Gold 250g,Snacks,12
2025-07-08,P005,Britannia Marie Gold 250g,Snacks,13
2025-07-09,P005,Britannia Marie Gold 250g,Snacks,12
2025-07-10,P005,Britannia Marie Gold 250g,Snacks,10
2025-07-11,P005,Britannia Marie Gold 250g,Snacks,7
2025-07-12,P005,Britannia Marie Gold 250g,Snacks,9
2025-07-13,P005,Britannia Marie Gold 250g,Snacks,5
2025-07-14,P005,Britannia Marie Gold 250g,Snacks,8
2025-07-15,P005,Britannia Marie Gold 250g,Snacks,9
2025-07-16,P005,Britannia Marie Gold 250g,Snacks,15
2025-07-17,P005,Britannia Marie Gold 250g,Snacks,10
2025-07-18,P005,Britannia Marie Gold 250g,Snacks,7
2025-07-19,P005,Britannia Marie Gold 250g,Snacks,11
2025-07-20,P005,Britannia Marie Gold 250g,Snacks,11
2025-07-21,P005,Britannia Marie Gold 250g,Snacks,12
2025-07-22,P005,Britannia Marie Gold 250g,Snacks,12
2025-07-23,P005,Britannia Marie Gold 250g,Snacks,13
2025-07-24,P005,Britannia Marie Gold 250g,Snacks,11
2025-07-25,P005,Britannia Marie Gold 250g,Snacks,9
2025-07-26,P005,Britannia Marie Gold 250g,Snacks,10
2025-07-27,P005,Britannia Marie Gold 250g,Snacks,9
2025-07-28,P005,Britannia Marie Gold 250g,Snacks,8
2025-07-29,P005,Britannia Marie Gold 250g,Snacks,14
2025-07-30,P005,Britannia Marie Gold 250g,Snacks,16
2025-07-31,P005,Britannia Marie Gold 250g,Snacks,8
2025-08-01,P005,Britannia Marie Gold 250g,Snacks,11
2025-08-02,P005,Britannia Marie Gold 250g,Snacks,8
2025-08-03,P005,Britannia Marie Gold 250g,Snacks,10
2025-08-04,P005,Britannia Marie Gold 250g,Snacks,13
2025-08-05,P005,Britannia Marie Gold 250g,Snacks,12
2025-08-06,P005,Britannia Marie Gold 250g,Snacks,13
2025-08-07,P005,Britannia Marie Gold 250g,Snacks,6
2025-08-08,P005,Britannia Marie Gold 250g,Snacks,9
2025-08-09,P005,Britannia Marie Gold 250g,Snacks,6
2025-08-10,P005,Britannia Marie Gold 250g,Snacks,11
2025-08-11,P005,Britannia Marie Gold 250g,Snacks,12
2025-08-12,P005,Britannia Marie Gold 250g,Snacks,12
2025-08-13,P005,Britannia Marie Gold 250g,Snacks,13
2025-08-14,P005,Britannia Marie Gold 250g,Snacks,9
2025-08-15,P005,Britannia Marie Gold 250g,Snacks,11
2025-08-16,P005,Britannia Marie Gold 250g,Snacks,10
2025-08-17,P005,Britannia Marie Gold 250g,Snacks,6
2025-08-18,P005,Britannia Marie Gold 250g,Snacks,12
2025-08-19,P005,Britannia Marie Gold 250g,Snacks,12
2025-08-20,P005,Britannia Marie Gold 250g,Snacks,11
2025-08-21,P005,Britannia Marie Gold 250g,Snacks,9
2025-08-22,P005,Britannia Marie Gold 250g,Snacks,6
2025-08-23,P005,Britannia Marie Gold 250g,Snacks,8
2025-08-24,P005,Britannia Marie Gold 250g,Snacks,10
2025-08-25,P005,Britannia Marie Gold 250g,Snacks,11
2025-08-26,P005,Britannia Marie Gold 250g,Snacks,13
2025-08-27,P005,Britannia Marie Gold 250g,Snacks,13
2025-08-28,P005,Britannia Marie Gold 250g,Snacks,9
2025-08-29,P005,Britannia Marie Gold 250g,Snacks,10
2025-08-30,P005,Britannia Marie Gold 250g,Snacks,9
2025-08-31,P005,Britannia Marie Gold 250g,Snacks,7
2025-09-01,P005,Britannia Marie Gold 250g,Snacks,9
2025-09-02,P005,Britannia Marie Gold 250g,Snacks,14
2025-09-03,P005,Britannia Marie Gold 250g,Snacks,16
2025-09-04,P005,Britannia Marie Gold 250g,Snacks,11
2025-09-05,P005,Britannia Marie Gold 250g,Snacks,13
2025-09-06,P005,Britannia Marie Gold 250g,Snacks,10
2025-09-07,P005,Britannia Marie Gold 250g,Snacks,13
2025-09-08,P005,Britannia Marie Gold 250g,Snacks,58
2025-09-09,P005,Britannia Marie Gold 250g,Snacks,10
2025-09-10,P005,Britannia Marie Gold 250g,Snacks,13
2025-09-11,P005,Britannia Marie Gold 250g,Snacks,10
2025-09-12,P005,Britannia Marie Gold 250g,Snacks,9
2025-09-13,P005,Britannia Marie Gold 250g,Snacks,11
2025-09-14,P005,Britannia Marie Gold 250g,Snacks,10
2025-09-15,P005,Britannia Marie Gold 250g,Snacks,10
2025-09-16,P005,Britannia Marie Gold 250g,Snacks,13
2025-09-17,P005,Britannia Marie Gold 250g,Snacks,15
2025-09-18,P005,Britannia Marie Gold 250g,Snacks,10
2025-09-19,P005,Britannia Marie Gold 250g,Snacks,11
2025-09-20,P005,Britannia Marie Gold 250g,Snacks,9
2025-09-21,P005,Britannia Marie Gold 250g,Snacks,11
2025-09-22,P005,Britannia Marie Gold 250g,Snacks,9
2025-09-23,P005,Britannia Marie Gold 250g,Snacks,12
2025-09-24,P005,Britannia Marie Gold 250g,Snacks,13
2025-09-25,P005,Britannia Marie Gold 250g,Snacks,8
2025-09-26,P005,Britannia Marie Gold 250g,Snacks,8
2025-09-27,P005,Britannia Marie Gold 250g,Snacks,10
2025-09-28,P005,Britannia Marie Gold 250g,Snacks,10
2025-09-29,P005,Britannia Marie Gold 250g,Snacks,12
2025-09-30,P005,Britannia Marie Gold 250g,Snacks,12
2025-10-01,P005,Britannia Marie Gold 250g,Snacks,13
2025-10-02,P005,Britannia Marie Gold 250g,Snacks,9
2025-10-03,P005,Britannia Marie Gold 250g,Snacks,11
2025-10-04,P005,Britannia Marie Gold 250g,Snacks,12
2025-10-05,P005,Britannia Marie Gold 250g,Snacks,11
2025-10-06,P005,Britannia Marie Gold 250g,Snacks,13
2025-10-07,P005,Britannia Marie Gold 250g,Snacks,13
2025-10-08,P005,Britannia Marie Gold 250g,Snacks,14
2025-10-09,P005,Britannia Marie Gold 250g,Snacks,10
2025-10-10,P005,Britannia Marie Gold 250g,Snacks,8
2025-10-11,P005,Britannia Marie Gold 250g,Snacks,10
2025-10-12,P005,Britannia Marie Gold 250g,Snacks,8
2025-10-13,P005,Britannia Marie Gold 250g,Snacks,15
2025-10-14,P005,Britannia Marie Gold 250g,Snacks,12
2025-10-15,P005,Britannia Marie Gold 250g,Snacks,14
2025-10-16,P005,Britannia Marie Gold 250g,Snacks,10
2025-10-17,P005,Britannia Marie Gold 250g,Snacks,8
2025-10-18,P005,Britannia Marie Gold 250g,Snacks,6
2025-10-19,P005,Britannia Marie Gold 250g,Snacks,11
2025-10-20,P005,Britannia Marie Gold 250g,Snacks,14
2025-10-21,P005,Britannia Marie Gold 250g,Snacks,12
2025-10-22,P005,Britannia Marie Gold 250g,Snacks,10
2025-10-23,P005,Britannia Marie Gold 250g,Snacks,9
2025-10-24,P005,Britannia Marie Gold 250g,Snacks,8
2025-10-25,P005,Britannia Marie Gold 250g,Snacks,9
2025-10-26,P005,Britannia Marie Gold 250g,Snacks,11
2025-10-27,P005,Britannia Marie Gold 250g,Snacks,11
2025-10-28,P005,Britannia Marie Gold 250g,Snacks,12
2025-10-29,P005,Britannia Marie Gold 250g,Snacks,14
2025-10-30,P005,Britannia Marie Gold 250g,Snacks,11
2025-10-31,P005,Britannia Marie Gold 250g,Snacks,9
2025-11-01,P005,Britannia Marie Gold 250g,Snacks,10
2025-11-02,P005,Britannia Marie Gold 250g,Snacks,11
2025-11-03,P005,Britannia Marie Gold 250g,Snacks,12
2025-11-04,P005,Britannia Marie Gold 250g,Snacks,13
2025-11-05,P005,Britannia Marie Gold 250g,Snacks,16
2025-11-06,P005,Britannia Marie Gold 250g,Snacks,11
2025-11-07,P005,Britannia Marie Gold 250g,Snacks,9
2025-11-08,P005,Britannia Marie Gold 250g,Snacks,9
2025-11-09,P005,Britannia Marie Gold 250g,Snacks,9
2025-11-10,P005,Britannia Marie Gold 250g,Snacks,12
2025-11-11,P005,Britannia Marie Gold 250g,Snacks,12
2025-11-12,P005,Britannia Marie Gold 250g,Snacks,12
2025-11-13,P005,Britannia Marie Gold 250g,Snacks,12
2025-11-14,P005,Britannia Marie Gold 250g,Snacks,10
2025-11-15,P005,Britannia Marie Gold 250g,Snacks,12
2025-11-16,P005,Britannia Marie Gold 250g,Snacks,11
2025-11-17,P005,Britannia Marie Gold 250g,Snacks,9
2025-11-18,P005,Britannia Marie Gold 250g,Snacks,13
2025-11-19,P005,Britannia Marie Gold 250g,Snacks,15
2025-11-20,P005,Britannia Marie Gold 250g,Snacks,8
2025-11-21,P005,Britannia Marie Gold 250g,Snacks,11
2025-11-22,P005,Britannia Marie Gold 250g,Snacks,10
2025-11-23,P005,Britannia Marie Gold 250g,Snacks,7
2025-11-24,P005,Britannia Marie Gold 250g,Snacks,11
2025-11-25,P005,Britannia Marie Gold 250g,Snacks,12
2025-11-26,P005,Britannia Marie Gold 250g,Snacks,11
2025-11-27,P005,Britannia Marie Gold 250g,Snacks,10
2025-11-28,P005,Britannia Marie Gold 250g,Snacks,7
2025-11-29,P005,Britannia Marie Gold 250g,Snacks,9
2025-11-30,P005,Britannia Marie Gold 250g,Snacks,15
2025-12-01,P005,Britannia Marie Gold 250g,Snacks,12
2025-12-02,P005,Britannia Marie Gold 250g,Snacks,12
2025-12-03,P005,Britannia Marie Gold 250g,Snacks,16
2025-12-04,P005,Britannia Marie Gold 250g,Snacks,8
2025-12-05,P005,Britannia Marie Gold 250g,Snacks,9
2025-12-06,P005,Britannia Marie Gold 250g,Snacks,8
2025-12-07,P005,Britannia Marie Gold 250g,Snacks,10
2025-12-08,P005,Britannia Marie Gold 250g,Snacks,14
2025-12-09,P005,Britannia Marie Gold 250g,Snacks,11
2025-12-10,P005,Britannia Marie Gold 250g,Snacks,9
2025-12-11,P005,Britannia Marie Gold 250g,Snacks,12
2025-12-12,P005,Britannia Marie Gold 250g,Snacks,13
2025-12-13,P005,Britannia Marie Gold 250g,Snacks,6
2025-12-14,P005,Britannia Marie Gold 250g,Snacks,11
2025-12-15,P005,Britannia Marie Gold 250g,Snacks,12
2025-12-16,P005,Britannia Marie Gold 250g,Snacks,12
2025-12-17,P005,Britannia Marie Gold 250g,Snacks,11
2025-12-18,P005,Britannia Marie Gold 250g,Snacks,12
2025-12-19,P005,Britannia Marie Gold 250g,Snacks,10
2025-12-20,P005,Britannia Marie Gold 250g,Snacks,11
2025-12-21,P005,Britannia Marie Gold 250g,Snacks,9
2025-12-22,P005,Britannia Marie Gold 250g,Snacks,10
2025-12-23,P005,Britannia Marie Gold 250g,Snacks,9
2025-12-24,P005,Britannia Marie Gold 250g,Snacks,13
2025-12-25,P005,Britannia Marie Gold 250g,Snacks,13
2025-12-26,P005,Britannia Marie Gold 250g,Snacks,8
2025-12-27,P005,Britannia Marie Gold 250g,Snacks,7
2025-12-28,P005,Britannia Marie Gold 250g,Snacks,11
2025-12-29,P005,Britannia Marie Gold 250g,Snacks,12
2025-12-30,P005,Britannia Marie Gold 250g,Snacks,12
2025-12-31,P005,Britannia Marie Gold 250g,Snacks,13
2026-01-01,P005,Britannia Marie Gold 250g,Snacks,11
2026-01-02,P005,Britannia Marie Gold 250g,Snacks,10
2026-01-03,P005,Britannia Marie Gold 250g,Snacks,12
2026-01-04,P005,Britannia Marie Gold 250g,Snacks,14
2026-01-05,P005,Britannia Marie Gold 250g,Snacks,8
2026-01-06,P005,Britannia Marie Gold 250g,Snacks,15
2026-01-07,P005,Britannia Marie Gold 250g,Snacks,13
2026-01-08,P005,Britannia Marie Gold 250g,Snacks,13
2026-01-09,P005,Britannia Marie Gold 250g,Snacks,11
2026-01-10,P005,Britannia Marie Gold 250g,Snacks,10
2026-01-11,P005,Britannia Marie Gold 250g,Snacks,11
2026-01-12,P005,Britannia Marie Gold 250g,Snacks,10
2026-01-13,P005,Britannia Marie Gold 250g,Snacks,12
2026-01-14,P005,Britannia Marie Gold 250g,Snacks,63
2026-01-15,P005,Britannia Marie Gold 250g,Snacks,9
2026-01-16,P005,Britannia Marie Gold 250g,Snacks,11
2026-01-17,P005,Britannia Marie Gold 250g,Snacks,10
2026-01-18,P005,Britannia Marie Gold 250g,Snacks,34
2026-01-19,P005,Britannia Marie Gold 250g,Snacks,10
2026-01-20,P005,Britannia Marie Gold 250g,Snacks,14
2026-01-21,P005,Britannia Marie Gold 250g,Snacks,13
2026-01-22,P005,Britannia Marie Gold 250g,Snacks,6
2026-01-23,P005,Britannia Marie Gold 250g,Snacks,13
2026-01-24,P005,Britannia Marie Gold 250g,Snacks,10
2026-01-25,P005,Britannia Marie Gold 250g,Snacks,11
2026-01-26,P005,Britannia Marie Gold 250g,Snacks,10
2026-01-27,P005,Britannia Marie Gold 250g,Snacks,14
2026-01-28,P005,Britannia Marie Gold 250g,Snacks,17
2026-01-29,P005,Britannia Marie Gold 250g,Snacks,9
2026-01-30,P005,Britannia Marie Gold 250g,Snacks,13
2026-01-31,P005,Britannia Marie Gold 250g,Snacks,11
2026-02-01,P005,Britannia Marie Gold 250g,Snacks,9
2026-02-02,P005,Britannia Marie Gold 250g,Snacks,15
2026-02-03,P005,Britannia Marie Gold 250g,Snacks,14
2026-02-04,P005,Britannia Marie Gold 250g,Snacks,15
2026-02-05,P005,Britannia Marie Gold 250g,Snacks,10
2026-02-06,P005,Britannia Marie Gold 250g,Snacks,9
2026-02-07,P005,Britannia Marie Gold 250g,Snacks,10
2026-02-08,P005,Britannia Marie Gold 250g,Snacks,13
2026-02-09,P005,Britannia Marie Gold 250g,Snacks,11
2026-02-10,P005,Britannia Marie Gold 250g,Snacks,13
2026-02-11,P005,Britannia Marie Gold 250g,Snacks,16
2026-02-12,P005,Britannia Marie Gold 250g,Snacks,10
2026-02-13,P005,Britannia Marie Gold 250g,Snacks,11
2026-02-14,P005,Britannia Marie Gold 250g,Snacks,12
2026-02-15,P005,Britannia Marie Gold 250g,Snacks,10
2026-02-16,P005,Britannia Marie Gold 250g,Snacks,12
2026-02-17,P005,Britannia Marie Gold 250g,Snacks,15
2026-02-18,P005,Britannia Marie Gold 250g,Snacks,13
2026-02-19,P005,Britannia Marie Gold 250g,Snacks,12
2026-02-20,P005,Britannia Marie Gold 250g,Snacks,9
2026-02-21,P005,Britannia Marie Gold 250g,Snacks,9
2026-02-22,P005,Britannia Marie Gold 250g,Snacks,7
2026-02-23,P005,Britannia Marie Gold 250g,Snacks,10
2026-02-24,P005,Britannia Marie Gold 250g,Snacks,12
2026-02-25,P005,Britannia Marie Gold 250g,Snacks,13
2026-02-26,P005,Britannia Marie Gold 250g,Snacks,11
2026-02-27,P005,Britannia Marie Gold 250g,Snacks,7
2026-02-28,P005,Britannia Marie Gold 250g,Snacks,7
2026-03-01,P005,Britannia Marie Gold 250g,Snacks,9
2026-03-02,P005,Britannia Marie Gold 250g,Snacks,12
2026-03-03,P005,Britannia Marie Gold 250g,Snacks,14
2026-03-04,P005,Britannia Marie Gold 250g,Snacks,12
2026-03-05,P005,Britannia Marie Gold 250g,Snacks,44
2026-03-06,P005,Britannia Marie Gold 250g,Snacks,9
2026-03-07,P005,Britannia Marie Gold 250g,Snacks,11
2026-03-08,P005,Britannia Marie Gold 250g,Snacks,10
2026-03-09,P005,Britannia Marie Gold 250g,Snacks,10
2026-03-10,P005,Britannia Marie Gold 250g,Snacks,12
2026-03-11,P005,Britannia Marie Gold 250g,Snacks,15
2026-03-12,P005,Britannia Marie Gold 250g,Snacks,11
2026-03-13,P005,Britannia Marie Gold 250g,Snacks,12
2026-03-14,P005,Britannia Marie Gold 250g,Snacks,11
2026-03-15,P005,Britannia Marie Gold 250g,Snacks,7
2026-03-16,P005,Britannia Marie Gold 250g,Snacks,15
2026-03-17,P005,Britannia Marie Gold 250g,Snacks,14
2026-03-18,P005,Britannia Marie Gold 250g,Snacks,14
2026-03-19,P005,Britannia Marie Gold 250g,Snacks,10
2026-03-20,P005,Britannia Marie Gold 250g,Snacks,12
2026-03-21,P005,Britannia Marie Gold 250g,Snacks,8
2026-03-22,P005,Britannia Marie Gold 250g,Snacks,11
2026-03-23,P005,Britannia Marie Gold 250g,Snacks,8
2026-03-24,P005,Britannia Marie Gold 250g,Snacks,15
2026-03-25,P005,Britannia Marie Gold 250g,Snacks,12
2026-03-26,P005,Britannia Marie Gold 250g,Snacks,11
2026-03-27,P005,Britannia Marie Gold 250g,Snacks,13
2026-03-28,P005,Britannia Marie Gold 250g,Snacks,12
2024-03-28,P006,Surf Excel Matic 1kg,Household,9
2024-03-29,P006,Surf Excel Matic 1kg,Household,4
2024-03-30,P006,Surf Excel Matic 1kg,Household,9
2024-03-31,P006,Surf Excel Matic 1kg,Household,6
2024-04-01,P006,Surf Excel Matic 1kg,Household,8
2024-04-02,P006,Surf Excel Matic 1kg,Household,9
2024-04-03,P006,Surf Excel Matic 1kg,Household,11
2024-04-04,P006,Surf Excel Matic 1kg,Household,7
2024-04-05,P006,Surf Excel Matic 1kg,Household,9
2024-04-06,P006,Surf Excel Matic 1kg,Household,8
2024-04-07,P006,Surf Excel Matic 1kg,Household,6
2024-04-08,P006,Surf Excel Matic 1kg,Household,9
2024-04-09,P006,Surf Excel Matic 1kg,Household,9
2024-04-10,P006,Surf Excel Matic 1kg,Household,10
2024-04-11,P006,Surf Excel Matic 1kg,Household,7
2024-04-12,P006,Surf Excel Matic 1kg,Household,9
2024-04-13,P006,Surf Excel Matic 1kg,Household,8
2024-04-14,P006,Surf Excel Matic 1kg,Household,7
2024-04-15,P006,Surf Excel Matic 1kg,Household,7
2024-04-16,P006,Surf Excel Matic 1kg,Household,8
2024-04-17,P006,Surf Excel Matic 1kg,Household,10
2024-04-18,P006,Surf Excel Matic 1kg,Household,7
2024-04-19,P006,Surf Excel Matic 1kg,Household,5
2024-04-20,P006,Surf Excel Matic 1kg,Household,5
2024-04-21,P006,Surf Excel Matic 1kg,Household,10
2024-04-22,P006,Surf Excel Matic 1kg,Household,7
2024-04-23,P006,Surf Excel Matic 1kg,Household,12
2024-04-24,P006,Surf Excel Matic 1kg,Household,9
2024-04-25,P006,Surf Excel Matic 1kg,Household,10
2024-04-26,P006,Surf Excel Matic 1kg,Household,9
2024-04-27,P006,Surf Excel Matic 1kg,Household,6
2024-04-28,P006,Surf Excel Matic 1kg,Household,4
2024-04-29,P006,Surf Excel Matic 1kg,Household,5
2024-04-30,P006,Surf Excel Matic 1kg,Household,9
2024-05-01,P006,Surf Excel Matic 1kg,Household,13
2024-05-02,P006,Surf Excel Matic 1kg,Household,7
2024-05-03,P006,Surf Excel Matic 1kg,Household,8
2024-05-04,P006,Surf Excel Matic 1kg,Household,10
2024-05-05,P006,Surf Excel Matic 1kg,Household,8
2024-05-06,P006,Surf Excel Matic 1kg,Household,9
2024-05-07,P006,Surf Excel Matic 1kg,Household,11
2024-05-08,P006,Surf Excel Matic 1kg,Household,10
2024-05-09,P006,Surf Excel Matic 1kg,Household,7
2024-05-10,P006,Surf Excel Matic 1kg,Household,6
2024-05-11,P006,Surf Excel Matic 1kg,Household,8
2024-05-12,P006,Surf Excel Matic 1kg,Household,9
2024-05-13,P006,Surf Excel Matic 1kg,Household,11
2024-05-14,P006,Surf Excel Matic 1kg,Household,11
2024-05-15,P006,Surf Excel Matic 1kg,Household,11
2024-05-16,P006,Surf Excel Matic 1kg,Household,8
2024-05-17,P006,Surf Excel Matic 1kg,Household,7
2024-05-18,P006,Surf Excel Matic 1kg,Household,8
2024-05-19,P006,Surf Excel Matic 1kg,Household,10
2024-05-20,P006,Surf Excel Matic 1kg,Household,7
2024-05-21,P006,Surf Excel Matic 1kg,Household,8
2024-05-22,P006,Surf Excel Matic 1kg,Household,9
2024-05-23,P006,Surf Excel Matic 1kg,Household,8
2024-05-24,P006,Surf Excel Matic 1kg,Household,9
2024-05-25,P006,Surf Excel Matic 1kg,Household,6
2024-05-26,P006,Surf Excel Matic 1kg,Household,4
2024-05-27,P006,Surf Excel Matic 1kg,Household,8
2024-05-28,P006,Surf Excel Matic 1kg,Household,10
2024-05-29,P006,Surf Excel Matic 1kg,Household,8
2024-05-30,P006,Surf Excel Matic 1kg,Household,6
2024-05-31,P006,Surf Excel Matic 1kg,Household,9
2024-06-01,P006,Surf Excel Matic 1kg,Household,8
2024-06-02,P006,Surf Excel Matic 1kg,Household,8
2024-06-03,P006,Surf Excel Matic 1kg,Household,8
2024-06-04,P006,Surf Excel Matic 1kg,Household,9
2024-06-05,P006,Surf Excel Matic 1kg,Household,10
2024-06-06,P006,Surf Excel Matic 1kg,Household,8
2024-06-07,P006,Surf Excel Matic 1kg,Household,5
2024-06-08,P006,Surf Excel Matic 1kg,Household,10
2024-06-09,P006,Surf Excel Matic 1kg,Household,9
2024-06-10,P006,Surf Excel Matic 1kg,Household,8
2024-06-11,P006,Surf Excel Matic 1kg,Household,11
2024-06-12,P006,Surf Excel Matic 1kg,Household,12
2024-06-13,P006,Surf Excel Matic 1kg,Household,7
2024-06-14,P006,Surf Excel Matic 1kg,Household,7
2024-06-15,P006,Surf Excel Matic 1kg,Household,10
2024-06-16,P006,Surf Excel Matic 1kg,Household,11
2024-06-17,P006,Surf Excel Matic 1kg,Household,9
2024-06-18,P006,Surf Excel Matic 1kg,Household,8
2024-06-19,P006,Surf Excel Matic 1kg,Household,9
2024-06-20,P006,Surf Excel Matic 1kg,Household,9
2024-06-21,P006,Surf Excel Matic 1kg,Household,6
2024-06-22,P006,Surf Excel Matic 1kg,Household,7
2024-06-23,P006,Surf Excel Matic 1kg,Household,8
2024-06-24,P006,Surf Excel Matic 1kg,Household,7
2024-06-25,P006,Surf Excel Matic 1kg,Household,12
2024-06-26,P006,Surf Excel Matic 1kg,Household,11
2024-06-27,P006,Surf Excel Matic 1kg,Household,11
2024-06-28,P006,Surf Excel Matic 1kg,Household,9
2024-06-29,P006,Surf Excel Matic 1kg,Household,6
2024-06-30,P006,Surf Excel Matic 1kg,Household,9
2024-07-01,P006,Surf Excel Matic 1kg,Household,10
2024-07-02,P006,Surf Excel Matic 1kg,Household,12
2024-07-03,P006,Surf Excel Matic 1kg,Household,9
2024-07-04,P006,Surf Excel Matic 1kg,Household,6
2024-07-05,P006,Surf Excel Matic 1kg,Household,6
2024-07-06,P006,Surf Excel Matic 1kg,Household,10
2024-07-07,P006,Surf Excel Matic 1kg,Household,9
2024-07-08,P006,Surf Excel Matic 1kg,Household,7
2024-07-09,P006,Surf Excel Matic 1kg,Household,10
2024-07-10,P006,Surf Excel Matic 1kg,Household,10
2024-07-11,P006,Surf Excel Matic 1kg,Household,6
2024-07-12,P006,Surf Excel Matic 1kg,Household,8
2024-07-13,P006,Surf Excel Matic 1kg,Household,8
2024-07-14,P006,Surf Excel Matic 1kg,Household,11
2024-07-15,P006,Surf Excel Matic 1kg,Household,8
2024-07-16,P006,Surf Excel Matic 1kg,Household,7
2024-07-17,P006,Surf Excel Matic 1kg,Household,9
2024-07-18,P006,Surf Excel Matic 1kg,Household,6
2024-07-19,P006,Surf Excel Matic 1kg,Household,7
2024-07-20,P006,Surf Excel Matic 1kg,Household,6
2024-07-21,P006,Surf Excel Matic 1kg,Household,9
2024-07-22,P006,Surf Excel Matic 1kg,Household,7
2024-07-23,P006,Surf Excel Matic 1kg,Household,10
2024-07-24,P006,Surf Excel Matic 1kg,Household,13
2024-07-25,P006,Surf Excel Matic 1kg,Household,9
2024-07-26,P006,Surf Excel Matic 1kg,Household,8
2024-07-27,P006,Surf Excel Matic 1kg,Household,11
2024-07-28,P006,Surf Excel Matic 1kg,Household,10
2024-07-29,P006,Surf Excel Matic 1kg,Household,10
2024-07-30,P006,Surf Excel Matic 1kg,Household,10
2024-07-31,P006,Surf Excel Matic 1kg,Household,10
2024-08-01,P006,Surf Excel Matic 1kg,Household,8
2024-08-02,P006,Surf Excel Matic 1kg,Household,7
2024-08-03,P006,Surf Excel Matic 1kg,Household,8
2024-08-04,P006,Surf Excel Matic 1kg,Household,30
2024-08-05,P006,Surf Excel Matic 1kg,Household,7
2024-08-06,P006,Surf Excel Matic 1kg,Household,13
2024-08-07,P006,Surf Excel Matic 1kg,Household,11
2024-08-08,P006,Surf Excel Matic 1kg,Household,7
2024-08-09,P006,Surf Excel Matic 1kg,Household,8
2024-08-10,P006,Surf Excel Matic 1kg,Household,9
2024-08-11,P006,Surf Excel Matic 1kg,Household,5
2024-08-12,P006,Surf Excel Matic 1kg,Household,8
2024-08-13,P006,Surf Excel Matic 1kg,Household,8
2024-08-14,P006,Surf Excel Matic 1kg,Household,15
2024-08-15,P006,Surf Excel Matic 1kg,Household,8
2024-08-16,P006,Surf Excel Matic 1kg,Household,6
2024-08-17,P006,Surf Excel Matic 1kg,Household,14
2024-08-18,P006,Surf Excel Matic 1kg,Household,7
2024-08-19,P006,Surf Excel Matic 1kg,Household,8
2024-08-20,P006,Surf Excel Matic 1kg,Household,10
2024-08-21,P006,Surf Excel Matic 1kg,Household,9
2024-08-22,P006,Surf Excel Matic 1kg,Household,8
2024-08-23,P006,Surf Excel Matic 1kg,Household,4
2024-08-24,P006,Surf Excel Matic 1kg,Household,10
2024-08-25,P006,Surf Excel Matic 1kg,Household,6
2024-08-26,P006,Surf Excel Matic 1kg,Household,8
2024-08-27,P006,Surf Excel Matic 1kg,Household,12
2024-08-28,P006,Surf Excel Matic 1kg,Household,10
2024-08-29,P006,Surf Excel Matic 1kg,Household,8
2024-08-30,P006,Surf Excel Matic 1kg,Household,6
2024-08-31,P006,Surf Excel Matic 1kg,Household,11
2024-09-01,P006,Surf Excel Matic 1kg,Household,9
2024-09-02,P006,Surf Excel Matic 1kg,Household,7
2024-09-03,P006,Surf Excel Matic 1kg,Household,11
2024-09-04,P006,Surf Excel Matic 1kg,Household,9
2024-09-05,P006,Surf Excel Matic 1kg,Household,11
2024-09-06,P006,Surf Excel Matic 1kg,Household,8
2024-09-07,P006,Surf Excel Matic 1kg,Household,6
2024-09-08,P006,Surf Excel Matic 1kg,Household,9
2024-09-09,P006,Surf Excel Matic 1kg,Household,8
2024-09-10,P006,Surf Excel Matic 1kg,Household,8
2024-09-11,P006,Surf Excel Matic 1kg,Household,11
2024-09-12,P006,Surf Excel Matic 1kg,Household,8
2024-09-13,P006,Surf Excel Matic 1kg,Household,10
2024-09-14,P006,Surf Excel Matic 1kg,Household,8
2024-09-15,P006,Surf Excel Matic 1kg,Household,8
2024-09-16,P006,Surf Excel Matic 1kg,Household,9
2024-09-17,P006,Surf Excel Matic 1kg,Household,13
2024-09-18,P006,Surf Excel Matic 1kg,Household,10
2024-09-19,P006,Surf Excel Matic 1kg,Household,9
2024-09-20,P006,Surf Excel Matic 1kg,Household,9
2024-09-21,P006,Surf Excel Matic 1kg,Household,8
2024-09-22,P006,Surf Excel Matic 1kg,Household,7
2024-09-23,P006,Surf Excel Matic 1kg,Household,9
2024-09-24,P006,Surf Excel Matic 1kg,Household,10
2024-09-25,P006,Surf Excel Matic 1kg,Household,14
2024-09-26,P006,Surf Excel Matic 1kg,Household,7
2024-09-27,P006,Surf Excel Matic 1kg,Household,6
2024-09-28,P006,Surf Excel Matic 1kg,Household,8
2024-09-29,P006,Surf Excel Matic 1kg,Household,8
2024-09-30,P006,Surf Excel Matic 1kg,Household,9
2024-10-01,P006,Surf Excel Matic 1kg,Household,10
2024-10-02,P006,Surf Excel Matic 1kg,Household,11
2024-10-03,P006,Surf Excel Matic 1kg,Household,8
2024-10-04,P006,Surf Excel Matic 1kg,Household,9
2024-10-05,P006,Surf Excel Matic 1kg,Household,8
2024-10-06,P006,Surf Excel Matic 1kg,Household,8
2024-10-07,P006,Surf Excel Matic 1kg,Household,10
2024-10-08,P006,Surf Excel Matic 1kg,Household,12
2024-10-09,P006,Surf Excel Matic 1kg,Household,9
2024-10-10,P006,Surf Excel Matic 1kg,Household,6
2024-10-11,P006,Surf Excel Matic 1kg,Household,11
2024-10-12,P006,Surf Excel Matic 1kg,Household,9
2024-10-13,P006,Surf Excel Matic 1kg,Household,8
2024-10-14,P006,Surf Excel Matic 1kg,Household,9
2024-10-15,P006,Surf Excel Matic 1kg,Household,10
2024-10-16,P006,Surf Excel Matic 1kg,Household,11
2024-10-17,P006,Surf Excel Matic 1kg,Household,6
2024-10-18,P006,Surf Excel Matic 1kg,Household,9
2024-10-19,P006,Surf Excel Matic 1kg,Household,8
2024-10-20,P006,Surf Excel Matic 1kg,Household,8
2024-10-21,P006,Surf Excel Matic 1kg,Household,7
2024-10-22,P006,Surf Excel Matic 1kg,Household,11
2024-10-23,P006,Surf Excel Matic 1kg,Household,9
2024-10-24,P006,Surf Excel Matic 1kg,Household,7
2024-10-25,P006,Surf Excel Matic 1kg,Household,8
2024-10-26,P006,Surf Excel Matic 1kg,Household,12
2024-10-27,P006,Surf Excel Matic 1kg,Household,8
2024-10-28,P006,Surf Excel Matic 1kg,Household,5
2024-10-29,P006,Surf Excel Matic 1kg,Household,9
2024-10-30,P006,Surf Excel Matic 1kg,Household,12
2024-10-31,P006,Surf Excel Matic 1kg,Household,6
2024-11-01,P006,Surf Excel Matic 1kg,Household,9
2024-11-02,P006,Surf Excel Matic 1kg,Household,8
2024-11-03,P006,Surf Excel Matic 1kg,Household,10
2024-11-04,P006,Surf Excel Matic 1kg,Household,8
2024-11-05,P006,Surf Excel Matic 1kg,Household,10
2024-11-06,P006,Surf Excel Matic 1kg,Household,11
2024-11-07,P006,Surf Excel Matic 1kg,Household,8
2024-11-08,P006,Surf Excel Matic 1kg,Household,8
2024-11-09,P006,Surf Excel Matic 1kg,Household,11
2024-11-10,P006,Surf Excel Matic 1kg,Household,9
2024-11-11,P006,Surf Excel Matic 1kg,Household,6
2024-11-12,P006,Surf Excel Matic 1kg,Household,48
2024-11-13,P006,Surf Excel Matic 1kg,Household,12
2024-11-14,P006,Surf Excel Matic 1kg,Household,10
2024-11-15,P006,Surf Excel Matic 1kg,Household,7
2024-11-16,P006,Surf Excel Matic 1kg,Household,9
2024-11-17,P006,Surf Excel Matic 1kg,Household,8
2024-11-18,P006,Surf Excel Matic 1kg,Household,7
2024-11-19,P006,Surf Excel Matic 1kg,Household,12
2024-11-20,P006,Surf Excel Matic 1kg,Household,10
2024-11-21,P006,Surf Excel Matic 1kg,Household,10
2024-11-22,P006,Surf Excel Matic 1kg,Household,7
2024-11-23,P006,Surf Excel Matic 1kg,Household,6
2024-11-24,P006,Surf Excel Matic 1kg,Household,8
2024-11-25,P006,Surf Excel Matic 1kg,Household,9
2024-11-26,P006,Surf Excel Matic 1kg,Household,10
2024-11-27,P006,Surf Excel Matic 1kg,Household,6
2024-11-28,P006,Surf Excel Matic 1kg,Household,9
2024-11-29,P006,Surf Excel Matic 1kg,Household,9
2024-11-30,P006,Surf Excel Matic 1kg,Household,9
2024-12-01,P006,Surf Excel Matic 1kg,Household,7
2024-12-02,P006,Surf Excel Matic 1kg,Household,8
2024-12-03,P006,Surf Excel Matic 1kg,Household,13
2024-12-04,P006,Surf Excel Matic 1kg,Household,8
2024-12-05,P006,Surf Excel Matic 1kg,Household,8
2024-12-06,P006,Surf Excel Matic 1kg,Household,8
2024-12-07,P006,Surf Excel Matic 1kg,Household,9
2024-12-08,P006,Surf Excel Matic 1kg,Household,8
2024-12-09,P006,Surf Excel Matic 1kg,Household,7
2024-12-10,P006,Surf Excel Matic 1kg,Household,13
2024-12-11,P006,Surf Excel Matic 1kg,Household,11
2024-12-12,P006,Surf Excel Matic 1kg,Household,5
2024-12-13,P006,Surf Excel Matic 1kg,Household,8
2024-12-14,P006,Surf Excel Matic 1kg,Household,9
2024-12-15,P006,Surf Excel Matic 1kg,Household,11
2024-12-16,P006,Surf Excel Matic 1kg,Household,10
2024-12-17,P006,Surf Excel Matic 1kg,Household,8
2024-12-18,P006,Surf Excel Matic 1kg,Household,8
2024-12-19,P006,Surf Excel Matic 1kg,Household,31
2024-12-20,P006,Surf Excel Matic 1kg,Household,7
2024-12-21,P006,Surf Excel Matic 1kg,Household,6
2024-12-22,P006,Surf Excel Matic 1kg,Household,10
2024-12-23,P006,Surf Excel Matic 1kg,Household,8
2024-12-24,P006,Surf Excel Matic 1kg,Household,12
2024-12-25,P006,Surf Excel Matic 1kg,Household,9
2024-12-26,P006,Surf Excel Matic 1kg,Household,10
2024-12-27,P006,Surf Excel Matic 1kg,Household,9
2024-12-28,P006,Surf Excel Matic 1kg,Household,7
2024-12-29,P006,Surf Excel Matic 1kg,Household,5
2024-12-30,P006,Surf Excel Matic 1kg,Household,13
2024-12-31,P006,Surf Excel Matic 1kg,Household,10
2025-01-01,P006,Surf Excel Matic 1kg,Household,9
2025-01-02,P006,Surf Excel Matic 1kg,Household,10
2025-01-03,P006,Surf Excel Matic 1kg,Household,10
2025-01-04,P006,Surf Excel Matic 1kg,Household,10
2025-01-05,P006,Surf Excel Matic 1kg,Household,8
2025-01-06,P006,Surf Excel Matic 1kg,Household,12
2025-01-07,P006,Surf Excel Matic 1kg,Household,9
2025-01-08,P006,Surf Excel Matic 1kg,Household,10
2025-01-09,P006,Surf Excel Matic 1kg,Household,9
2025-01-10,P006,Surf Excel Matic 1kg,Household,10
2025-01-11,P006,Surf Excel Matic 1kg,Household,9
2025-01-12,P006,Surf Excel Matic 1kg,Household,8
2025-01-13,P006,Surf Excel Matic 1kg,Household,8
2025-01-14,P006,Surf Excel Matic 1kg,Household,13
2025-01-15,P006,Surf Excel Matic 1kg,Household,12
2025-01-16,P006,Surf Excel Matic 1kg,Household,7
2025-01-17,P006,Surf Excel Matic 1kg,Household,7
2025-01-18,P006,Surf Excel Matic 1kg,Household,7
2025-01-19,P006,Surf Excel Matic 1kg,Household,7
2025-01-20,P006,Surf Excel Matic 1kg,Household,11
2025-01-21,P006,Surf Excel Matic 1kg,Household,11
2025-01-22,P006,Surf Excel Matic 1kg,Household,12
2025-01-23,P006,Surf Excel Matic 1kg,Household,54
2025-01-24,P006,Surf Excel Matic 1kg,Household,9
2025-01-25,P006,Surf Excel Matic 1kg,Household,6
2025-01-26,P006,Surf Excel Matic 1kg,Household,9
2025-01-27,P006,Surf Excel Matic 1kg,Household,8
2025-01-28,P006,Surf Excel Matic 1kg,Household,11
2025-01-29,P006,Surf Excel Matic 1kg,Household,10
2025-01-30,P006,Surf Excel Matic 1kg,Household,8
2025-01-31,P006,Surf Excel Matic 1kg,Household,9
2025-02-01,P006,Surf Excel Matic 1kg,Household,7
2025-02-02,P006,Surf Excel Matic 1kg,Household,9
2025-02-03,P006,Surf Excel Matic 1kg,Household,8
2025-02-04,P006,Surf Excel Matic 1kg,Household,13
2025-02-05,P006,Surf Excel Matic 1kg,Household,9
2025-02-06,P006,Surf Excel Matic 1kg,Household,7
2025-02-07,P006,Surf Excel Matic 1kg,Household,8
2025-02-08,P006,Surf Excel Matic 1kg,Household,7
2025-02-09,P006,Surf Excel Matic 1kg,Household,8
2025-02-10,P006,Surf Excel Matic 1kg,Household,8
2025-02-11,P006,Surf Excel Matic 1kg,Household,11
2025-02-12,P006,Surf Excel Matic 1kg,Household,12
2025-02-13,P006,Surf Excel Matic 1kg,Household,8
2025-02-14,P006,Surf Excel Matic 1kg,Household,8
2025-02-15,P006,Surf Excel Matic 1kg,Household,7
2025-02-16,P006,Surf Excel Matic 1kg,Household,8
2025-02-17,P006,Surf Excel Matic 1kg,Household,8
2025-02-18,P006,Surf Excel Matic 1kg,Household,12
2025-02-19,P006,Surf Excel Matic 1kg,Household,10
2025-02-20,P006,Surf Excel Matic 1kg,Household,7
2025-02-21,P006,Surf Excel Matic 1kg,Household,9
2025-02-22,P006,Surf Excel Matic 1kg,Household,11
2025-02-23,P006,Surf Excel Matic 1kg,Household,8
2025-02-24,P006,Surf Excel Matic 1kg,Household,9
2025-02-25,P006,Surf Excel Matic 1kg,Household,12
2025-02-26,P006,Surf Excel Matic 1kg,Household,12
2025-02-27,P006,Surf Excel Matic 1kg,Household,9
2025-02-28,P006,Surf Excel Matic 1kg,Household,8
2025-03-01,P006,Surf Excel Matic 1kg,Household,8
2025-03-02,P006,Surf Excel Matic 1kg,Household,7
2025-03-03,P006,Surf Excel Matic 1kg,Household,10
2025-03-04,P006,Surf Excel Matic 1kg,Household,12
2025-03-05,P006,Surf Excel Matic 1kg,Household,12
2025-03-06,P006,Surf Excel Matic 1kg,Household,7
2025-03-07,P006,Surf Excel Matic 1kg,Household,10
2025-03-08,P006,Surf Excel Matic 1kg,Household,10
2025-03-09,P006,Surf Excel Matic 1kg,Household,6
2025-03-10,P006,Surf Excel Matic 1kg,Household,9
2025-03-11,P006,Surf Excel Matic 1kg,Household,13
2025-03-12,P006,Surf Excel Matic 1kg,Household,10
2025-03-13,P006,Surf Excel Matic 1kg,Household,9
2025-03-14,P006,Surf Excel Matic 1kg,Household,8
2025-03-15,P006,Surf Excel Matic 1kg,Household,9
2025-03-16,P006,Surf Excel Matic 1kg,Household,8
2025-03-17,P006,Surf Excel Matic 1kg,Household,10
2025-03-18,P006,Surf Excel Matic 1kg,Household,9
2025-03-19,P006,Surf Excel Matic 1kg,Household,9
2025-03-20,P006,Surf Excel Matic 1kg,Household,11
2025-03-21,P006,Surf Excel Matic 1kg,Household,12
2025-03-22,P006,Surf Excel Matic 1kg,Household,8
2025-03-23,P006,Surf Excel Matic 1kg,Household,11
2025-03-24,P006,Surf Excel Matic 1kg,Household,8
2025-03-25,P006,Surf Excel Matic 1kg,Household,10
2025-03-26,P006,Surf Excel Matic 1kg,Household,13
2025-03-27,P006,Surf Excel Matic 1kg,Household,10
2025-03-28,P006,Surf Excel Matic 1kg,Household,11
2025-03-29,P006,Surf Excel Matic 1kg,Household,9
2025-03-30,P006,Surf Excel Matic 1kg,Household,7
2025-03-31,P006,Surf Excel Matic 1kg,Household,10
2025-04-01,P006,Surf Excel Matic 1kg,Household,13
2025-04-02,P006,Surf Excel Matic 1kg,Household,11
2025-04-03,P006,Surf Excel Matic 1kg,Household,8
2025-04-04,P006,Surf Excel Matic 1kg,Household,9
2025-04-05,P006,Surf Excel Matic 1kg,Household,7
2025-04-06,P006,Surf Excel Matic 1kg,Household,9
2025-04-07,P006,Surf Excel Matic 1kg,Household,9
2025-04-08,P006,Surf Excel Matic 1kg,Household,10
2025-04-09,P006,Surf Excel Matic 1kg,Household,13
2025-04-10,P006,Surf Excel Matic 1kg,Household,9
2025-04-11,P006,Surf Excel Matic 1kg,Household,8
2025-04-12,P006,Surf Excel Matic 1kg,Household,8
2025-04-13,P006,Surf Excel Matic 1kg,Household,8
2025-04-14,P006,Surf Excel Matic 1kg,Household,8
2025-04-15,P006,Surf Excel Matic 1kg,Household,8
2025-04-16,P006,Surf Excel Matic 1kg,Household,10
2025-04-17,P006,Surf Excel Matic 1kg,Household,7
2025-04-18,P006,Surf Excel Matic 1kg,Household,9
2025-04-19,P006,Surf Excel Matic 1kg,Household,9
2025-04-20,P006,Surf Excel Matic 1kg,Household,7
2025-04-21,P006,Surf Excel Matic 1kg,Household,10
2025-04-22,P006,Surf Excel Matic 1kg,Household,9
2025-04-23,P006,Surf Excel Matic 1kg,Household,11
2025-04-24,P006,Surf Excel Matic 1kg,Household,7
2025-04-25,P006,Surf Excel Matic 1kg,Household,10
2025-04-26,P006,Surf Excel Matic 1kg,Household,9
2025-04-27,P006,Surf Excel Matic 1kg,Household,8
2025-04-28,P006,Surf Excel Matic 1kg,Household,8
2025-04-29,P006,Surf Excel Matic 1kg,Household,11
2025-04-30,P006,Surf Excel Matic 1kg,Household,14
2025-05-01,P006,Surf Excel Matic 1kg,Household,8
2025-05-02,P006,Surf Excel Matic 1kg,Household,9
2025-05-03,P006,Surf Excel Matic 1kg,Household,8
2025-05-04,P006,Surf Excel Matic 1kg,Household,9
2025-05-05,P006,Surf Excel Matic 1kg,Household,11
2025-05-06,P006,Surf Excel Matic 1kg,Household,10
2025-05-07,P006,Surf Excel Matic 1kg,Household,12
2025-05-08,P006,Surf Excel Matic 1kg,Household,13
2025-05-09,P006,Surf Excel Matic 1kg,Household,9
2025-05-10,P006,Surf Excel Matic 1kg,Household,11
2025-05-11,P006,Surf Excel Matic 1kg,Household,9
2025-05-12,P006,Surf Excel Matic 1kg,Household,8
2025-05-13,P006,Surf Excel Matic 1kg,Household,12
2025-05-14,P006,Surf Excel Matic 1kg,Household,11
2025-05-15,P006,Surf Excel Matic 1kg,Household,7
2025-05-16,P006,Surf Excel Matic 1kg,Household,8
2025-05-17,P006,Surf Excel Matic 1kg,Household,8
2025-05-18,P006,Surf Excel Matic 1kg,Household,7
2025-05-19,P006,Surf Excel Matic 1kg,Household,14
2025-05-20,P006,Surf Excel Matic 1kg,Household,12
2025-05-21,P006,Surf Excel Matic 1kg,Household,11
2025-05-22,P006,Surf Excel Matic 1kg,Household,9
2025-05-23,P006,Surf Excel Matic 1kg,Household,10
2025-05-24,P006,Surf Excel Matic 1kg,Household,12
2025-05-25,P006,Surf Excel Matic 1kg,Household,10
2025-05-26,P006,Surf Excel Matic 1kg,Household,10
2025-05-27,P006,Surf Excel Matic 1kg,Household,13
2025-05-28,P006,Surf Excel Matic 1kg,Household,11
2025-05-29,P006,Surf Excel Matic 1kg,Household,9
2025-05-30,P006,Surf Excel Matic 1kg,Household,10
2025-05-31,P006,Surf Excel Matic 1kg,Household,8
2025-06-01,P006,Surf Excel Matic 1kg,Household,5
2025-06-02,P006,Surf Excel Matic 1kg,Household,9
2025-06-03,P006,Surf Excel Matic 1kg,Household,12
2025-06-04,P006,Surf Excel Matic 1kg,Household,12
2025-06-05,P006,Surf Excel Matic 1kg,Household,11
2025-06-06,P006,Surf Excel Matic 1kg,Household,8
2025-06-07,P006,Surf Excel Matic 1kg,Household,11
2025-06-08,P006,Surf Excel Matic 1kg,Household,9
2025-06-09,P006,Surf Excel Matic 1kg,Household,10
2025-06-10,P006,Surf Excel Matic 1kg,Household,13
2025-06-11,P006,Surf Excel Matic 1kg,Household,9
2025-06-12,P006,Surf Excel Matic 1kg,Household,7
2025-06-13,P006,Surf Excel Matic 1kg,Household,7
2025-06-14,P006,Surf Excel Matic 1kg,Household,10
2025-06-15,P006,Surf Excel Matic 1kg,Household,8
2025-06-16,P006,Surf Excel Matic 1kg,Household,13
2025-06-17,P006,Surf Excel Matic 1kg,Household,11
2025-06-18,P006,Surf Excel Matic 1kg,Household,9
2025-06-19,P006,Surf Excel Matic 1kg,Household,7
2025-06-20,P006,Surf Excel Matic 1kg,Household,9
2025-06-21,P006,Surf Excel Matic 1kg,Household,9
2025-06-22,P006,Surf Excel Matic 1kg,Household,7
2025-06-23,P006,Surf Excel Matic 1kg,Household,10
2025-06-24,P006,Surf Excel Matic 1kg,Household,13
2025-06-25,P006,Surf Excel Matic 1kg,Household,10
2025-06-26,P006,Surf Excel Matic 1kg,Household,12
2025-06-27,P006,Surf Excel Matic 1kg,Household,8
2025-06-28,P006,Surf Excel Matic 1kg,Household,7
2025-06-29,P006,Surf Excel Matic 1kg,Household,6
2025-06-30,P006,Surf Excel Matic 1kg,Household,11
2025-07-01,P006,Surf Excel Matic 1kg,Household,11
2025-07-02,P006,Surf Excel Matic 1kg,Household,10
2025-07-03,P006,Surf Excel Matic 1kg,Household,6
2025-07-04,P006,Surf Excel Matic 1kg,Household,8
2025-07-05,P006,Surf Excel Matic 1kg,Household,12
2025-07-06,P006,Surf Excel Matic 1kg,Household,5
2025-07-07,P006,Surf Excel Matic 1kg,Household,8
2025-07-08,P006,Surf Excel Matic 1kg,Household,61
2025-07-09,P006,Surf Excel Matic 1kg,Household,13
2025-07-10,P006,Surf Excel Matic 1kg,Household,8
2025-07-11,P006,Surf Excel Matic 1kg,Household,9
2025-07-12,P006,Surf Excel Matic 1kg,Household,9
2025-07-13,P006,Surf Excel Matic 1kg,Household,9
2025-07-14,P006,Surf Excel Matic 1kg,Household,12
2025-07-15,P006,Surf Excel Matic 1kg,Household,12
2025-07-16,P006,Surf Excel Matic 1kg,Household,13
2025-07-17,P006,Surf Excel Matic 1kg,Household,9
2025-07-18,P006,Surf Excel Matic 1kg,Household,5
2025-07-19,P006,Surf Excel Matic 1kg,Household,7
2025-07-20,P006,Surf Excel Matic 1kg,Household,7
2025-07-21,P006,Surf Excel Matic 1kg,Household,9
2025-07-22,P006,Surf Excel Matic 1kg,Household,44
2025-07-23,P006,Surf Excel Matic 1kg,Household,12
2025-07-24,P006,Surf Excel Matic 1kg,Household,8
2025-07-25,P006,Surf Excel Matic 1kg,Household,11
2025-07-26,P006,Surf Excel Matic 1kg,Household,6
2025-07-27,P006,Surf Excel Matic 1kg,Household,8
2025-07-28,P006,Surf Excel Matic 1kg,Household,8
2025-07-29,P006,Surf Excel Matic 1kg,Household,12
2025-07-30,P006,Surf Excel Matic 1kg,Household,13
2025-07-31,P006,Surf Excel Matic 1kg,Household,9
2025-08-01,P006,Surf Excel Matic 1kg,Household,9
2025-08-02,P006,Surf Excel Matic 1kg,Household,8
2025-08-03,P006,Surf Excel Matic 1kg,Household,54
2025-08-04,P006,Surf Excel Matic 1kg,Household,8
2025-08-05,P006,Surf Excel Matic 1kg,Household,12
2025-08-06,P006,Surf Excel Matic 1kg,Household,11
2025-08-07,P006,Surf Excel Matic 1kg,Household,7
2025-08-08,P006,Surf Excel Matic 1kg,Household,9
2025-08-09,P006,Surf Excel Matic 1kg,Household,6
2025-08-10,P006,Surf Excel Matic 1kg,Household,11
2025-08-11,P006,Surf Excel Matic 1kg,Household,11
2025-08-12,P006,Surf Excel Matic 1kg,Household,12
2025-08-13,P006,Surf Excel Matic 1kg,Household,9
2025-08-14,P006,Surf Excel Matic 1kg,Household,7
2025-08-15,P006,Surf Excel Matic 1kg,Household,9
2025-08-16,P006,Surf Excel Matic 1kg,Household,8
2025-08-17,P006,Surf Excel Matic 1kg,Household,6
2025-08-18,P006,Surf Excel Matic 1kg,Household,7
2025-08-19,P006,Surf Excel Matic 1kg,Household,11
2025-08-20,P006,Surf Excel Matic 1kg,Household,9
2025-08-21,P006,Surf Excel Matic 1kg,Household,11
2025-08-22,P006,Surf Excel Matic 1kg,Household,9
2025-08-23,P006,Surf Excel Matic 1kg,Household,7
2025-08-24,P006,Surf Excel Matic 1kg,Household,10
2025-08-25,P006,Surf Excel Matic 1kg,Household,11
2025-08-26,P006,Surf Excel Matic 1kg,Household,12
2025-08-27,P006,Surf Excel Matic 1kg,Household,11
2025-08-28,P006,Surf Excel Matic 1kg,Household,8
2025-08-29,P006,Surf Excel Matic 1kg,Household,8
2025-08-30,P006,Surf Excel Matic 1kg,Household,7
2025-08-31,P006,Surf Excel Matic 1kg,Household,11
2025-09-01,P006,Surf Excel Matic 1kg,Household,9
2025-09-02,P006,Surf Excel Matic 1kg,Household,11
2025-09-03,P006,Surf Excel Matic 1kg,Household,10
2025-09-04,P006,Surf Excel Matic 1kg,Household,8
2025-09-05,P006,Surf Excel Matic 1kg,Household,13
2025-09-06,P006,Surf Excel Matic 1kg,Household,7
2025-09-07,P006,Surf Excel Matic 1kg,Household,11
2025-09-08,P006,Surf Excel Matic 1kg,Household,10
2025-09-09,P006,Surf Excel Matic 1kg,Household,12
2025-09-10,P006,Surf Excel Matic 1kg,Household,13
2025-09-11,P006,Surf Excel Matic 1kg,Household,9
2025-09-12,P006,Surf Excel Matic 1kg,Household,39
2025-09-13,P006,Surf Excel Matic 1kg,Household,8
2025-09-14,P006,Surf Excel Matic 1kg,Household,8
2025-09-15,P006,Surf Excel Matic 1kg,Household,13
2025-09-16,P006,Surf Excel Matic 1kg,Household,9
2025-09-17,P006,Surf Excel Matic 1kg,Household,9
2025-09-18,P006,Surf Excel Matic 1kg,Household,6
2025-09-19,P006,Surf Excel Matic 1kg,Household,7
2025-09-20,P006,Surf Excel Matic 1kg,Household,10
2025-09-21,P006,Surf Excel Matic 1kg,Household,10
2025-09-22,P006,Surf Excel Matic 1kg,Household,9
2025-09-23,P006,Surf Excel Matic 1kg,Household,11
2025-09-24,P006,Surf Excel Matic 1kg,Household,10
2025-09-25,P006,Surf Excel Matic 1kg,Household,7
2025-09-26,P006,Surf Excel Matic 1kg,Household,10
2025-09-27,P006,Surf Excel Matic 1kg,Household,10
2025-09-28,P006,Surf Excel Matic 1kg,Household,8
2025-09-29,P006,Surf Excel Matic 1kg,Household,12
2025-09-30,P006,Surf Excel Matic 1kg,Household,13
2025-10-01,P006,Surf Excel Matic 1kg,Household,14
2025-10-02,P006,Surf Excel Matic 1kg,Household,8
2025-10-03,P006,Surf Excel Matic 1kg,Household,11
2025-10-04,P006,Surf Excel Matic 1kg,Household,12
2025-10-05,P006,Surf Excel Matic 1kg,Household,8
2025-10-06,P006,Surf Excel Matic 1kg,Household,9
2025-10-07,P006,Surf Excel Matic 1kg,Household,10
2025-10-08,P006,Surf Excel Matic 1kg,Household,10
2025-10-09,P006,Surf Excel Matic 1kg,Household,7
2025-10-10,P006,Surf Excel Matic 1kg,Household,7
2025-10-11,P006,Surf Excel Matic 1kg,Household,9
2025-10-12,P006,Surf Excel Matic 1kg,Household,8
2025-10-13,P006,Surf Excel Matic 1kg,Household,10
2025-10-14,P006,Surf Excel Matic 1kg,Household,12
2025-10-15,P006,Surf Excel Matic 1kg,Household,11
2025-10-16,P006,Surf Excel Matic 1kg,Household,9
2025-10-17,P006,Surf Excel Matic 1kg,Household,8
2025-10-18,P006,Surf Excel Matic 1kg,Household,8
2025-10-19,P006,Surf Excel Matic 1kg,Household,7
2025-10-20,P006,Surf Excel Matic 1kg,Household,10
2025-10-21,P006,Surf Excel Matic 1kg,Household,11
2025-10-22,P006,Surf Excel Matic 1kg,Household,10
2025-10-23,P006,Surf Excel Matic 1kg,Household,10
2025-10-24,P006,Surf Excel Matic 1kg,Household,10
2025-10-25,P006,Surf Excel Matic 1kg,Household,11
2025-10-26,P006,Surf Excel Matic 1kg,Household,7
2025-10-27,P006,Surf Excel Matic 1kg,Household,9
2025-10-28,P006,Surf Excel Matic 1kg,Household,12
2025-10-29,P006,Surf Excel Matic 1kg,Household,11
2025-10-30,P006,Surf Excel Matic 1kg,Household,10
2025-10-31,P006,Surf Excel Matic 1kg,Household,10
2025-11-01,P006,Surf Excel Matic 1kg,Household,10
2025-11-02,P006,Surf Excel Matic 1kg,Household,11
2025-11-03,P006,Surf Excel Matic 1kg,Household,11
2025-11-04,P006,Surf Excel Matic 1kg,Household,12
2025-11-05,P006,Surf Excel Matic 1kg,Household,11
2025-11-06,P006,Surf Excel Matic 1kg,Household,9
2025-11-07,P006,Surf Excel Matic 1kg,Household,7
2025-11-08,P006,Surf Excel Matic 1kg,Household,6
2025-11-09,P006,Surf Excel Matic 1kg,Household,10
2025-11-10,P006,Surf Excel Matic 1kg,Household,12
2025-11-11,P006,Surf Excel Matic 1kg,Household,11
2025-11-12,P006,Surf Excel Matic 1kg,Household,14
2025-11-13,P006,Surf Excel Matic 1kg,Household,9
2025-11-14,P006,Surf Excel Matic 1kg,Household,6
2025-11-15,P006,Surf Excel Matic 1kg,Household,10
2025-11-16,P006,Surf Excel Matic 1kg,Household,8
2025-11-17,P006,Surf Excel Matic 1kg,Household,11
2025-11-18,P006,Surf Excel Matic 1kg,Household,10
2025-11-19,P006,Surf Excel Matic 1kg,Household,12
2025-11-20,P006,Surf Excel Matic 1kg,Household,8
2025-11-21,P006,Surf Excel Matic 1kg,Household,9
2025-11-22,P006,Surf Excel Matic 1kg,Household,10
2025-11-23,P006,Surf Excel Matic 1kg,Household,10
2025-11-24,P006,Surf Excel Matic 1kg,Household,10
2025-11-25,P006,Surf Excel Matic 1kg,Household,9
2025-11-26,P006,Surf Excel Matic 1kg,Household,13
2025-11-27,P006,Surf Excel Matic 1kg,Household,10
2025-11-28,P006,Surf Excel Matic 1kg,Household,7
2025-11-29,P006,Surf Excel Matic 1kg,Household,7
2025-11-30,P006,Surf Excel Matic 1kg,Household,11
2025-12-01,P006,Surf Excel Matic 1kg,Household,9
2025-12-02,P006,Surf Excel Matic 1kg,Household,10
2025-12-03,P006,Surf Excel Matic 1kg,Household,12
2025-12-04,P006,Surf Excel Matic 1kg,Household,8
2025-12-05,P006,Surf Excel Matic 1kg,Household,9
2025-12-06,P006,Surf Excel Matic 1kg,Household,8
2025-12-07,P006,Surf Excel Matic 1kg,Household,8
2025-12-08,P006,Surf Excel Matic 1kg,Household,12
2025-12-09,P006,Surf Excel Matic 1kg,Household,8
2025-12-10,P006,Surf Excel Matic 1kg,Household,13
2025-12-11,P006,Surf Excel Matic 1kg,Household,30
2025-12-12,P006,Surf Excel Matic 1kg,Household,8
2025-12-13,P006,Surf Excel Matic 1kg,Household,10
2025-12-14,P006,Surf Excel Matic 1kg,Household,7
2025-12-15,P006,Surf Excel Matic 1kg,Household,9
2025-12-16,P006,Surf Excel Matic 1kg,Household,10
2025-12-17,P006,Surf Excel Matic 1kg,Household,13
2025-12-18,P006,Surf Excel Matic 1kg,Household,6
2025-12-19,P006,Surf Excel Matic 1kg,Household,12
2025-12-20,P006,Surf Excel Matic 1kg,Household,8
2025-12-21,P006,Surf Excel Matic 1kg,Household,10
2025-12-22,P006,Surf Excel Matic 1kg,Household,11
2025-12-23,P006,Surf Excel Matic 1kg,Household,12
2025-12-24,P006,Surf Excel Matic 1kg,Household,11
2025-12-25,P006,Surf Excel Matic 1kg,Household,11
2025-12-26,P006,Surf Excel Matic 1kg,Household,8
2025-12-27,P006,Surf Excel Matic 1kg,Household,8
2025-12-28,P006,Surf Excel Matic 1kg,Household,10
2025-12-29,P006,Surf Excel Matic 1kg,Household,10
2025-12-30,P006,Surf Excel Matic 1kg,Household,14
2025-12-31,P006,Surf Excel Matic 1kg,Household,12
2026-01-01,P006,Surf Excel Matic 1kg,Household,8
2026-01-02,P006,Surf Excel Matic 1kg,Household,9
2026-01-03,P006,Surf Excel Matic 1kg,Household,8
2026-01-04,P006,Surf Excel Matic 1kg,Household,8
2026-01-05,P006,Surf Excel Matic 1kg,Household,11
2026-01-06,P006,Surf Excel Matic 1kg,Household,15
2026-01-07,P006,Surf Excel Matic 1kg,Household,11
2026-01-08,P006,Surf Excel Matic 1kg,Household,48
2026-01-09,P006,Surf Excel Matic 1kg,Household,9
2026-01-10,P006,Surf Excel Matic 1kg,Household,10
2026-01-11,P006,Surf Excel Matic 1kg,Household,9
2026-01-12,P006,Surf Excel Matic 1kg,Household,12
2026-01-13,P006,Surf Excel Matic 1kg,Household,13
2026-01-14,P006,Surf Excel Matic 1kg,Household,10
2026-01-15,P006,Surf Excel Matic 1kg,Household,8
2026-01-16,P006,Surf Excel Matic 1kg,Household,7
2026-01-17,P006,Surf Excel Matic 1kg,Household,11
2026-01-18,P006,Surf Excel Matic 1kg,Household,6
2026-01-19,P006,Surf Excel Matic 1kg,Household,8
2026-01-20,P006,Surf Excel Matic 1kg,Household,11
2026-01-21,P006,Surf Excel Matic 1kg,Household,13
2026-01-22,P006,Surf Excel Matic 1kg,Household,8
2026-01-23,P006,Surf Excel Matic 1kg,Household,8
2026-01-24,P006,Surf Excel Matic 1kg,Household,8
2026-01-25,P006,Surf Excel Matic 1kg,Household,9
2026-01-26,P006,Surf Excel Matic 1kg,Household,8
2026-01-27,P006,Surf Excel Matic 1kg,Household,10
2026-01-28,P006,Surf Excel Matic 1kg,Household,15
2026-01-29,P006,Surf Excel Matic 1kg,Household,10
2026-01-30,P006,Surf Excel Matic 1kg,Household,10
2026-01-31,P006,Surf Excel Matic 1kg,Household,9
2026-02-01,P006,Surf Excel Matic 1kg,Household,9
2026-02-02,P006,Surf Excel Matic 1kg,Household,11
2026-02-03,P006,Surf Excel Matic 1kg,Household,13
2026-02-04,P006,Surf Excel Matic 1kg,Household,13
2026-02-05,P006,Surf Excel Matic 1kg,Household,9
2026-02-06,P006,Surf Excel Matic 1kg,Household,11
2026-02-07,P006,Surf Excel Matic 1kg,Household,5
2026-02-08,P006,Surf Excel Matic 1kg,Household,10
2026-02-09,P006,Surf Excel Matic 1kg,Household,9
2026-02-10,P006,Surf Excel Matic 1kg,Household,13
2026-02-11,P006,Surf Excel Matic 1kg,Household,11
2026-02-12,P006,Surf Excel Matic 1kg,Household,7
2026-02-13,P006,Surf Excel Matic 1kg,Household,10
2026-02-14,P006,Surf Excel Matic 1kg,Household,7
2026-02-15,P006,Surf Excel Matic 1kg,Household,8
2026-02-16,P006,Surf Excel Matic 1kg,Household,9
2026-02-17,P006,Surf Excel Matic 1kg,Household,12
2026-02-18,P006,Surf Excel Matic 1kg,Household,13
2026-02-19,P006,Surf Excel Matic 1kg,Household,8
2026-02-20,P006,Surf Excel Matic 1kg,Household,10
2026-02-21,P006,Surf Excel Matic 1kg,Household,10
2026-02-22,P006,Surf Excel Matic 1kg,Household,8
2026-02-23,P006,Surf Excel Matic 1kg,Household,9
2026-02-24,P006,Surf Excel Matic 1kg,Household,14
2026-02-25,P006,Surf Excel Matic 1kg,Household,12
2026-02-26,P006,Surf Excel Matic 1kg,Household,10
2026-02-27,P006,Surf Excel Matic 1kg,Household,10
2026-02-28,P006,Surf Excel Matic 1kg,Household,7
2026-03-01,P006,Surf Excel Matic 1kg,Household,8
2026-03-02,P006,Surf Excel Matic 1kg,Household,11
2026-03-03,P006,Surf Excel Matic 1kg,Household,9
2026-03-04,P006,Surf Excel Matic 1kg,Household,12
2026-03-05,P006,Surf Excel Matic 1kg,Household,8
2026-03-06,P006,Surf Excel Matic 1kg,Household,11
2026-03-07,P006,Surf Excel Matic 1kg,Household,10
2026-03-08,P006,Surf Excel Matic 1kg,Household,11
2026-03-09,P006,Surf Excel Matic 1kg,Household,10
2026-03-10,P006,Surf Excel Matic 1kg,Household,12
2026-03-11,P006,Surf Excel Matic 1kg,Household,11
2026-03-12,P006,Surf Excel Matic 1kg,Household,8
2026-03-13,P006,Surf Excel Matic 1kg,Household,13
2026-03-14,P006,Surf Excel Matic 1kg,Household,10
2026-03-15,P006,Surf Excel Matic 1kg,Household,7
2026-03-16,P006,Surf Excel Matic 1kg,Household,14
2026-03-17,P006,Surf Excel Matic 1kg,Household,11
2026-03-18,P006,Surf Excel Matic 1kg,Household,12
2026-03-19,P006,Surf Excel Matic 1kg,Household,11
2026-03-20,P006,Surf Excel Matic 1kg,Household,7
2026-03-21,P006,Surf Excel Matic 1kg,Household,8
2026-03-22,P006,Surf Excel Matic 1kg,Household,12
2026-03-23,P006,Surf Excel Matic 1kg,Household,10
2026-03-24,P006,Surf Excel Matic 1kg,Household,14
2026-03-25,P006,Surf Excel Matic 1kg,Household,11
2026-03-26,P006,Surf Excel Matic 1kg,Household,9
2026-03-27,P006,Surf Excel Matic 1kg,Household,12
2026-03-28,P006,Surf Excel Matic 1kg,Household,10
2024-03-28,P007,Colgate Toothpaste 100g,Personal Care,9
2024-03-29,P007,Colgate Toothpaste 100g,Personal Care,16
2024-03-30,P007,Colgate Toothpaste 100g,Personal Care,12
2024-03-31,P007,Colgate Toothpaste 100g,Personal Care,11
2024-04-01,P007,Colgate Toothpaste 100g,Personal Care,10
2024-04-02,P007,Colgate Toothpaste 100g,Personal Care,16
2024-04-03,P007,Colgate Toothpaste 100g,Personal Care,12
2024-04-04,P007,Colgate Toothpaste 100g,Personal Care,9
2024-04-05,P007,Colgate Toothpaste 100g,Personal Care,14
2024-04-06,P007,Colgate Toothpaste 100g,Personal Care,11
2024-04-07,P007,Colgate Toothpaste 100g,Personal Care,9
2024-04-08,P007,Colgate Toothpaste 100g,Personal Care,51
2024-04-09,P007,Colgate Toothpaste 100g,Personal Care,16
2024-04-10,P007,Colgate Toothpaste 100g,Personal Care,15
2024-04-11,P007,Colgate Toothpaste 100g,Personal Care,13
2024-04-12,P007,Colgate Toothpaste 100g,Personal Care,8
2024-04-13,P007,Colgate Toothpaste 100g,Personal Care,13
2024-04-14,P007,Colgate Toothpaste 100g,Personal Care,10
2024-04-15,P007,Colgate Toothpaste 100g,Personal Care,12
2024-04-16,P007,Colgate Toothpaste 100g,Personal Care,17
2024-04-17,P007,Colgate Toothpaste 100g,Personal Care,15
2024-04-18,P007,Colgate Toothpaste 100g,Personal Care,11
2024-04-19,P007,Colgate Toothpaste 100g,Personal Care,6
2024-04-20,P007,Colgate Toothpaste 100g,Personal Care,10
2024-04-21,P007,Colgate Toothpaste 100g,Personal Care,9
2024-04-22,P007,Colgate Toothpaste 100g,Personal Care,13
2024-04-23,P007,Colgate Toothpaste 100g,Personal Care,16
2024-04-24,P007,Colgate Toothpaste 100g,Personal Care,13
2024-04-25,P007,Colgate Toothpaste 100g,Personal Care,9
2024-04-26,P007,Colgate Toothpaste 100g,Personal Care,14
2024-04-27,P007,Colgate Toothpaste 100g,Personal Care,9
2024-04-28,P007,Colgate Toothpaste 100g,Personal Care,8
2024-04-29,P007,Colgate Toothpaste 100g,Personal Care,10
2024-04-30,P007,Colgate Toothpaste 100g,Personal Care,13
2024-05-01,P007,Colgate Toothpaste 100g,Personal Care,12
2024-05-02,P007,Colgate Toothpaste 100g,Personal Care,12
2024-05-03,P007,Colgate Toothpaste 100g,Personal Care,6
2024-05-04,P007,Colgate Toothpaste 100g,Personal Care,9
2024-05-05,P007,Colgate Toothpaste 100g,Personal Care,11
2024-05-06,P007,Colgate Toothpaste 100g,Personal Care,12
2024-05-07,P007,Colgate Toothpaste 100g,Personal Care,18
2024-05-08,P007,Colgate Toothpaste 100g,Personal Care,17
2024-05-09,P007,Colgate Toothpaste 100g,Personal Care,7
2024-05-10,P007,Colgate Toothpaste 100g,Personal Care,6
2024-05-11,P007,Colgate Toothpaste 100g,Personal Care,11
2024-05-12,P007,Colgate Toothpaste 100g,Personal Care,9
2024-05-13,P007,Colgate Toothpaste 100g,Personal Care,9
2024-05-14,P007,Colgate Toothpaste 100g,Personal Care,14
2024-05-15,P007,Colgate Toothpaste 100g,Personal Care,14
2024-05-16,P007,Colgate Toothpaste 100g,Personal Care,9
2024-05-17,P007,Colgate Toothpaste 100g,Personal Care,9
2024-05-18,P007,Colgate Toothpaste 100g,Personal Care,9
2024-05-19,P007,Colgate Toothpaste 100g,Personal Care,10
2024-05-20,P007,Colgate Toothpaste 100g,Personal Care,13
2024-05-21,P007,Colgate Toothpaste 100g,Personal Care,12
2024-05-22,P007,Colgate Toothpaste 100g,Personal Care,13
2024-05-23,P007,Colgate Toothpaste 100g,Personal Care,10
2024-05-24,P007,Colgate Toothpaste 100g,Personal Care,11
2024-05-25,P007,Colgate Toothpaste 100g,Personal Care,11
2024-05-26,P007,Colgate Toothpaste 100g,Personal Care,15
2024-05-27,P007,Colgate Toothpaste 100g,Personal Care,13
2024-05-28,P007,Colgate Toothpaste 100g,Personal Care,15
2024-05-29,P007,Colgate Toothpaste 100g,Personal Care,13
2024-05-30,P007,Colgate Toothpaste 100g,Personal Care,9
2024-05-31,P007,Colgate Toothpaste 100g,Personal Care,10
2024-06-01,P007,Colgate Toothpaste 100g,Personal Care,9
2024-06-02,P007,Colgate Toothpaste 100g,Personal Care,12
2024-06-03,P007,Colgate Toothpaste 100g,Personal Care,8
2024-06-04,P007,Colgate Toothpaste 100g,Personal Care,15
2024-06-05,P007,Colgate Toothpaste 100g,Personal Care,37
2024-06-06,P007,Colgate Toothpaste 100g,Personal Care,12
2024-06-07,P007,Colgate Toothpaste 100g,Personal Care,9
2024-06-08,P007,Colgate Toothpaste 100g,Personal Care,9
2024-06-09,P007,Colgate Toothpaste 100g,Personal Care,10
2024-06-10,P007,Colgate Toothpaste 100g,Personal Care,11
2024-06-11,P007,Colgate Toothpaste 100g,Personal Care,16
2024-06-12,P007,Colgate Toothpaste 100g,Personal Care,16
2024-06-13,P007,Colgate Toothpaste 100g,Personal Care,15
2024-06-14,P007,Colgate Toothpaste 100g,Personal Care,10
2024-06-15,P007,Colgate Toothpaste 100g,Personal Care,3
2024-06-16,P007,Colgate Toothpaste 100g,Personal Care,10
2024-06-17,P007,Colgate Toothpaste 100g,Personal Care,12
2024-06-18,P007,Colgate Toothpaste 100g,Personal Care,16
2024-06-19,P007,Colgate Toothpaste 100g,Personal Care,15
2024-06-20,P007,Colgate Toothpaste 100g,Personal Care,10
2024-06-21,P007,Colgate Toothpaste 100g,Personal Care,15
2024-06-22,P007,Colgate Toothpaste 100g,Personal Care,8
2024-06-23,P007,Colgate Toothpaste 100g,Personal Care,10
2024-06-24,P007,Colgate Toothpaste 100g,Personal Care,10
2024-06-25,P007,Colgate Toothpaste 100g,Personal Care,14
2024-06-26,P007,Colgate Toothpaste 100g,Personal Care,18
2024-06-27,P007,Colgate Toothpaste 100g,Personal Care,10
2024-06-28,P007,Colgate Toothpaste 100g,Personal Care,10
2024-06-29,P007,Colgate Toothpaste 100g,Personal Care,7
2024-06-30,P007,Colgate Toothpaste 100g,Personal Care,10
2024-07-01,P007,Colgate Toothpaste 100g,Personal Care,14
2024-07-02,P007,Colgate Toothpaste 100g,Personal Care,14
2024-07-03,P007,Colgate Toothpaste 100g,Personal Care,13
2024-07-04,P007,Colgate Toothpaste 100g,Personal Care,13
2024-07-05,P007,Colgate Toothpaste 100g,Personal Care,10
2024-07-06,P007,Colgate Toothpaste 100g,Personal Care,14
2024-07-07,P007,Colgate Toothpaste 100g,Personal Care,8
2024-07-08,P007,Colgate Toothpaste 100g,Personal Care,13
2024-07-09,P007,Colgate Toothpaste 100g,Personal Care,18
2024-07-10,P007,Colgate Toothpaste 100g,Personal Care,16
2024-07-11,P007,Colgate Toothpaste 100g,Personal Care,7
2024-07-12,P007,Colgate Toothpaste 100g,Personal Care,9
2024-07-13,P007,Colgate Toothpaste 100g,Personal Care,10
2024-07-14,P007,Colgate Toothpaste 100g,Personal Care,13
2024-07-15,P007,Colgate Toothpaste 100g,Personal Care,9
2024-07-16,P007,Colgate Toothpaste 100g,Personal Care,12
2024-07-17,P007,Colgate Toothpaste 100g,Personal Care,11
2024-07-18,P007,Colgate Toothpaste 100g,Personal Care,9
2024-07-19,P007,Colgate Toothpaste 100g,Personal Care,8
2024-07-20,P007,Colgate Toothpaste 100g,Personal Care,14
2024-07-21,P007,Colgate Toothpaste 100g,Personal Care,9
2024-07-22,P007,Colgate Toothpaste 100g,Personal Care,14
2024-07-23,P007,Colgate Toothpaste 100g,Personal Care,14
2024-07-24,P007,Colgate Toothpaste 100g,Personal Care,14
2024-07-25,P007,Colgate Toothpaste 100g,Personal Care,10
2024-07-26,P007,Colgate Toothpaste 100g,Personal Care,13
2024-07-27,P007,Colgate Toothpaste 100g,Personal Care,11
2024-07-28,P007,Colgate Toothpaste 100g,Personal Care,11
2024-07-29,P007,Colgate Toothpaste 100g,Personal Care,11
2024-07-30,P007,Colgate Toothpaste 100g,Personal Care,13
2024-07-31,P007,Colgate Toothpaste 100g,Personal Care,16
2024-08-01,P007,Colgate Toothpaste 100g,Personal Care,11
2024-08-02,P007,Colgate Toothpaste 100g,Personal Care,11
2024-08-03,P007,Colgate Toothpaste 100g,Personal Care,9
2024-08-04,P007,Colgate Toothpaste 100g,Personal Care,15
2024-08-05,P007,Colgate Toothpaste 100g,Personal Care,11
2024-08-06,P007,Colgate Toothpaste 100g,Personal Care,14
2024-08-07,P007,Colgate Toothpaste 100g,Personal Care,14
2024-08-08,P007,Colgate Toothpaste 100g,Personal Care,15
2024-08-09,P007,Colgate Toothpaste 100g,Personal Care,10
2024-08-10,P007,Colgate Toothpaste 100g,Personal Care,10
2024-08-11,P007,Colgate Toothpaste 100g,Personal Care,11
2024-08-12,P007,Colgate Toothpaste 100g,Personal Care,11
2024-08-13,P007,Colgate Toothpaste 100g,Personal Care,15
2024-08-14,P007,Colgate Toothpaste 100g,Personal Care,20
2024-08-15,P007,Colgate Toothpaste 100g,Personal Care,12
2024-08-16,P007,Colgate Toothpaste 100g,Personal Care,12
2024-08-17,P007,Colgate Toothpaste 100g,Personal Care,9
2024-08-18,P007,Colgate Toothpaste 100g,Personal Care,15
2024-08-19,P007,Colgate Toothpaste 100g,Personal Care,16
2024-08-20,P007,Colgate Toothpaste 100g,Personal Care,16
2024-08-21,P007,Colgate Toothpaste 100g,Personal Care,16
2024-08-22,P007,Colgate Toothpaste 100g,Personal Care,10
2024-08-23,P007,Colgate Toothpaste 100g,Personal Care,12
2024-08-24,P007,Colgate Toothpaste 100g,Personal Care,9
2024-08-25,P007,Colgate Toothpaste 100g,Personal Care,8
2024-08-26,P007,Colgate Toothpaste 100g,Personal Care,9
2024-08-27,P007,Colgate Toothpaste 100g,Personal Care,15
2024-08-28,P007,Colgate Toothpaste 100g,Personal Care,11
2024-08-29,P007,Colgate Toothpaste 100g,Personal Care,10
2024-08-30,P007,Colgate Toothpaste 100g,Personal Care,11
2024-08-31,P007,Colgate Toothpaste 100g,Personal Care,13
2024-09-01,P007,Colgate Toothpaste 100g,Personal Care,10
2024-09-02,P007,Colgate Toothpaste 100g,Personal Care,15
2024-09-03,P007,Colgate Toothpaste 100g,Personal Care,16
2024-09-04,P007,Colgate Toothpaste 100g,Personal Care,12
2024-09-05,P007,Colgate Toothpaste 100g,Personal Care,13
2024-09-06,P007,Colgate Toothpaste 100g,Personal Care,10
2024-09-07,P007,Colgate Toothpaste 100g,Personal Care,10
2024-09-08,P007,Colgate Toothpaste 100g,Personal Care,10
2024-09-09,P007,Colgate Toothpaste 100g,Personal Care,12
2024-09-10,P007,Colgate Toothpaste 100g,Personal Care,14
2024-09-11,P007,Colgate Toothpaste 100g,Personal Care,13
2024-09-12,P007,Colgate Toothpaste 100g,Personal Care,9
2024-09-13,P007,Colgate Toothpaste 100g,Personal Care,11
2024-09-14,P007,Colgate Toothpaste 100g,Personal Care,11
2024-09-15,P007,Colgate Toothpaste 100g,Personal Care,12
2024-09-16,P007,Colgate Toothpaste 100g,Personal Care,12
2024-09-17,P007,Colgate Toothpaste 100g,Personal Care,15
2024-09-18,P007,Colgate Toothpaste 100g,Personal Care,16
2024-09-19,P007,Colgate Toothpaste 100g,Personal Care,14
2024-09-20,P007,Colgate Toothpaste 100g,Personal Care,14
2024-09-21,P007,Colgate Toothpaste 100g,Personal Care,14
2024-09-22,P007,Colgate Toothpaste 100g,Personal Care,13
2024-09-23,P007,Colgate Toothpaste 100g,Personal Care,17
2024-09-24,P007,Colgate Toothpaste 100g,Personal Care,15
2024-09-25,P007,Colgate Toothpaste 100g,Personal Care,15
2024-09-26,P007,Colgate Toothpaste 100g,Personal Care,16
2024-09-27,P007,Colgate Toothpaste 100g,Personal Care,5
2024-09-28,P007,Colgate Toothpaste 100g,Personal Care,11
2024-09-29,P007,Colgate Toothpaste 100g,Personal Care,14
2024-09-30,P007,Colgate Toothpaste 100g,Personal Care,14
2024-10-01,P007,Colgate Toothpaste 100g,Personal Care,20
2024-10-02,P007,Colgate Toothpaste 100g,Personal Care,15
2024-10-03,P007,Colgate Toothpaste 100g,Personal Care,10
2024-10-04,P007,Colgate Toothpaste 100g,Personal Care,10
2024-10-05,P007,Colgate Toothpaste 100g,Personal Care,12
2024-10-06,P007,Colgate Toothpaste 100g,Personal Care,15
2024-10-07,P007,Colgate Toothpaste 100g,Personal Care,16
2024-10-08,P007,Colgate Toothpaste 100g,Personal Care,14
2024-10-09,P007,Colgate Toothpaste 100g,Personal Care,15
2024-10-10,P007,Colgate Toothpaste 100g,Personal Care,10
2024-10-11,P007,Colgate Toothpaste 100g,Personal Care,10
2024-10-12,P007,Colgate Toothpaste 100g,Personal Care,13
2024-10-13,P007,Colgate Toothpaste 100g,Personal Care,15
2024-10-14,P007,Colgate Toothpaste 100g,Personal Care,11
2024-10-15,P007,Colgate Toothpaste 100g,Personal Care,15
2024-10-16,P007,Colgate Toothpaste 100g,Personal Care,14
2024-10-17,P007,Colgate Toothpaste 100g,Personal Care,13
2024-10-18,P007,Colgate Toothpaste 100g,Personal Care,10
2024-10-19,P007,Colgate Toothpaste 100g,Personal Care,7
2024-10-20,P007,Colgate Toothpaste 100g,Personal Care,13
2024-10-21,P007,Colgate Toothpaste 100g,Personal Care,12
2024-10-22,P007,Colgate Toothpaste 100g,Personal Care,14
2024-10-23,P007,Colgate Toothpaste 100g,Personal Care,16
2024-10-24,P007,Colgate Toothpaste 100g,Personal Care,12
2024-10-25,P007,Colgate Toothpaste 100g,Personal Care,12
2024-10-26,P007,Colgate Toothpaste 100g,Personal Care,8
2024-10-27,P007,Colgate Toothpaste 100g,Personal Care,12
2024-10-28,P007,Colgate Toothpaste 100g,Personal Care,8
2024-10-29,P007,Colgate Toothpaste 100g,Personal Care,16
2024-10-30,P007,Colgate Toothpaste 100g,Personal Care,17
2024-10-31,P007,Colgate Toothpaste 100g,Personal Care,8
2024-11-01,P007,Colgate Toothpaste 100g,Personal Care,12
2024-11-02,P007,Colgate Toothpaste 100g,Personal Care,13
2024-11-03,P007,Colgate Toothpaste 100g,Personal Care,10
2024-11-04,P007,Colgate Toothpaste 100g,Personal Care,14
2024-11-05,P007,Colgate Toothpaste 100g,Personal Care,9
2024-11-06,P007,Colgate Toothpaste 100g,Personal Care,17
2024-11-07,P007,Colgate Toothpaste 100g,Personal Care,11
2024-11-08,P007,Colgate Toothpaste 100g,Personal Care,11
2024-11-09,P007,Colgate Toothpaste 100g,Personal Care,13
2024-11-10,P007,Colgate Toothpaste 100g,Personal Care,15
2024-11-11,P007,Colgate Toothpaste 100g,Personal Care,13
2024-11-12,P007,Colgate Toothpaste 100g,Personal Care,18
2024-11-13,P007,Colgate Toothpaste 100g,Personal Care,11
2024-11-14,P007,Colgate Toothpaste 100g,Personal Care,13
2024-11-15,P007,Colgate Toothpaste 100g,Personal Care,11
2024-11-16,P007,Colgate Toothpaste 100g,Personal Care,9
2024-11-17,P007,Colgate Toothpaste 100g,Personal Care,7
2024-11-18,P007,Colgate Toothpaste 100g,Personal Care,14
2024-11-19,P007,Colgate Toothpaste 100g,Personal Care,17
2024-11-20,P007,Colgate Toothpaste 100g,Personal Care,18
2024-11-21,P007,Colgate Toothpaste 100g,Personal Care,37
2024-11-22,P007,Colgate Toothpaste 100g,Personal Care,10
2024-11-23,P007,Colgate Toothpaste 100g,Personal Care,14
2024-11-24,P007,Colgate Toothpaste 100g,Personal Care,14
2024-11-25,P007,Colgate Toothpaste 100g,Personal Care,12
2024-11-26,P007,Colgate Toothpaste 100g,Personal Care,15
2024-11-27,P007,Colgate Toothpaste 100g,Personal Care,13
2024-11-28,P007,Colgate Toothpaste 100g,Personal Care,14
2024-11-29,P007,Colgate Toothpaste 100g,Personal Care,8
2024-11-30,P007,Colgate Toothpaste 100g,Personal Care,12
2024-12-01,P007,Colgate Toothpaste 100g,Personal Care,10
2024-12-02,P007,Colgate Toothpaste 100g,Personal Care,10
2024-12-03,P007,Colgate Toothpaste 100g,Personal Care,11
2024-12-04,P007,Colgate Toothpaste 100g,Personal Care,14
2024-12-05,P007,Colgate Toothpaste 100g,Personal Care,8
2024-12-06,P007,Colgate Toothpaste 100g,Personal Care,11
2024-12-07,P007,Colgate Toothpaste 100g,Personal Care,15
2024-12-08,P007,Colgate Toothpaste 100g,Personal Care,12
2024-12-09,P007,Colgate Toothpaste 100g,Personal Care,17
2024-12-10,P007,Colgate Toothpaste 100g,Personal Care,13
2024-12-11,P007,Colgate Toothpaste 100g,Personal Care,12
2024-12-12,P007,Colgate Toothpaste 100g,Personal Care,9
2024-12-13,P007,Colgate Toothpaste 100g,Personal Care,11
2024-12-14,P007,Colgate Toothpaste 100g,Personal Care,17
2024-12-15,P007,Colgate Toothpaste 100g,Personal Care,8
2024-12-16,P007,Colgate Toothpaste 100g,Personal Care,14
2024-12-17,P007,Colgate Toothpaste 100g,Personal Care,13
2024-12-18,P007,Colgate Toothpaste 100g,Personal Care,14
2024-12-19,P007,Colgate Toothpaste 100g,Personal Care,9
2024-12-20,P007,Colgate Toothpaste 100g,Personal Care,13
2024-12-21,P007,Colgate Toothpaste 100g,Personal Care,11
2024-12-22,P007,Colgate Toothpaste 100g,Personal Care,14
2024-12-23,P007,Colgate Toothpaste 100g,Personal Care,13
2024-12-24,P007,Colgate Toothpaste 100g,Personal Care,11
2024-12-25,P007,Colgate Toothpaste 100g,Personal Care,17
2024-12-26,P007,Colgate Toothpaste 100g,Personal Care,7
2024-12-27,P007,Colgate Toothpaste 100g,Personal Care,7
2024-12-28,P007,Colgate Toothpaste 100g,Personal Care,9
2024-12-29,P007,Colgate Toothpaste 100g,Personal Care,9
2024-12-30,P007,Colgate Toothpaste 100g,Personal Care,16
2024-12-31,P007,Colgate Toothpaste 100g,Personal Care,15
2025-01-01,P007,Colgate Toothpaste 100g,Personal Care,18
2025-01-02,P007,Colgate Toothpaste 100g,Personal Care,10
2025-01-03,P007,Colgate Toothpaste 100g,Personal Care,12
2025-01-04,P007,Colgate Toothpaste 100g,Personal Care,12
2025-01-05,P007,Colgate Toothpaste 100g,Personal Care,13
2025-01-06,P007,Colgate Toothpaste 100g,Personal Care,12
2025-01-07,P007,Colgate Toothpaste 100g,Personal Care,14
2025-01-08,P007,Colgate Toothpaste 100g,Personal Care,14
2025-01-09,P007,Colgate Toothpaste 100g,Personal Care,8
2025-01-10,P007,Colgate Toothpaste 100g,Personal Care,11
2025-01-11,P007,Colgate Toothpaste 100g,Personal Care,11
2025-01-12,P007,Colgate Toothpaste 100g,Personal Care,13
2025-01-13,P007,Colgate Toothpaste 100g,Personal Care,13
2025-01-14,P007,Colgate Toothpaste 100g,Personal Care,18
2025-01-15,P007,Colgate Toothpaste 100g,Personal Care,15
2025-01-16,P007,Colgate Toothpaste 100g,Personal Care,10
2025-01-17,P007,Colgate Toothpaste 100g,Personal Care,12
2025-01-18,P007,Colgate Toothpaste 100g,Personal Care,13
2025-01-19,P007,Colgate Toothpaste 100g,Personal Care,7
2025-01-20,P007,Colgate Toothpaste 100g,Personal Care,11
2025-01-21,P007,Colgate Toothpaste 100g,Personal Care,13
2025-01-22,P007,Colgate Toothpaste 100g,Personal Care,16
2025-01-23,P007,Colgate Toothpaste 100g,Personal Care,13
2025-01-24,P007,Colgate Toothpaste 100g,Personal Care,12
2025-01-25,P007,Colgate Toothpaste 100g,Personal Care,6
2025-01-26,P007,Colgate Toothpaste 100g,Personal Care,8
2025-01-27,P007,Colgate Toothpaste 100g,Personal Care,12
2025-01-28,P007,Colgate Toothpaste 100g,Personal Care,14
2025-01-29,P007,Colgate Toothpaste 100g,Personal Care,15
2025-01-30,P007,Colgate Toothpaste 100g,Personal Care,10
2025-01-31,P007,Colgate Toothpaste 100g,Personal Care,15
2025-02-01,P007,Colgate Toothpaste 100g,Personal Care,6
2025-02-02,P007,Colgate Toothpaste 100g,Personal Care,12
2025-02-03,P007,Colgate Toothpaste 100g,Personal Care,14
2025-02-04,P007,Colgate Toothpaste 100g,Personal Care,17
2025-02-05,P007,Colgate Toothpaste 100g,Personal Care,17
2025-02-06,P007,Colgate Toothpaste 100g,Personal Care,13
2025-02-07,P007,Colgate Toothpaste 100g,Personal Care,43
2025-02-08,P007,Colgate Toothpaste 100g,Personal Care,9
2025-02-09,P007,Colgate Toothpaste 100g,Personal Care,7
2025-02-10,P007,Colgate Toothpaste 100g,Personal Care,12
2025-02-11,P007,Colgate Toothpaste 100g,Personal Care,13
2025-02-12,P007,Colgate Toothpaste 100g,Personal Care,18
2025-02-13,P007,Colgate Toothpaste 100g,Personal Care,11
2025-02-14,P007,Colgate Toothpaste 100g,Personal Care,9
2025-02-15,P007,Colgate Toothpaste 100g,Personal Care,9
2025-02-16,P007,Colgate Toothpaste 100g,Personal Care,16
2025-02-17,P007,Colgate Toothpaste 100g,Personal Care,13
2025-02-18,P007,Colgate Toothpaste 100g,Personal Care,13
2025-02-19,P007,Colgate Toothpaste 100g,Personal Care,15
2025-02-20,P007,Colgate Toothpaste 100g,Personal Care,16
2025-02-21,P007,Colgate Toothpaste 100g,Personal Care,11
2025-02-22,P007,Colgate Toothpaste 100g,Personal Care,13
2025-02-23,P007,Colgate Toothpaste 100g,Personal Care,14
2025-02-24,P007,Colgate Toothpaste 100g,Personal Care,9
2025-02-25,P007,Colgate Toothpaste 100g,Personal Care,14
2025-02-26,P007,Colgate Toothpaste 100g,Personal Care,17
2025-02-27,P007,Colgate Toothpaste 100g,Personal Care,10
2025-02-28,P007,Colgate Toothpaste 100g,Personal Care,56
2025-03-01,P007,Colgate Toothpaste 100g,Personal Care,10
2025-03-02,P007,Colgate Toothpaste 100g,Personal Care,11
2025-03-03,P007,Colgate Toothpaste 100g,Personal Care,11
2025-03-04,P007,Colgate Toothpaste 100g,Personal Care,17
2025-03-05,P007,Colgate Toothpaste 100g,Personal Care,16
2025-03-06,P007,Colgate Toothpaste 100g,Personal Care,12
2025-03-07,P007,Colgate Toothpaste 100g,Personal Care,17
2025-03-08,P007,Colgate Toothpaste 100g,Personal Care,15
2025-03-09,P007,Colgate Toothpaste 100g,Personal Care,7
2025-03-10,P007,Colgate Toothpaste 100g,Personal Care,12
2025-03-11,P007,Colgate Toothpaste 100g,Personal Care,21
2025-03-12,P007,Colgate Toothpaste 100g,Personal Care,14
2025-03-13,P007,Colgate Toothpaste 100g,Personal Care,16
2025-03-14,P007,Colgate Toothpaste 100g,Personal Care,11
2025-03-15,P007,Colgate Toothpaste 100g,Personal Care,11
2025-03-16,P007,Colgate Toothpaste 100g,Personal Care,13
2025-03-17,P007,Colgate Toothpaste 100g,Personal Care,13
2025-03-18,P007,Colgate Toothpaste 100g,Personal Care,16
2025-03-19,P007,Colgate Toothpaste 100g,Personal Care,19
2025-03-20,P007,Colgate Toothpaste 100g,Personal Care,13
2025-03-21,P007,Colgate Toothpaste 100g,Personal Care,12
2025-03-22,P007,Colgate Toothpaste 100g,Personal Care,15
2025-03-23,P007,Colgate Toothpaste 100g,Personal Care,14
2025-03-24,P007,Colgate Toothpaste 100g,Personal Care,11
2025-03-25,P007,Colgate Toothpaste 100g,Personal Care,20
2025-03-26,P007,Colgate Toothpaste 100g,Personal Care,17
2025-03-27,P007,Colgate Toothpaste 100g,Personal Care,11
2025-03-28,P007,Colgate Toothpaste 100g,Personal Care,7
2025-03-29,P007,Colgate Toothpaste 100g,Personal Care,9
2025-03-30,P007,Colgate Toothpaste 100g,Personal Care,15
2025-03-31,P007,Colgate Toothpaste 100g,Personal Care,17
2025-04-01,P007,Colgate Toothpaste 100g,Personal Care,15
2025-04-02,P007,Colgate Toothpaste 100g,Personal Care,11
2025-04-03,P007,Colgate Toothpaste 100g,Personal Care,9
2025-04-04,P007,Colgate Toothpaste 100g,Personal Care,8
2025-04-05,P007,Colgate Toothpaste 100g,Personal Care,8
2025-04-06,P007,Colgate Toothpaste 100g,Personal Care,16
2025-04-07,P007,Colgate Toothpaste 100g,Personal Care,17
2025-04-08,P007,Colgate Toothpaste 100g,Personal Care,13
2025-04-09,P007,Colgate Toothpaste 100g,Personal Care,15
2025-04-10,P007,Colgate Toothpaste 100g,Personal Care,9
2025-04-11,P007,Colgate Toothpaste 100g,Personal Care,12
2025-04-12,P007,Colgate Toothpaste 100g,Personal Care,15
2025-04-13,P007,Colgate Toothpaste 100g,Personal Care,14
2025-04-14,P007,Colgate Toothpaste 100g,Personal Care,15
2025-04-15,P007,Colgate Toothpaste 100g,Personal Care,15
2025-04-16,P007,Colgate Toothpaste 100g,Personal Care,18
2025-04-17,P007,Colgate Toothpaste 100g,Personal Care,13
2025-04-18,P007,Colgate Toothpaste 100g,Personal Care,13
2025-04-19,P007,Colgate Toothpaste 100g,Personal Care,11
2025-04-20,P007,Colgate Toothpaste 100g,Personal Care,12
2025-04-21,P007,Colgate Toothpaste 100g,Personal Care,14
2025-04-22,P007,Colgate Toothpaste 100g,Personal Care,14
2025-04-23,P007,Colgate Toothpaste 100g,Personal Care,14
2025-04-24,P007,Colgate Toothpaste 100g,Personal Care,9
2025-04-25,P007,Colgate Toothpaste 100g,Personal Care,10
2025-04-26,P007,Colgate Toothpaste 100g,Personal Care,11
2025-04-27,P007,Colgate Toothpaste 100g,Personal Care,11
2025-04-28,P007,Colgate Toothpaste 100g,Personal Care,12
2025-04-29,P007,Colgate Toothpaste 100g,Personal Care,14
2025-04-30,P007,Colgate Toothpaste 100g,Personal Care,16
2025-05-01,P007,Colgate Toothpaste 100g,Personal Care,15
2025-05-02,P007,Colgate Toothpaste 100g,Personal Care,12
2025-05-03,P007,Colgate Toothpaste 100g,Personal Care,12
2025-05-04,P007,Colgate Toothpaste 100g,Personal Care,10
2025-05-05,P007,Colgate Toothpaste 100g,Personal Care,12
2025-05-06,P007,Colgate Toothpaste 100g,Personal Care,18
2025-05-07,P007,Colgate Toothpaste 100g,Personal Care,18
2025-05-08,P007,Colgate Toothpaste 100g,Personal Care,14
2025-05-09,P007,Colgate Toothpaste 100g,Personal Care,14
2025-05-10,P007,Colgate Toothpaste 100g,Personal Care,13
2025-05-11,P007,Colgate Toothpaste 100g,Personal Care,13
2025-05-12,P007,Colgate Toothpaste 100g,Personal Care,13
2025-05-13,P007,Colgate Toothpaste 100g,Personal Care,14
2025-05-14,P007,Colgate Toothpaste 100g,Personal Care,16
2025-05-15,P007,Colgate Toothpaste 100g,Personal Care,12
2025-05-16,P007,Colgate Toothpaste 100g,Personal Care,13
2025-05-17,P007,Colgate Toothpaste 100g,Personal Care,12
2025-05-18,P007,Colgate Toothpaste 100g,Personal Care,16
2025-05-19,P007,Colgate Toothpaste 100g,Personal Care,10
2025-05-20,P007,Colgate Toothpaste 100g,Personal Care,17
2025-05-21,P007,Colgate Toothpaste 100g,Personal Care,15
2025-05-22,P007,Colgate Toothpaste 100g,Personal Care,12
2025-05-23,P007,Colgate Toothpaste 100g,Personal Care,10
2025-05-24,P007,Colgate Toothpaste 100g,Personal Care,14
2025-05-25,P007,Colgate Toothpaste 100g,Personal Care,13
2025-05-26,P007,Colgate Toothpaste 100g,Personal Care,15
2025-05-27,P007,Colgate Toothpaste 100g,Personal Care,16
2025-05-28,P007,Colgate Toothpaste 100g,Personal Care,15
2025-05-29,P007,Colgate Toothpaste 100g,Personal Care,12
2025-05-30,P007,Colgate Toothpaste 100g,Personal Care,13
2025-05-31,P007,Colgate Toothpaste 100g,Personal Care,7
2025-06-01,P007,Colgate Toothpaste 100g,Personal Care,14
2025-06-02,P007,Colgate Toothpaste 100g,Personal Care,18
2025-06-03,P007,Colgate Toothpaste 100g,Personal Care,60
2025-06-04,P007,Colgate Toothpaste 100g,Personal Care,15
2025-06-05,P007,Colgate Toothpaste 100g,Personal Care,11
2025-06-06,P007,Colgate Toothpaste 100g,Personal Care,13
2025-06-07,P007,Colgate Toothpaste 100g,Personal Care,11
2025-06-08,P007,Colgate Toothpaste 100g,Personal Care,14
2025-06-09,P007,Colgate Toothpaste 100g,Personal Care,13
2025-06-10,P007,Colgate Toothpaste 100g,Personal Care,19
2025-06-11,P007,Colgate Toothpaste 100g,Personal Care,19
2025-06-12,P007,Colgate Toothpaste 100g,Personal Care,39
2025-06-13,P007,Colgate Toothpaste 100g,Personal Care,12
2025-06-14,P007,Colgate Toothpaste 100g,Personal Care,12
2025-06-15,P007,Colgate Toothpaste 100g,Personal Care,12
2025-06-16,P007,Colgate Toothpaste 100g,Personal Care,11
2025-06-17,P007,Colgate Toothpaste 100g,Personal Care,13
2025-06-18,P007,Colgate Toothpaste 100g,Personal Care,18
2025-06-19,P007,Colgate Toothpaste 100g,Personal Care,14
2025-06-20,P007,Colgate Toothpaste 100g,Personal Care,14
2025-06-21,P007,Colgate Toothpaste 100g,Personal Care,12
2025-06-22,P007,Colgate Toothpaste 100g,Personal Care,16
2025-06-23,P007,Colgate Toothpaste 100g,Personal Care,13
2025-06-24,P007,Colgate Toothpaste 100g,Personal Care,17
2025-06-25,P007,Colgate Toothpaste 100g,Personal Care,13
2025-06-26,P007,Colgate Toothpaste 100g,Personal Care,11
2025-06-27,P007,Colgate Toothpaste 100g,Personal Care,12
2025-06-28,P007,Colgate Toothpaste 100g,Personal Care,12
2025-06-29,P007,Colgate Toothpaste 100g,Personal Care,9
2025-06-30,P007,Colgate Toothpaste 100g,Personal Care,15
2025-07-01,P007,Colgate Toothpaste 100g,Personal Care,18
2025-07-02,P007,Colgate Toothpaste 100g,Personal Care,14
2025-07-03,P007,Colgate Toothpaste 100g,Personal Care,9
2025-07-04,P007,Colgate Toothpaste 100g,Personal Care,10
2025-07-05,P007,Colgate Toothpaste 100g,Personal Care,13
2025-07-06,P007,Colgate Toothpaste 100g,Personal Care,11
2025-07-07,P007,Colgate Toothpaste 100g,Personal Care,13
2025-07-08,P007,Colgate Toothpaste 100g,Personal Care,13
2025-07-09,P007,Colgate Toothpaste 100g,Personal Care,20
2025-07-10,P007,Colgate Toothpaste 100g,Personal Care,12
2025-07-11,P007,Colgate Toothpaste 100g,Personal Care,14
2025-07-12,P007,Colgate Toothpaste 100g,Personal Care,13
2025-07-13,P007,Colgate Toothpaste 100g,Personal Care,12
2025-07-14,P007,Colgate Toothpaste 100g,Personal Care,13
2025-07-15,P007,Colgate Toothpaste 100g,Personal Care,14
2025-07-16,P007,Colgate Toothpaste 100g,Personal Care,15
2025-07-17,P007,Colgate Toothpaste 100g,Personal Care,10
2025-07-18,P007,Colgate Toothpaste 100g,Personal Care,9
2025-07-19,P007,Colgate Toothpaste 100g,Personal Care,17
2025-07-20,P007,Colgate Toothpaste 100g,Personal Care,13
2025-07-21,P007,Colgate Toothpaste 100g,Personal Care,16
2025-07-22,P007,Colgate Toothpaste 100g,Personal Care,14
2025-07-23,P007,Colgate Toothpaste 100g,Personal Care,36
2025-07-24,P007,Colgate Toothpaste 100g,Personal Care,10
2025-07-25,P007,Colgate Toothpaste 100g,Personal Care,11
2025-07-26,P007,Colgate Toothpaste 100g,Personal Care,12
2025-07-27,P007,Colgate Toothpaste 100g,Personal Care,12
2025-07-28,P007,Colgate Toothpaste 100g,Personal Care,12
2025-07-29,P007,Colgate Toothpaste 100g,Personal Care,16
2025-07-30,P007,Colgate Toothpaste 100g,Personal Care,16
2025-07-31,P007,Colgate Toothpaste 100g,Personal Care,14
2025-08-01,P007,Colgate Toothpaste 100g,Personal Care,15
2025-08-02,P007,Colgate Toothpaste 100g,Personal Care,11
2025-08-03,P007,Colgate Toothpaste 100g,Personal Care,15
2025-08-04,P007,Colgate Toothpaste 100g,Personal Care,13
2025-08-05,P007,Colgate Toothpaste 100g,Personal Care,12
2025-08-06,P007,Colgate Toothpaste 100g,Personal Care,20
2025-08-07,P007,Colgate Toothpaste 100g,Personal Care,17
2025-08-08,P007,Colgate Toothpaste 100g,Personal Care,13
2025-08-09,P007,Colgate Toothpaste 100g,Personal Care,12
2025-08-10,P007,Colgate Toothpaste 100g,Personal Care,11
2025-08-11,P007,Colgate Toothpaste 100g,Personal Care,12
2025-08-12,P007,Colgate Toothpaste 100g,Personal Care,18
2025-08-13,P007,Colgate Toothpaste 100g,Personal Care,16
2025-08-14,P007,Colgate Toothpaste 100g,Personal Care,16
2025-08-15,P007,Colgate Toothpaste 100g,Personal Care,12
2025-08-16,P007,Colgate Toothpaste 100g,Personal Care,11
2025-08-17,P007,Colgate Toothpaste 100g,Personal Care,11
2025-08-18,P007,Colgate Toothpaste 100g,Personal Care,12
2025-08-19,P007,Colgate Toothpaste 100g,Personal Care,17
2025-08-20,P007,Colgate Toothpaste 100g,Personal Care,13
2025-08-21,P007,Colgate Toothpaste 100g,Personal Care,10
2025-08-22,P007,Colgate Toothpaste 100g,Personal Care,15
2025-08-23,P007,Colgate Toothpaste 100g,Personal Care,10
2025-08-24,P007,Colgate Toothpaste 100g,Personal Care,14
2025-08-25,P007,Colgate Toothpaste 100g,Personal Care,9
2025-08-26,P007,Colgate Toothpaste 100g,Personal Care,19
2025-08-27,P007,Colgate Toothpaste 100g,Personal Care,13
2025-08-28,P007,Colgate Toothpaste 100g,Personal Care,10
2025-08-29,P007,Colgate Toothpaste 100g,Personal Care,14
2025-08-30,P007,Colgate Toothpaste 100g,Personal Care,13
2025-08-31,P007,Colgate Toothpaste 100g,Personal Care,14
2025-09-01,P007,Colgate Toothpaste 100g,Personal Care,11
2025-09-02,P007,Colgate Toothpaste 100g,Personal Care,15
2025-09-03,P007,Colgate Toothpaste 100g,Personal Care,14
2025-09-04,P007,Colgate Toothpaste 100g,Personal Care,10
2025-09-05,P007,Colgate Toothpaste 100g,Personal Care,13
2025-09-06,P007,Colgate Toothpaste 100g,Personal Care,14
2025-09-07,P007,Colgate Toothpaste 100g,Personal Care,11
2025-09-08,P007,Colgate Toothpaste 100g,Personal Care,17
2025-09-09,P007,Colgate Toothpaste 100g,Personal Care,14
2025-09-10,P007,Colgate Toothpaste 100g,Personal Care,19
2025-09-11,P007,Colgate Toothpaste 100g,Personal Care,13
2025-09-12,P007,Colgate Toothpaste 100g,Personal Care,9
2025-09-13,P007,Colgate Toothpaste 100g,Personal Care,16
2025-09-14,P007,Colgate Toothpaste 100g,Personal Care,11
2025-09-15,P007,Colgate Toothpaste 100g,Personal Care,16
2025-09-16,P007,Colgate Toothpaste 100g,Personal Care,16
2025-09-17,P007,Colgate Toothpaste 100g,Personal Care,17
2025-09-18,P007,Colgate Toothpaste 100g,Personal Care,14
2025-09-19,P007,Colgate Toothpaste 100g,Personal Care,14
2025-09-20,P007,Colgate Toothpaste 100g,Personal Care,11
2025-09-21,P007,Colgate Toothpaste 100g,Personal Care,13
2025-09-22,P007,Colgate Toothpaste 100g,Personal Care,14
2025-09-23,P007,Colgate Toothpaste 100g,Personal Care,16
2025-09-24,P007,Colgate Toothpaste 100g,Personal Care,15
2025-09-25,P007,Colgate Toothpaste 100g,Personal Care,13
2025-09-26,P007,Colgate Toothpaste 100g,Personal Care,16
2025-09-27,P007,Colgate Toothpaste 100g,Personal Care,12
2025-09-28,P007,Colgate Toothpaste 100g,Personal Care,15
2025-09-29,P007,Colgate Toothpaste 100g,Personal Care,12
2025-09-30,P007,Colgate Toothpaste 100g,Personal Care,14
2025-10-01,P007,Colgate Toothpaste 100g,Personal Care,23
2025-10-02,P007,Colgate Toothpaste 100g,Personal Care,13
2025-10-03,P007,Colgate Toothpaste 100g,Personal Care,13
2025-10-04,P007,Colgate Toothpaste 100g,Personal Care,13
2025-10-05,P007,Colgate Toothpaste 100g,Personal Care,15
2025-10-06,P007,Colgate Toothpaste 100g,Personal Care,14
2025-10-07,P007,Colgate Toothpaste 100g,Personal Care,18
2025-10-08,P007,Colgate Toothpaste 100g,Personal Care,14
2025-10-09,P007,Colgate Toothpaste 100g,Personal Care,14
2025-10-10,P007,Colgate Toothpaste 100g,Personal Care,12
2025-10-11,P007,Colgate Toothpaste 100g,Personal Care,14
2025-10-12,P007,Colgate Toothpaste 100g,Personal Care,8
2025-10-13,P007,Colgate Toothpaste 100g,Personal Care,15
2025-10-14,P007,Colgate Toothpaste 100g,Personal Care,11
2025-10-15,P007,Colgate Toothpaste 100g,Personal Care,15
2025-10-16,P007,Colgate Toothpaste 100g,Personal Care,8
2025-10-17,P007,Colgate Toothpaste 100g,Personal Care,14
2025-10-18,P007,Colgate Toothpaste 100g,Personal Care,12
2025-10-19,P007,Colgate Toothpaste 100g,Personal Care,11
2025-10-20,P007,Colgate Toothpaste 100g,Personal Care,17
2025-10-21,P007,Colgate Toothpaste 100g,Personal Care,14
2025-10-22,P007,Colgate Toothpaste 100g,Personal Care,9
2025-10-23,P007,Colgate Toothpaste 100g,Personal Care,13
2025-10-24,P007,Colgate Toothpaste 100g,Personal Care,8
2025-10-25,P007,Colgate Toothpaste 100g,Personal Care,10
2025-10-26,P007,Colgate Toothpaste 100g,Personal Care,11
2025-10-27,P007,Colgate Toothpaste 100g,Personal Care,10
2025-10-28,P007,Colgate Toothpaste 100g,Personal Care,15
2025-10-29,P007,Colgate Toothpaste 100g,Personal Care,13
2025-10-30,P007,Colgate Toothpaste 100g,Personal Care,13
2025-10-31,P007,Colgate Toothpaste 100g,Personal Care,10
2025-11-01,P007,Colgate Toothpaste 100g,Personal Care,12
2025-11-02,P007,Colgate Toothpaste 100g,Personal Care,15
2025-11-03,P007,Colgate Toothpaste 100g,Personal Care,15
2025-11-04,P007,Colgate Toothpaste 100g,Personal Care,16
2025-11-05,P007,Colgate Toothpaste 100g,Personal Care,14
2025-11-06,P007,Colgate Toothpaste 100g,Personal Care,13
2025-11-07,P007,Colgate Toothpaste 100g,Personal Care,11
2025-11-08,P007,Colgate Toothpaste 100g,Personal Care,13
2025-11-09,P007,Colgate Toothpaste 100g,Personal Care,9
2025-11-10,P007,Colgate Toothpaste 100g,Personal Care,15
2025-11-11,P007,Colgate Toothpaste 100g,Personal Care,16
2025-11-12,P007,Colgate Toothpaste 100g,Personal Care,21
2025-11-13,P007,Colgate Toothpaste 100g,Personal Care,15
2025-11-14,P007,Colgate Toothpaste 100g,Personal Care,14
2025-11-15,P007,Colgate Toothpaste 100g,Personal Care,12
2025-11-16,P007,Colgate Toothpaste 100g,Personal Care,11
2025-11-17,P007,Colgate Toothpaste 100g,Personal Care,16
2025-11-18,P007,Colgate Toothpaste 100g,Personal Care,16
2025-11-19,P007,Colgate Toothpaste 100g,Personal Care,19
2025-11-20,P007,Colgate Toothpaste 100g,Personal Care,13
2025-11-21,P007,Colgate Toothpaste 100g,Personal Care,13
2025-11-22,P007,Colgate Toothpaste 100g,Personal Care,14
2025-11-23,P007,Colgate Toothpaste 100g,Personal Care,10
2025-11-24,P007,Colgate Toothpaste 100g,Personal Care,11
2025-11-25,P007,Colgate Toothpaste 100g,Personal Care,14
2025-11-26,P007,Colgate Toothpaste 100g,Personal Care,18
2025-11-27,P007,Colgate Toothpaste 100g,Personal Care,10
2025-11-28,P007,Colgate Toothpaste 100g,Personal Care,11
2025-11-29,P007,Colgate Toothpaste 100g,Personal Care,14
2025-11-30,P007,Colgate Toothpaste 100g,Personal Care,12
2025-12-01,P007,Colgate Toothpaste 100g,Personal Care,13
2025-12-02,P007,Colgate Toothpaste 100g,Personal Care,15
2025-12-03,P007,Colgate Toothpaste 100g,Personal Care,11
2025-12-04,P007,Colgate Toothpaste 100g,Personal Care,10
2025-12-05,P007,Colgate Toothpaste 100g,Personal Care,15
2025-12-06,P007,Colgate Toothpaste 100g,Personal Care,11
2025-12-07,P007,Colgate Toothpaste 100g,Personal Care,8
2025-12-08,P007,Colgate Toothpaste 100g,Personal Care,11
2025-12-09,P007,Colgate Toothpaste 100g,Personal Care,17
2025-12-10,P007,Colgate Toothpaste 100g,Personal Care,17
2025-12-11,P007,Colgate Toothpaste 100g,Personal Care,12
2025-12-12,P007,Colgate Toothpaste 100g,Personal Care,60
2025-12-13,P007,Colgate Toothpaste 100g,Personal Care,9
2025-12-14,P007,Colgate Toothpaste 100g,Personal Care,13
2025-12-15,P007,Colgate Toothpaste 100g,Personal Care,16
2025-12-16,P007,Colgate Toothpaste 100g,Personal Care,19
2025-12-17,P007,Colgate Toothpaste 100g,Personal Care,14
2025-12-18,P007,Colgate Toothpaste 100g,Personal Care,15
2025-12-19,P007,Colgate Toothpaste 100g,Personal Care,12
2025-12-20,P007,Colgate Toothpaste 100g,Personal Care,12
2025-12-21,P007,Colgate Toothpaste 100g,Personal Care,14
2025-12-22,P007,Colgate Toothpaste 100g,Personal Care,13
2025-12-23,P007,Colgate Toothpaste 100g,Personal Care,12
2025-12-24,P007,Colgate Toothpaste 100g,Personal Care,18
2025-12-25,P007,Colgate Toothpaste 100g,Personal Care,13
2025-12-26,P007,Colgate Toothpaste 100g,Personal Care,12
2025-12-27,P007,Colgate Toothpaste 100g,Personal Care,14
2025-12-28,P007,Colgate Toothpaste 100g,Personal Care,14
2025-12-29,P007,Colgate Toothpaste 100g,Personal Care,10
2025-12-30,P007,Colgate Toothpaste 100g,Personal Care,16
2025-12-31,P007,Colgate Toothpaste 100g,Personal Care,11
2026-01-01,P007,Colgate Toothpaste 100g,Personal Care,12
2026-01-02,P007,Colgate Toothpaste 100g,Personal Care,12
2026-01-03,P007,Colgate Toothpaste 100g,Personal Care,14
2026-01-04,P007,Colgate Toothpaste 100g,Personal Care,10
2026-01-05,P007,Colgate Toothpaste 100g,Personal Care,44
2026-01-06,P007,Colgate Toothpaste 100g,Personal Care,9
2026-01-07,P007,Colgate Toothpaste 100g,Personal Care,18
2026-01-08,P007,Colgate Toothpaste 100g,Personal Care,12
2026-01-09,P007,Colgate Toothpaste 100g,Personal Care,13
2026-01-10,P007,Colgate Toothpaste 100g,Personal Care,9
2026-01-11,P007,Colgate Toothpaste 100g,Personal Care,13
2026-01-12,P007,Colgate Toothpaste 100g,Personal Care,17
2026-01-13,P007,Colgate Toothpaste 100g,Personal Care,16
2026-01-14,P007,Colgate Toothpaste 100g,Personal Care,18
2026-01-15,P007,Colgate Toothpaste 100g,Personal Care,11
2026-01-16,P007,Colgate Toothpaste 100g,Personal Care,12
2026-01-17,P007,Colgate Toothpaste 100g,Personal Care,9
2026-01-18,P007,Colgate Toothpaste 100g,Personal Care,14
2026-01-19,P007,Colgate Toothpaste 100g,Personal Care,14
2026-01-20,P007,Colgate Toothpaste 100g,Personal Care,14
2026-01-21,P007,Colgate Toothpaste 100g,Personal Care,15
2026-01-22,P007,Colgate Toothpaste 100g,Personal Care,13
2026-01-23,P007,Colgate Toothpaste 100g,Personal Care,15
2026-01-24,P007,Colgate Toothpaste 100g,Personal Care,16
2026-01-25,P007,Colgate Toothpaste 100g,Personal Care,12
2026-01-26,P007,Colgate Toothpaste 100g,Personal Care,11
2026-01-27,P007,Colgate Toothpaste 100g,Personal Care,17
2026-01-28,P007,Colgate Toothpaste 100g,Personal Care,20
2026-01-29,P007,Colgate Toothpaste 100g,Personal Care,9
2026-01-30,P007,Colgate Toothpaste 100g,Personal Care,10
2026-01-31,P007,Colgate Toothpaste 100g,Personal Care,14
2026-02-01,P007,Colgate Toothpaste 100g,Personal Care,13
2026-02-02,P007,Colgate Toothpaste 100g,Personal Care,13
2026-02-03,P007,Colgate Toothpaste 100g,Personal Care,17
2026-02-04,P007,Colgate Toothpaste 100g,Personal Care,19
2026-02-05,P007,Colgate Toothpaste 100g,Personal Care,12
2026-02-06,P007,Colgate Toothpaste 100g,Personal Care,12
2026-02-07,P007,Colgate Toothpaste 100g,Personal Care,14
2026-02-08,P007,Colgate Toothpaste 100g,Personal Care,12
2026-02-09,P007,Colgate Toothpaste 100g,Personal Care,16
2026-02-10,P007,Colgate Toothpaste 100g,Personal Care,21
2026-02-11,P007,Colgate Toothpaste 100g,Personal Care,15
2026-02-12,P007,Colgate Toothpaste 100g,Personal Care,10
2026-02-13,P007,Colgate Toothpaste 100g,Personal Care,13
2026-02-14,P007,Colgate Toothpaste 100g,Personal Care,10
2026-02-15,P007,Colgate Toothpaste 100g,Personal Care,10
2026-02-16,P007,Colgate Toothpaste 100g,Personal Care,9
2026-02-17,P007,Colgate Toothpaste 100g,Personal Care,16
2026-02-18,P007,Colgate Toothpaste 100g,Personal Care,16
2026-02-19,P007,Colgate Toothpaste 100g,Personal Care,11
2026-02-20,P007,Colgate Toothpaste 100g,Personal Care,16
2026-02-21,P007,Colgate Toothpaste 100g,Personal Care,15
2026-02-22,P007,Colgate Toothpaste 100g,Personal Care,17
2026-02-23,P007,Colgate Toothpaste 100g,Personal Care,14
2026-02-24,P007,Colgate Toothpaste 100g,Personal Care,19
2026-02-25,P007,Colgate Toothpaste 100g,Personal Care,17
2026-02-26,P007,Colgate Toothpaste 100g,Personal Care,13
2026-02-27,P007,Colgate Toothpaste 100g,Personal Care,12
2026-02-28,P007,Colgate Toothpaste 100g,Personal Care,8
2026-03-01,P007,Colgate Toothpaste 100g,Personal Care,14
2026-03-02,P007,Colgate Toothpaste 100g,Personal Care,16
2026-03-03,P007,Colgate Toothpaste 100g,Personal Care,13
2026-03-04,P007,Colgate Toothpaste 100g,Personal Care,17
2026-03-05,P007,Colgate Toothpaste 100g,Personal Care,15
2026-03-06,P007,Colgate Toothpaste 100g,Personal Care,12
2026-03-07,P007,Colgate Toothpaste 100g,Personal Care,15
2026-03-08,P007,Colgate Toothpaste 100g,Personal Care,12
2026-03-09,P007,Colgate Toothpaste 100g,Personal Care,13
2026-03-10,P007,Colgate Toothpaste 100g,Personal Care,19
2026-03-11,P007,Colgate Toothpaste 100g,Personal Care,15
2026-03-12,P007,Colgate Toothpaste 100g,Personal Care,11
2026-03-13,P007,Colgate Toothpaste 100g,Personal Care,11
2026-03-14,P007,Colgate Toothpaste 100g,Personal Care,10
2026-03-15,P007,Colgate Toothpaste 100g,Personal Care,13
2026-03-16,P007,Colgate Toothpaste 100g,Personal Care,13
2026-03-17,P007,Colgate Toothpaste 100g,Personal Care,18
2026-03-18,P007,Colgate Toothpaste 100g,Personal Care,13
2026-03-19,P007,Colgate Toothpaste 100g,Personal Care,10
2026-03-20,P007,Colgate Toothpaste 100g,Personal Care,13
2026-03-21,P007,Colgate Toothpaste 100g,Personal Care,16
2026-03-22,P007,Colgate Toothpaste 100g,Personal Care,14
2026-03-23,P007,Colgate Toothpaste 100g,Personal Care,13
2026-03-24,P007,Colgate Toothpaste 100g,Personal Care,13
2026-03-25,P007,Colgate Toothpaste 100g,Personal Care,15
2026-03-26,P007,Colgate Toothpaste 100g,Personal Care,13
2026-03-27,P007,Colgate Toothpaste 100g,Personal Care,8
2026-03-28,P007,Colgate Toothpaste 100g,Personal Care,10
2024-03-28,P008,Paracetamol 500mg (Strip),Pharmacy,23
2024-03-29,P008,Paracetamol 500mg (Strip),Pharmacy,26
2024-03-30,P008,Paracetamol 500mg (Strip),Pharmacy,25
2024-03-31,P008,Paracetamol 500mg (Strip),Pharmacy,30
2024-04-01,P008,Paracetamol 500mg (Strip),Pharmacy,29
2024-04-02,P008,Paracetamol 500mg (Strip),Pharmacy,34
2024-04-03,P008,Paracetamol 500mg (Strip),Pharmacy,41
2024-04-04,P008,Paracetamol 500mg (Strip),Pharmacy,27
2024-04-05,P008,Paracetamol 500mg (Strip),Pharmacy,34
2024-04-06,P008,Paracetamol 500mg (Strip),Pharmacy,27
2024-04-07,P008,Paracetamol 500mg (Strip),Pharmacy,20
2024-04-08,P008,Paracetamol 500mg (Strip),Pharmacy,11
2024-04-09,P008,Paracetamol 500mg (Strip),Pharmacy,26
2024-04-10,P008,Paracetamol 500mg (Strip),Pharmacy,27
2024-04-11,P008,Paracetamol 500mg (Strip),Pharmacy,29
2024-04-12,P008,Paracetamol 500mg (Strip),Pharmacy,22
2024-04-13,P008,Paracetamol 500mg (Strip),Pharmacy,17
2024-04-14,P008,Paracetamol 500mg (Strip),Pharmacy,27
2024-04-15,P008,Paracetamol 500mg (Strip),Pharmacy,24
2024-04-16,P008,Paracetamol 500mg (Strip),Pharmacy,39
2024-04-17,P008,Paracetamol 500mg (Strip),Pharmacy,39
2024-04-18,P008,Paracetamol 500mg (Strip),Pharmacy,31
2024-04-19,P008,Paracetamol 500mg (Strip),Pharmacy,13
2024-04-20,P008,Paracetamol 500mg (Strip),Pharmacy,28
2024-04-21,P008,Paracetamol 500mg (Strip),Pharmacy,27
2024-04-22,P008,Paracetamol 500mg (Strip),Pharmacy,24
2024-04-23,P008,Paracetamol 500mg (Strip),Pharmacy,24
2024-04-24,P008,Paracetamol 500mg (Strip),Pharmacy,36
2024-04-25,P008,Paracetamol 500mg (Strip),Pharmacy,34
2024-04-26,P008,Paracetamol 500mg (Strip),Pharmacy,13
2024-04-27,P008,Paracetamol 500mg (Strip),Pharmacy,23
2024-04-28,P008,Paracetamol 500mg (Strip),Pharmacy,28
2024-04-29,P008,Paracetamol 500mg (Strip),Pharmacy,59
2024-04-30,P008,Paracetamol 500mg (Strip),Pharmacy,34
2024-05-01,P008,Paracetamol 500mg (Strip),Pharmacy,47
2024-05-02,P008,Paracetamol 500mg (Strip),Pharmacy,18
2024-05-03,P008,Paracetamol 500mg (Strip),Pharmacy,16
2024-05-04,P008,Paracetamol 500mg (Strip),Pharmacy,33
2024-05-05,P008,Paracetamol 500mg (Strip),Pharmacy,15
2024-05-06,P008,Paracetamol 500mg (Strip),Pharmacy,33
2024-05-07,P008,Paracetamol 500mg (Strip),Pharmacy,35
2024-05-08,P008,Paracetamol 500mg (Strip),Pharmacy,31
2024-05-09,P008,Paracetamol 500mg (Strip),Pharmacy,25
2024-05-10,P008,Paracetamol 500mg (Strip),Pharmacy,21
2024-05-11,P008,Paracetamol 500mg (Strip),Pharmacy,26
2024-05-12,P008,Paracetamol 500mg (Strip),Pharmacy,28
2024-05-13,P008,Paracetamol 500mg (Strip),Pharmacy,28
2024-05-14,P008,Paracetamol 500mg (Strip),Pharmacy,33
2024-05-15,P008,Paracetamol 500mg (Strip),Pharmacy,38
2024-05-16,P008,Paracetamol 500mg (Strip),Pharmacy,37
2024-05-17,P008,Paracetamol 500mg (Strip),Pharmacy,26
2024-05-18,P008,Paracetamol 500mg (Strip),Pharmacy,32
2024-05-19,P008,Paracetamol 500mg (Strip),Pharmacy,22
2024-05-20,P008,Paracetamol 500mg (Strip),Pharmacy,23
2024-05-21,P008,Paracetamol 500mg (Strip),Pharmacy,39
2024-05-22,P008,Paracetamol 500mg (Strip),Pharmacy,35
2024-05-23,P008,Paracetamol 500mg (Strip),Pharmacy,34
2024-05-24,P008,Paracetamol 500mg (Strip),Pharmacy,35
2024-05-25,P008,Paracetamol 500mg (Strip),Pharmacy,33
2024-05-26,P008,Paracetamol 500mg (Strip),Pharmacy,33
2024-05-27,P008,Paracetamol 500mg (Strip),Pharmacy,12
2024-05-28,P008,Paracetamol 500mg (Strip),Pharmacy,39
2024-05-29,P008,Paracetamol 500mg (Strip),Pharmacy,41
2024-05-30,P008,Paracetamol 500mg (Strip),Pharmacy,21
2024-05-31,P008,Paracetamol 500mg (Strip),Pharmacy,28
2024-06-01,P008,Paracetamol 500mg (Strip),Pharmacy,22
2024-06-02,P008,Paracetamol 500mg (Strip),Pharmacy,34
2024-06-03,P008,Paracetamol 500mg (Strip),Pharmacy,26
2024-06-04,P008,Paracetamol 500mg (Strip),Pharmacy,32
2024-06-05,P008,Paracetamol 500mg (Strip),Pharmacy,34
2024-06-06,P008,Paracetamol 500mg (Strip),Pharmacy,41
2024-06-07,P008,Paracetamol 500mg (Strip),Pharmacy,34
2024-06-08,P008,Paracetamol 500mg (Strip),Pharmacy,37
2024-06-09,P008,Paracetamol 500mg (Strip),Pharmacy,18
2024-06-10,P008,Paracetamol 500mg (Strip),Pharmacy,24
2024-06-11,P008,Paracetamol 500mg (Strip),Pharmacy,44
2024-06-12,P008,Paracetamol 500mg (Strip),Pharmacy,27
2024-06-13,P008,Paracetamol 500mg (Strip),Pharmacy,24
2024-06-14,P008,Paracetamol 500mg (Strip),Pharmacy,40
2024-06-15,P008,Paracetamol 500mg (Strip),Pharmacy,23
2024-06-16,P008,Paracetamol 500mg (Strip),Pharmacy,18
2024-06-17,P008,Paracetamol 500mg (Strip),Pharmacy,31
2024-06-18,P008,Paracetamol 500mg (Strip),Pharmacy,27
2024-06-19,P008,Paracetamol 500mg (Strip),Pharmacy,44
2024-06-20,P008,Paracetamol 500mg (Strip),Pharmacy,23
2024-06-21,P008,Paracetamol 500mg (Strip),Pharmacy,22
2024-06-22,P008,Paracetamol 500mg (Strip),Pharmacy,28
2024-06-23,P008,Paracetamol 500mg (Strip),Pharmacy,26
2024-06-24,P008,Paracetamol 500mg (Strip),Pharmacy,32
2024-06-25,P008,Paracetamol 500mg (Strip),Pharmacy,40
2024-06-26,P008,Paracetamol 500mg (Strip),Pharmacy,36
2024-06-27,P008,Paracetamol 500mg (Strip),Pharmacy,54
2024-06-28,P008,Paracetamol 500mg (Strip),Pharmacy,32
2024-06-29,P008,Paracetamol 500mg (Strip),Pharmacy,24
2024-06-30,P008,Paracetamol 500mg (Strip),Pharmacy,23
2024-07-01,P008,Paracetamol 500mg (Strip),Pharmacy,32
2024-07-02,P008,Paracetamol 500mg (Strip),Pharmacy,26
2024-07-03,P008,Paracetamol 500mg (Strip),Pharmacy,39
2024-07-04,P008,Paracetamol 500mg (Strip),Pharmacy,29
2024-07-05,P008,Paracetamol 500mg (Strip),Pharmacy,35
2024-07-06,P008,Paracetamol 500mg (Strip),Pharmacy,25
2024-07-07,P008,Paracetamol 500mg (Strip),Pharmacy,36
2024-07-08,P008,Paracetamol 500mg (Strip),Pharmacy,34
2024-07-09,P008,Paracetamol 500mg (Strip),Pharmacy,37
2024-07-10,P008,Paracetamol 500mg (Strip),Pharmacy,47
2024-07-11,P008,Paracetamol 500mg (Strip),Pharmacy,29
2024-07-12,P008,Paracetamol 500mg (Strip),Pharmacy,25
2024-07-13,P008,Paracetamol 500mg (Strip),Pharmacy,29
2024-07-14,P008,Paracetamol 500mg (Strip),Pharmacy,25
2024-07-15,P008,Paracetamol 500mg (Strip),Pharmacy,33
2024-07-16,P008,Paracetamol 500mg (Strip),Pharmacy,44
2024-07-17,P008,Paracetamol 500mg (Strip),Pharmacy,37
2024-07-18,P008,Paracetamol 500mg (Strip),Pharmacy,29
2024-07-19,P008,Paracetamol 500mg (Strip),Pharmacy,33
2024-07-20,P008,Paracetamol 500mg (Strip),Pharmacy,35
2024-07-21,P008,Paracetamol 500mg (Strip),Pharmacy,26
2024-07-22,P008,Paracetamol 500mg (Strip),Pharmacy,32
2024-07-23,P008,Paracetamol 500mg (Strip),Pharmacy,42
2024-07-24,P008,Paracetamol 500mg (Strip),Pharmacy,39
2024-07-25,P008,Paracetamol 500mg (Strip),Pharmacy,18
2024-07-26,P008,Paracetamol 500mg (Strip),Pharmacy,34
2024-07-27,P008,Paracetamol 500mg (Strip),Pharmacy,31
2024-07-28,P008,Paracetamol 500mg (Strip),Pharmacy,32
2024-07-29,P008,Paracetamol 500mg (Strip),Pharmacy,25
2024-07-30,P008,Paracetamol 500mg (Strip),Pharmacy,38
2024-07-31,P008,Paracetamol 500mg (Strip),Pharmacy,83
2024-08-01,P008,Paracetamol 500mg (Strip),Pharmacy,24
2024-08-02,P008,Paracetamol 500mg (Strip),Pharmacy,25
2024-08-03,P008,Paracetamol 500mg (Strip),Pharmacy,33
2024-08-04,P008,Paracetamol 500mg (Strip),Pharmacy,25
2024-08-05,P008,Paracetamol 500mg (Strip),Pharmacy,30
2024-08-06,P008,Paracetamol 500mg (Strip),Pharmacy,31
2024-08-07,P008,Paracetamol 500mg (Strip),Pharmacy,47
2024-08-08,P008,Paracetamol 500mg (Strip),Pharmacy,31
2024-08-09,P008,Paracetamol 500mg (Strip),Pharmacy,27
2024-08-10,P008,Paracetamol 500mg (Strip),Pharmacy,26
2024-08-11,P008,Paracetamol 500mg (Strip),Pharmacy,22
2024-08-12,P008,Paracetamol 500mg (Strip),Pharmacy,31
2024-08-13,P008,Paracetamol 500mg (Strip),Pharmacy,41
2024-08-14,P008,Paracetamol 500mg (Strip),Pharmacy,33
2024-08-15,P008,Paracetamol 500mg (Strip),Pharmacy,29
2024-08-16,P008,Paracetamol 500mg (Strip),Pharmacy,27
2024-08-17,P008,Paracetamol 500mg (Strip),Pharmacy,36
2024-08-18,P008,Paracetamol 500mg (Strip),Pharmacy,25
2024-08-19,P008,Paracetamol 500mg (Strip),Pharmacy,36
2024-08-20,P008,Paracetamol 500mg (Strip),Pharmacy,45
2024-08-21,P008,Paracetamol 500mg (Strip),Pharmacy,35
2024-08-22,P008,Paracetamol 500mg (Strip),Pharmacy,25
2024-08-23,P008,Paracetamol 500mg (Strip),Pharmacy,34
2024-08-24,P008,Paracetamol 500mg (Strip),Pharmacy,19
2024-08-25,P008,Paracetamol 500mg (Strip),Pharmacy,31
2024-08-26,P008,Paracetamol 500mg (Strip),Pharmacy,23
2024-08-27,P008,Paracetamol 500mg (Strip),Pharmacy,44
2024-08-28,P008,Paracetamol 500mg (Strip),Pharmacy,36
2024-08-29,P008,Paracetamol 500mg (Strip),Pharmacy,28
2024-08-30,P008,Paracetamol 500mg (Strip),Pharmacy,25
2024-08-31,P008,Paracetamol 500mg (Strip),Pharmacy,20
2024-09-01,P008,Paracetamol 500mg (Strip),Pharmacy,36
2024-09-02,P008,Paracetamol 500mg (Strip),Pharmacy,31
2024-09-03,P008,Paracetamol 500mg (Strip),Pharmacy,55
2024-09-04,P008,Paracetamol 500mg (Strip),Pharmacy,33
2024-09-05,P008,Paracetamol 500mg (Strip),Pharmacy,25
2024-09-06,P008,Paracetamol 500mg (Strip),Pharmacy,24
2024-09-07,P008,Paracetamol 500mg (Strip),Pharmacy,28
2024-09-08,P008,Paracetamol 500mg (Strip),Pharmacy,38
2024-09-09,P008,Paracetamol 500mg (Strip),Pharmacy,37
2024-09-10,P008,Paracetamol 500mg (Strip),Pharmacy,29
2024-09-11,P008,Paracetamol 500mg (Strip),Pharmacy,44
2024-09-12,P008,Paracetamol 500mg (Strip),Pharmacy,33
2024-09-13,P008,Paracetamol 500mg (Strip),Pharmacy,31
2024-09-14,P008,Paracetamol 500mg (Strip),Pharmacy,53
2024-09-15,P008,Paracetamol 500mg (Strip),Pharmacy,25
2024-09-16,P008,Paracetamol 500mg (Strip),Pharmacy,33
2024-09-17,P008,Paracetamol 500mg (Strip),Pharmacy,35
2024-09-18,P008,Paracetamol 500mg (Strip),Pharmacy,45
2024-09-19,P008,Paracetamol 500mg (Strip),Pharmacy,26
2024-09-20,P008,Paracetamol 500mg (Strip),Pharmacy,18
2024-09-21,P008,Paracetamol 500mg (Strip),Pharmacy,22
2024-09-22,P008,Paracetamol 500mg (Strip),Pharmacy,22
2024-09-23,P008,Paracetamol 500mg (Strip),Pharmacy,30
2024-09-24,P008,Paracetamol 500mg (Strip),Pharmacy,39
2024-09-25,P008,Paracetamol 500mg (Strip),Pharmacy,76
2024-09-26,P008,Paracetamol 500mg (Strip),Pharmacy,31
2024-09-27,P008,Paracetamol 500mg (Strip),Pharmacy,27
2024-09-28,P008,Paracetamol 500mg (Strip),Pharmacy,28
2024-09-29,P008,Paracetamol 500mg (Strip),Pharmacy,39
2024-09-30,P008,Paracetamol 500mg (Strip),Pharmacy,39
2024-10-01,P008,Paracetamol 500mg (Strip),Pharmacy,40
2024-10-02,P008,Paracetamol 500mg (Strip),Pharmacy,43
2024-10-03,P008,Paracetamol 500mg (Strip),Pharmacy,18
2024-10-04,P008,Paracetamol 500mg (Strip),Pharmacy,24
2024-10-05,P008,Paracetamol 500mg (Strip),Pharmacy,27
2024-10-06,P008,Paracetamol 500mg (Strip),Pharmacy,24
2024-10-07,P008,Paracetamol 500mg (Strip),Pharmacy,23
2024-10-08,P008,Paracetamol 500mg (Strip),Pharmacy,40
2024-10-09,P008,Paracetamol 500mg (Strip),Pharmacy,46
2024-10-10,P008,Paracetamol 500mg (Strip),Pharmacy,29
2024-10-11,P008,Paracetamol 500mg (Strip),Pharmacy,33
2024-10-12,P008,Paracetamol 500mg (Strip),Pharmacy,29
2024-10-13,P008,Paracetamol 500mg (Strip),Pharmacy,27
2024-10-14,P008,Paracetamol 500mg (Strip),Pharmacy,37
2024-10-15,P008,Paracetamol 500mg (Strip),Pharmacy,30
2024-10-16,P008,Paracetamol 500mg (Strip),Pharmacy,27
2024-10-17,P008,Paracetamol 500mg (Strip),Pharmacy,21
2024-10-18,P008,Paracetamol 500mg (Strip),Pharmacy,34
2024-10-19,P008,Paracetamol 500mg (Strip),Pharmacy,30
2024-10-20,P008,Paracetamol 500mg (Strip),Pharmacy,31
2024-10-21,P008,Paracetamol 500mg (Strip),Pharmacy,41
2024-10-22,P008,Paracetamol 500mg (Strip),Pharmacy,31
2024-10-23,P008,Paracetamol 500mg (Strip),Pharmacy,45
2024-10-24,P008,Paracetamol 500mg (Strip),Pharmacy,27
2024-10-25,P008,Paracetamol 500mg (Strip),Pharmacy,26
2024-10-26,P008,Paracetamol 500mg (Strip),Pharmacy,30
2024-10-27,P008,Paracetamol 500mg (Strip),Pharmacy,30
2024-10-28,P008,Paracetamol 500mg (Strip),Pharmacy,31
2024-10-29,P008,Paracetamol 500mg (Strip),Pharmacy,41
2024-10-30,P008,Paracetamol 500mg (Strip),Pharmacy,39
2024-10-31,P008,Paracetamol 500mg (Strip),Pharmacy,28
2024-11-01,P008,Paracetamol 500mg (Strip),Pharmacy,27
2024-11-02,P008,Paracetamol 500mg (Strip),Pharmacy,31
2024-11-03,P008,Paracetamol 500mg (Strip),Pharmacy,22
2024-11-04,P008,Paracetamol 500mg (Strip),Pharmacy,26
2024-11-05,P008,Paracetamol 500mg (Strip),Pharmacy,36
2024-11-06,P008,Paracetamol 500mg (Strip),Pharmacy,41
2024-11-07,P008,Paracetamol 500mg (Strip),Pharmacy,41
2024-11-08,P008,Paracetamol 500mg (Strip),Pharmacy,28
2024-11-09,P008,Paracetamol 500mg (Strip),Pharmacy,19
2024-11-10,P008,Paracetamol 500mg (Strip),Pharmacy,25
2024-11-11,P008,Paracetamol 500mg (Strip),Pharmacy,36
2024-11-12,P008,Paracetamol 500mg (Strip),Pharmacy,33
2024-11-13,P008,Paracetamol 500mg (Strip),Pharmacy,31
2024-11-14,P008,Paracetamol 500mg (Strip),Pharmacy,33
2024-11-15,P008,Paracetamol 500mg (Strip),Pharmacy,32
2024-11-16,P008,Paracetamol 500mg (Strip),Pharmacy,21
2024-11-17,P008,Paracetamol 500mg (Strip),Pharmacy,24
2024-11-18,P008,Paracetamol 500mg (Strip),Pharmacy,39
2024-11-19,P008,Paracetamol 500mg (Strip),Pharmacy,43
2024-11-20,P008,Paracetamol 500mg (Strip),Pharmacy,32
2024-11-21,P008,Paracetamol 500mg (Strip),Pharmacy,18
2024-11-22,P008,Paracetamol 500mg (Strip),Pharmacy,31
2024-11-23,P008,Paracetamol 500mg (Strip),Pharmacy,28
2024-11-24,P008,Paracetamol 500mg (Strip),Pharmacy,30
2024-11-25,P008,Paracetamol 500mg (Strip),Pharmacy,36
2024-11-26,P008,Paracetamol 500mg (Strip),Pharmacy,33
2024-11-27,P008,Paracetamol 500mg (Strip),Pharmacy,36
2024-11-28,P008,Paracetamol 500mg (Strip),Pharmacy,24
2024-11-29,P008,Paracetamol 500mg (Strip),Pharmacy,25
2024-11-30,P008,Paracetamol 500mg (Strip),Pharmacy,33
2024-12-01,P008,Paracetamol 500mg (Strip),Pharmacy,30
2024-12-02,P008,Paracetamol 500mg (Strip),Pharmacy,24
2024-12-03,P008,Paracetamol 500mg (Strip),Pharmacy,42
2024-12-04,P008,Paracetamol 500mg (Strip),Pharmacy,36
2024-12-05,P008,Paracetamol 500mg (Strip),Pharmacy,34
2024-12-06,P008,Paracetamol 500mg (Strip),Pharmacy,24
2024-12-07,P008,Paracetamol 500mg (Strip),Pharmacy,24
2024-12-08,P008,Paracetamol 500mg (Strip),Pharmacy,31
2024-12-09,P008,Paracetamol 500mg (Strip),Pharmacy,26
2024-12-10,P008,Paracetamol 500mg (Strip),Pharmacy,37
2024-12-11,P008,Paracetamol 500mg (Strip),Pharmacy,32
2024-12-12,P008,Paracetamol 500mg (Strip),Pharmacy,27
2024-12-13,P008,Paracetamol 500mg (Strip),Pharmacy,29
2024-12-14,P008,Paracetamol 500mg (Strip),Pharmacy,30
2024-12-15,P008,Paracetamol 500mg (Strip),Pharmacy,27
2024-12-16,P008,Paracetamol 500mg (Strip),Pharmacy,34
2024-12-17,P008,Paracetamol 500mg (Strip),Pharmacy,39
2024-12-18,P008,Paracetamol 500mg (Strip),Pharmacy,38
2024-12-19,P008,Paracetamol 500mg (Strip),Pharmacy,26
2024-12-20,P008,Paracetamol 500mg (Strip),Pharmacy,36
2024-12-21,P008,Paracetamol 500mg (Strip),Pharmacy,32
2024-12-22,P008,Paracetamol 500mg (Strip),Pharmacy,24
2024-12-23,P008,Paracetamol 500mg (Strip),Pharmacy,36
2024-12-24,P008,Paracetamol 500mg (Strip),Pharmacy,44
2024-12-25,P008,Paracetamol 500mg (Strip),Pharmacy,38
2024-12-26,P008,Paracetamol 500mg (Strip),Pharmacy,30
2024-12-27,P008,Paracetamol 500mg (Strip),Pharmacy,18
2024-12-28,P008,Paracetamol 500mg (Strip),Pharmacy,25
2024-12-29,P008,Paracetamol 500mg (Strip),Pharmacy,34
2024-12-30,P008,Paracetamol 500mg (Strip),Pharmacy,28
2024-12-31,P008,Paracetamol 500mg (Strip),Pharmacy,38
2025-01-01,P008,Paracetamol 500mg (Strip),Pharmacy,34
2025-01-02,P008,Paracetamol 500mg (Strip),Pharmacy,31
2025-01-03,P008,Paracetamol 500mg (Strip),Pharmacy,32
2025-01-04,P008,Paracetamol 500mg (Strip),Pharmacy,32
2025-01-05,P008,Paracetamol 500mg (Strip),Pharmacy,23
2025-01-06,P008,Paracetamol 500mg (Strip),Pharmacy,33
2025-01-07,P008,Paracetamol 500mg (Strip),Pharmacy,48
2025-01-08,P008,Paracetamol 500mg (Strip),Pharmacy,43
2025-01-09,P008,Paracetamol 500mg (Strip),Pharmacy,30
2025-01-10,P008,Paracetamol 500mg (Strip),Pharmacy,19
2025-01-11,P008,Paracetamol 500mg (Strip),Pharmacy,28
2025-01-12,P008,Paracetamol 500mg (Strip),Pharmacy,39
2025-01-13,P008,Paracetamol 500mg (Strip),Pharmacy,40
2025-01-14,P008,Paracetamol 500mg (Strip),Pharmacy,41
2025-01-15,P008,Paracetamol 500mg (Strip),Pharmacy,35
2025-01-16,P008,Paracetamol 500mg (Strip),Pharmacy,30
2025-01-17,P008,Paracetamol 500mg (Strip),Pharmacy,34
2025-01-18,P008,Paracetamol 500mg (Strip),Pharmacy,35
2025-01-19,P008,Paracetamol 500mg (Strip),Pharmacy,32
2025-01-20,P008,Paracetamol 500mg (Strip),Pharmacy,38
2025-01-21,P008,Paracetamol 500mg (Strip),Pharmacy,39
2025-01-22,P008,Paracetamol 500mg (Strip),Pharmacy,38
2025-01-23,P008,Paracetamol 500mg (Strip),Pharmacy,27
2025-01-24,P008,Paracetamol 500mg (Strip),Pharmacy,32
2025-01-25,P008,Paracetamol 500mg (Strip),Pharmacy,35
2025-01-26,P008,Paracetamol 500mg (Strip),Pharmacy,34
2025-01-27,P008,Paracetamol 500mg (Strip),Pharmacy,26
2025-01-28,P008,Paracetamol 500mg (Strip),Pharmacy,32
2025-01-29,P008,Paracetamol 500mg (Strip),Pharmacy,45
2025-01-30,P008,Paracetamol 500mg (Strip),Pharmacy,31
2025-01-31,P008,Paracetamol 500mg (Strip),Pharmacy,31
2025-02-01,P008,Paracetamol 500mg (Strip),Pharmacy,31
2025-02-02,P008,Paracetamol 500mg (Strip),Pharmacy,40
2025-02-03,P008,Paracetamol 500mg (Strip),Pharmacy,30
2025-02-04,P008,Paracetamol 500mg (Strip),Pharmacy,45
2025-02-05,P008,Paracetamol 500mg (Strip),Pharmacy,40
2025-02-06,P008,Paracetamol 500mg (Strip),Pharmacy,21
2025-02-07,P008,Paracetamol 500mg (Strip),Pharmacy,25
2025-02-08,P008,Paracetamol 500mg (Strip),Pharmacy,27
2025-02-09,P008,Paracetamol 500mg (Strip),Pharmacy,36
2025-02-10,P008,Paracetamol 500mg (Strip),Pharmacy,40
2025-02-11,P008,Paracetamol 500mg (Strip),Pharmacy,41
2025-02-12,P008,Paracetamol 500mg (Strip),Pharmacy,36
2025-02-13,P008,Paracetamol 500mg (Strip),Pharmacy,25
2025-02-14,P008,Paracetamol 500mg (Strip),Pharmacy,36
2025-02-15,P008,Paracetamol 500mg (Strip),Pharmacy,23
2025-02-16,P008,Paracetamol 500mg (Strip),Pharmacy,29
2025-02-17,P008,Paracetamol 500mg (Strip),Pharmacy,46
2025-02-18,P008,Paracetamol 500mg (Strip),Pharmacy,36
2025-02-19,P008,Paracetamol 500mg (Strip),Pharmacy,32
2025-02-20,P008,Paracetamol 500mg (Strip),Pharmacy,20
2025-02-21,P008,Paracetamol 500mg (Strip),Pharmacy,43
2025-02-22,P008,Paracetamol 500mg (Strip),Pharmacy,32
2025-02-23,P008,Paracetamol 500mg (Strip),Pharmacy,25
2025-02-24,P008,Paracetamol 500mg (Strip),Pharmacy,32
2025-02-25,P008,Paracetamol 500mg (Strip),Pharmacy,36
2025-02-26,P008,Paracetamol 500mg (Strip),Pharmacy,29
2025-02-27,P008,Paracetamol 500mg (Strip),Pharmacy,34
2025-02-28,P008,Paracetamol 500mg (Strip),Pharmacy,30
2025-03-01,P008,Paracetamol 500mg (Strip),Pharmacy,34
2025-03-02,P008,Paracetamol 500mg (Strip),Pharmacy,30
2025-03-03,P008,Paracetamol 500mg (Strip),Pharmacy,34
2025-03-04,P008,Paracetamol 500mg (Strip),Pharmacy,27
2025-03-05,P008,Paracetamol 500mg (Strip),Pharmacy,44
2025-03-06,P008,Paracetamol 500mg (Strip),Pharmacy,24
2025-03-07,P008,Paracetamol 500mg (Strip),Pharmacy,25
2025-03-08,P008,Paracetamol 500mg (Strip),Pharmacy,27
2025-03-09,P008,Paracetamol 500mg (Strip),Pharmacy,19
2025-03-10,P008,Paracetamol 500mg (Strip),Pharmacy,30
2025-03-11,P008,Paracetamol 500mg (Strip),Pharmacy,36
2025-03-12,P008,Paracetamol 500mg (Strip),Pharmacy,37
2025-03-13,P008,Paracetamol 500mg (Strip),Pharmacy,21
2025-03-14,P008,Paracetamol 500mg (Strip),Pharmacy,35
2025-03-15,P008,Paracetamol 500mg (Strip),Pharmacy,32
2025-03-16,P008,Paracetamol 500mg (Strip),Pharmacy,25
2025-03-17,P008,Paracetamol 500mg (Strip),Pharmacy,30
2025-03-18,P008,Paracetamol 500mg (Strip),Pharmacy,44
2025-03-19,P008,Paracetamol 500mg (Strip),Pharmacy,38
2025-03-20,P008,Paracetamol 500mg (Strip),Pharmacy,23
2025-03-21,P008,Paracetamol 500mg (Strip),Pharmacy,30
2025-03-22,P008,Paracetamol 500mg (Strip),Pharmacy,24
2025-03-23,P008,Paracetamol 500mg (Strip),Pharmacy,26
2025-03-24,P008,Paracetamol 500mg (Strip),Pharmacy,33
2025-03-25,P008,Paracetamol 500mg (Strip),Pharmacy,45
2025-03-26,P008,Paracetamol 500mg (Strip),Pharmacy,51
2025-03-27,P008,Paracetamol 500mg (Strip),Pharmacy,38
2025-03-28,P008,Paracetamol 500mg (Strip),Pharmacy,30
2025-03-29,P008,Paracetamol 500mg (Strip),Pharmacy,43
2025-03-30,P008,Paracetamol 500mg (Strip),Pharmacy,33
2025-03-31,P008,Paracetamol 500mg (Strip),Pharmacy,28
2025-04-01,P008,Paracetamol 500mg (Strip),Pharmacy,40
2025-04-02,P008,Paracetamol 500mg (Strip),Pharmacy,36
2025-04-03,P008,Paracetamol 500mg (Strip),Pharmacy,69
2025-04-04,P008,Paracetamol 500mg (Strip),Pharmacy,24
2025-04-05,P008,Paracetamol 500mg (Strip),Pharmacy,30
2025-04-06,P008,Paracetamol 500mg (Strip),Pharmacy,35
2025-04-07,P008,Paracetamol 500mg (Strip),Pharmacy,39
2025-04-08,P008,Paracetamol 500mg (Strip),Pharmacy,33
2025-04-09,P008,Paracetamol 500mg (Strip),Pharmacy,38
2025-04-10,P008,Paracetamol 500mg (Strip),Pharmacy,33
2025-04-11,P008,Paracetamol 500mg (Strip),Pharmacy,31
2025-04-12,P008,Paracetamol 500mg (Strip),Pharmacy,34
2025-04-13,P008,Paracetamol 500mg (Strip),Pharmacy,28
2025-04-14,P008,Paracetamol 500mg (Strip),Pharmacy,41
2025-04-15,P008,Paracetamol 500mg (Strip),Pharmacy,64
2025-04-16,P008,Paracetamol 500mg (Strip),Pharmacy,44
2025-04-17,P008,Paracetamol 500mg (Strip),Pharmacy,28
2025-04-18,P008,Paracetamol 500mg (Strip),Pharmacy,31
2025-04-19,P008,Paracetamol 500mg (Strip),Pharmacy,22
2025-04-20,P008,Paracetamol 500mg (Strip),Pharmacy,26
2025-04-21,P008,Paracetamol 500mg (Strip),Pharmacy,32
2025-04-22,P008,Paracetamol 500mg (Strip),Pharmacy,40
2025-04-23,P008,Paracetamol 500mg (Strip),Pharmacy,55
2025-04-24,P008,Paracetamol 500mg (Strip),Pharmacy,28
2025-04-25,P008,Paracetamol 500mg (Strip),Pharmacy,23
2025-04-26,P008,Paracetamol 500mg (Strip),Pharmacy,40
2025-04-27,P008,Paracetamol 500mg (Strip),Pharmacy,37
2025-04-28,P008,Paracetamol 500mg (Strip),Pharmacy,27
2025-04-29,P008,Paracetamol 500mg (Strip),Pharmacy,42
2025-04-30,P008,Paracetamol 500mg (Strip),Pharmacy,45
2025-05-01,P008,Paracetamol 500mg (Strip),Pharmacy,31
2025-05-02,P008,Paracetamol 500mg (Strip),Pharmacy,32
2025-05-03,P008,Paracetamol 500mg (Strip),Pharmacy,27
2025-05-04,P008,Paracetamol 500mg (Strip),Pharmacy,33
2025-05-05,P008,Paracetamol 500mg (Strip),Pharmacy,31
2025-05-06,P008,Paracetamol 500mg (Strip),Pharmacy,25
2025-05-07,P008,Paracetamol 500mg (Strip),Pharmacy,41
2025-05-08,P008,Paracetamol 500mg (Strip),Pharmacy,21
2025-05-09,P008,Paracetamol 500mg (Strip),Pharmacy,36
2025-05-10,P008,Paracetamol 500mg (Strip),Pharmacy,24
2025-05-11,P008,Paracetamol 500mg (Strip),Pharmacy,17
2025-05-12,P008,Paracetamol 500mg (Strip),Pharmacy,24
2025-05-13,P008,Paracetamol 500mg (Strip),Pharmacy,40
2025-05-14,P008,Paracetamol 500mg (Strip),Pharmacy,41
2025-05-15,P008,Paracetamol 500mg (Strip),Pharmacy,23
2025-05-16,P008,Paracetamol 500mg (Strip),Pharmacy,25
2025-05-17,P008,Paracetamol 500mg (Strip),Pharmacy,31
2025-05-18,P008,Paracetamol 500mg (Strip),Pharmacy,36
2025-05-19,P008,Paracetamol 500mg (Strip),Pharmacy,27
2025-05-20,P008,Paracetamol 500mg (Strip),Pharmacy,42
2025-05-21,P008,Paracetamol 500mg (Strip),Pharmacy,30
2025-05-22,P008,Paracetamol 500mg (Strip),Pharmacy,32
2025-05-23,P008,Paracetamol 500mg (Strip),Pharmacy,35
2025-05-24,P008,Paracetamol 500mg (Strip),Pharmacy,34
2025-05-25,P008,Paracetamol 500mg (Strip),Pharmacy,36
2025-05-26,P008,Paracetamol 500mg (Strip),Pharmacy,39
2025-05-27,P008,Paracetamol 500mg (Strip),Pharmacy,50
2025-05-28,P008,Paracetamol 500mg (Strip),Pharmacy,41
2025-05-29,P008,Paracetamol 500mg (Strip),Pharmacy,41
2025-05-30,P008,Paracetamol 500mg (Strip),Pharmacy,25
2025-05-31,P008,Paracetamol 500mg (Strip),Pharmacy,30
2025-06-01,P008,Paracetamol 500mg (Strip),Pharmacy,30
2025-06-02,P008,Paracetamol 500mg (Strip),Pharmacy,28
2025-06-03,P008,Paracetamol 500mg (Strip),Pharmacy,27
2025-06-04,P008,Paracetamol 500mg (Strip),Pharmacy,85
2025-06-05,P008,Paracetamol 500mg (Strip),Pharmacy,26
2025-06-06,P008,Paracetamol 500mg (Strip),Pharmacy,29
2025-06-07,P008,Paracetamol 500mg (Strip),Pharmacy,40
2025-06-08,P008,Paracetamol 500mg (Strip),Pharmacy,34
2025-06-09,P008,Paracetamol 500mg (Strip),Pharmacy,44
2025-06-10,P008,Paracetamol 500mg (Strip),Pharmacy,41
2025-06-11,P008,Paracetamol 500mg (Strip),Pharmacy,43
2025-06-12,P008,Paracetamol 500mg (Strip),Pharmacy,30
2025-06-13,P008,Paracetamol 500mg (Strip),Pharmacy,26
2025-06-14,P008,Paracetamol 500mg (Strip),Pharmacy,34
2025-06-15,P008,Paracetamol 500mg (Strip),Pharmacy,28
2025-06-16,P008,Paracetamol 500mg (Strip),Pharmacy,38
2025-06-17,P008,Paracetamol 500mg (Strip),Pharmacy,37
2025-06-18,P008,Paracetamol 500mg (Strip),Pharmacy,39
2025-06-19,P008,Paracetamol 500mg (Strip),Pharmacy,30
2025-06-20,P008,Paracetamol 500mg (Strip),Pharmacy,37
2025-06-21,P008,Paracetamol 500mg (Strip),Pharmacy,29
2025-06-22,P008,Paracetamol 500mg (Strip),Pharmacy,38
2025-06-23,P008,Paracetamol 500mg (Strip),Pharmacy,29
2025-06-24,P008,Paracetamol 500mg (Strip),Pharmacy,42
2025-06-25,P008,Paracetamol 500mg (Strip),Pharmacy,37
2025-06-26,P008,Paracetamol 500mg (Strip),Pharmacy,37
2025-06-27,P008,Paracetamol 500mg (Strip),Pharmacy,26
2025-06-28,P008,Paracetamol 500mg (Strip),Pharmacy,27
2025-06-29,P008,Paracetamol 500mg (Strip),Pharmacy,24
2025-06-30,P008,Paracetamol 500mg (Strip),Pharmacy,35
2025-07-01,P008,Paracetamol 500mg (Strip),Pharmacy,44
2025-07-02,P008,Paracetamol 500mg (Strip),Pharmacy,43
2025-07-03,P008,Paracetamol 500mg (Strip),Pharmacy,30
2025-07-04,P008,Paracetamol 500mg (Strip),Pharmacy,27
2025-07-05,P008,Paracetamol 500mg (Strip),Pharmacy,29
2025-07-06,P008,Paracetamol 500mg (Strip),Pharmacy,30
2025-07-07,P008,Paracetamol 500mg (Strip),Pharmacy,36
2025-07-08,P008,Paracetamol 500mg (Strip),Pharmacy,42
2025-07-09,P008,Paracetamol 500mg (Strip),Pharmacy,50
2025-07-10,P008,Paracetamol 500mg (Strip),Pharmacy,31
2025-07-11,P008,Paracetamol 500mg (Strip),Pharmacy,33
2025-07-12,P008,Paracetamol 500mg (Strip),Pharmacy,32
2025-07-13,P008,Paracetamol 500mg (Strip),Pharmacy,29
2025-07-14,P008,Paracetamol 500mg (Strip),Pharmacy,36
2025-07-15,P008,Paracetamol 500mg (Strip),Pharmacy,38
2025-07-16,P008,Paracetamol 500mg (Strip),Pharmacy,40
2025-07-17,P008,Paracetamol 500mg (Strip),Pharmacy,38
2025-07-18,P008,Paracetamol 500mg (Strip),Pharmacy,28
2025-07-19,P008,Paracetamol 500mg (Strip),Pharmacy,33
2025-07-20,P008,Paracetamol 500mg (Strip),Pharmacy,17
2025-07-21,P008,Paracetamol 500mg (Strip),Pharmacy,82
2025-07-22,P008,Paracetamol 500mg (Strip),Pharmacy,38
2025-07-23,P008,Paracetamol 500mg (Strip),Pharmacy,41
2025-07-24,P008,Paracetamol 500mg (Strip),Pharmacy,30
2025-07-25,P008,Paracetamol 500mg (Strip),Pharmacy,32
2025-07-26,P008,Paracetamol 500mg (Strip),Pharmacy,29
2025-07-27,P008,Paracetamol 500mg (Strip),Pharmacy,33
2025-07-28,P008,Paracetamol 500mg (Strip),Pharmacy,25
2025-07-29,P008,Paracetamol 500mg (Strip),Pharmacy,41
2025-07-30,P008,Paracetamol 500mg (Strip),Pharmacy,36
2025-07-31,P008,Paracetamol 500mg (Strip),Pharmacy,38
2025-08-01,P008,Paracetamol 500mg (Strip),Pharmacy,26
2025-08-02,P008,Paracetamol 500mg (Strip),Pharmacy,37
2025-08-03,P008,Paracetamol 500mg (Strip),Pharmacy,31
2025-08-04,P008,Paracetamol 500mg (Strip),Pharmacy,24
2025-08-05,P008,Paracetamol 500mg (Strip),Pharmacy,36
2025-08-06,P008,Paracetamol 500mg (Strip),Pharmacy,46
2025-08-07,P008,Paracetamol 500mg (Strip),Pharmacy,36
2025-08-08,P008,Paracetamol 500mg (Strip),Pharmacy,24
2025-08-09,P008,Paracetamol 500mg (Strip),Pharmacy,40
2025-08-10,P008,Paracetamol 500mg (Strip),Pharmacy,31
2025-08-11,P008,Paracetamol 500mg (Strip),Pharmacy,39
2025-08-12,P008,Paracetamol 500mg (Strip),Pharmacy,34
2025-08-13,P008,Paracetamol 500mg (Strip),Pharmacy,38
2025-08-14,P008,Paracetamol 500mg (Strip),Pharmacy,34
2025-08-15,P008,Paracetamol 500mg (Strip),Pharmacy,53
2025-08-16,P008,Paracetamol 500mg (Strip),Pharmacy,15
2025-08-17,P008,Paracetamol 500mg (Strip),Pharmacy,30
2025-08-18,P008,Paracetamol 500mg (Strip),Pharmacy,24
2025-08-19,P008,Paracetamol 500mg (Strip),Pharmacy,35
2025-08-20,P008,Paracetamol 500mg (Strip),Pharmacy,33
2025-08-21,P008,Paracetamol 500mg (Strip),Pharmacy,38
2025-08-22,P008,Paracetamol 500mg (Strip),Pharmacy,40
2025-08-23,P008,Paracetamol 500mg (Strip),Pharmacy,33
2025-08-24,P008,Paracetamol 500mg (Strip),Pharmacy,30
2025-08-25,P008,Paracetamol 500mg (Strip),Pharmacy,35
2025-08-26,P008,Paracetamol 500mg (Strip),Pharmacy,47
2025-08-27,P008,Paracetamol 500mg (Strip),Pharmacy,30
2025-08-28,P008,Paracetamol 500mg (Strip),Pharmacy,25
2025-08-29,P008,Paracetamol 500mg (Strip),Pharmacy,37
2025-08-30,P008,Paracetamol 500mg (Strip),Pharmacy,38
2025-08-31,P008,Paracetamol 500mg (Strip),Pharmacy,35
2025-09-01,P008,Paracetamol 500mg (Strip),Pharmacy,29
2025-09-02,P008,Paracetamol 500mg (Strip),Pharmacy,47
2025-09-03,P008,Paracetamol 500mg (Strip),Pharmacy,49
2025-09-04,P008,Paracetamol 500mg (Strip),Pharmacy,36
2025-09-05,P008,Paracetamol 500mg (Strip),Pharmacy,18
2025-09-06,P008,Paracetamol 500mg (Strip),Pharmacy,32
2025-09-07,P008,Paracetamol 500mg (Strip),Pharmacy,35
2025-09-08,P008,Paracetamol 500mg (Strip),Pharmacy,32
2025-09-09,P008,Paracetamol 500mg (Strip),Pharmacy,42
2025-09-10,P008,Paracetamol 500mg (Strip),Pharmacy,38
2025-09-11,P008,Paracetamol 500mg (Strip),Pharmacy,27
2025-09-12,P008,Paracetamol 500mg (Strip),Pharmacy,40
2025-09-13,P008,Paracetamol 500mg (Strip),Pharmacy,33
2025-09-14,P008,Paracetamol 500mg (Strip),Pharmacy,25
2025-09-15,P008,Paracetamol 500mg (Strip),Pharmacy,27
2025-09-16,P008,Paracetamol 500mg (Strip),Pharmacy,36
2025-09-17,P008,Paracetamol 500mg (Strip),Pharmacy,36
2025-09-18,P008,Paracetamol 500mg (Strip),Pharmacy,32
2025-09-19,P008,Paracetamol 500mg (Strip),Pharmacy,34
2025-09-20,P008,Paracetamol 500mg (Strip),Pharmacy,34
2025-09-21,P008,Paracetamol 500mg (Strip),Pharmacy,27
2025-09-22,P008,Paracetamol 500mg (Strip),Pharmacy,40
2025-09-23,P008,Paracetamol 500mg (Strip),Pharmacy,48
2025-09-24,P008,Paracetamol 500mg (Strip),Pharmacy,40
2025-09-25,P008,Paracetamol 500mg (Strip),Pharmacy,26
2025-09-26,P008,Paracetamol 500mg (Strip),Pharmacy,32
2025-09-27,P008,Paracetamol 500mg (Strip),Pharmacy,44
2025-09-28,P008,Paracetamol 500mg (Strip),Pharmacy,26
2025-09-29,P008,Paracetamol 500mg (Strip),Pharmacy,32
2025-09-30,P008,Paracetamol 500mg (Strip),Pharmacy,42
2025-10-01,P008,Paracetamol 500mg (Strip),Pharmacy,44
2025-10-02,P008,Paracetamol 500mg (Strip),Pharmacy,21
2025-10-03,P008,Paracetamol 500mg (Strip),Pharmacy,39
2025-10-04,P008,Paracetamol 500mg (Strip),Pharmacy,39
2025-10-05,P008,Paracetamol 500mg (Strip),Pharmacy,29
2025-10-06,P008,Paracetamol 500mg (Strip),Pharmacy,50
2025-10-07,P008,Paracetamol 500mg (Strip),Pharmacy,48
2025-10-08,P008,Paracetamol 500mg (Strip),Pharmacy,48
2025-10-09,P008,Paracetamol 500mg (Strip),Pharmacy,38
2025-10-10,P008,Paracetamol 500mg (Strip),Pharmacy,38
2025-10-11,P008,Paracetamol 500mg (Strip),Pharmacy,32
2025-10-12,P008,Paracetamol 500mg (Strip),Pharmacy,31
2025-10-13,P008,Paracetamol 500mg (Strip),Pharmacy,30
2025-10-14,P008,Paracetamol 500mg (Strip),Pharmacy,38
2025-10-15,P008,Paracetamol 500mg (Strip),Pharmacy,40
2025-10-16,P008,Paracetamol 500mg (Strip),Pharmacy,32
2025-10-17,P008,Paracetamol 500mg (Strip),Pharmacy,41
2025-10-18,P008,Paracetamol 500mg (Strip),Pharmacy,20
2025-10-19,P008,Paracetamol 500mg (Strip),Pharmacy,39
2025-10-20,P008,Paracetamol 500mg (Strip),Pharmacy,29
2025-10-21,P008,Paracetamol 500mg (Strip),Pharmacy,41
2025-10-22,P008,Paracetamol 500mg (Strip),Pharmacy,38
2025-10-23,P008,Paracetamol 500mg (Strip),Pharmacy,42
2025-10-24,P008,Paracetamol 500mg (Strip),Pharmacy,29
2025-10-25,P008,Paracetamol 500mg (Strip),Pharmacy,35
2025-10-26,P008,Paracetamol 500mg (Strip),Pharmacy,35
2025-10-27,P008,Paracetamol 500mg (Strip),Pharmacy,29
2025-10-28,P008,Paracetamol 500mg (Strip),Pharmacy,41
2025-10-29,P008,Paracetamol 500mg (Strip),Pharmacy,48
2025-10-30,P008,Paracetamol 500mg (Strip),Pharmacy,27
2025-10-31,P008,Paracetamol 500mg (Strip),Pharmacy,37
2025-11-01,P008,Paracetamol 500mg (Strip),Pharmacy,30
2025-11-02,P008,Paracetamol 500mg (Strip),Pharmacy,38
2025-11-03,P008,Paracetamol 500mg (Strip),Pharmacy,45
2025-11-04,P008,Paracetamol 500mg (Strip),Pharmacy,31
2025-11-05,P008,Paracetamol 500mg (Strip),Pharmacy,34
2025-11-06,P008,Paracetamol 500mg (Strip),Pharmacy,30
2025-11-07,P008,Paracetamol 500mg (Strip),Pharmacy,40
2025-11-08,P008,Paracetamol 500mg (Strip),Pharmacy,35
2025-11-09,P008,Paracetamol 500mg (Strip),Pharmacy,25
2025-11-10,P008,Paracetamol 500mg (Strip),Pharmacy,39
2025-11-11,P008,Paracetamol 500mg (Strip),Pharmacy,37
2025-11-12,P008,Paracetamol 500mg (Strip),Pharmacy,47
2025-11-13,P008,Paracetamol 500mg (Strip),Pharmacy,35
2025-11-14,P008,Paracetamol 500mg (Strip),Pharmacy,27
2025-11-15,P008,Paracetamol 500mg (Strip),Pharmacy,32
2025-11-16,P008,Paracetamol 500mg (Strip),Pharmacy,39
2025-11-17,P008,Paracetamol 500mg (Strip),Pharmacy,25
2025-11-18,P008,Paracetamol 500mg (Strip),Pharmacy,44
2025-11-19,P008,Paracetamol 500mg (Strip),Pharmacy,36
2025-11-20,P008,Paracetamol 500mg (Strip),Pharmacy,32
2025-11-21,P008,Paracetamol 500mg (Strip),Pharmacy,35
2025-11-22,P008,Paracetamol 500mg (Strip),Pharmacy,43
2025-11-23,P008,Paracetamol 500mg (Strip),Pharmacy,32
2025-11-24,P008,Paracetamol 500mg (Strip),Pharmacy,44
2025-11-25,P008,Paracetamol 500mg (Strip),Pharmacy,37
2025-11-26,P008,Paracetamol 500mg (Strip),Pharmacy,39
2025-11-27,P008,Paracetamol 500mg (Strip),Pharmacy,35
2025-11-28,P008,Paracetamol 500mg (Strip),Pharmacy,33
2025-11-29,P008,Paracetamol 500mg (Strip),Pharmacy,30
2025-11-30,P008,Paracetamol 500mg (Strip),Pharmacy,30
2025-12-01,P008,Paracetamol 500mg (Strip),Pharmacy,43
2025-12-02,P008,Paracetamol 500mg (Strip),Pharmacy,40
2025-12-03,P008,Paracetamol 500mg (Strip),Pharmacy,36
2025-12-04,P008,Paracetamol 500mg (Strip),Pharmacy,27
2025-12-05,P008,Paracetamol 500mg (Strip),Pharmacy,36
2025-12-06,P008,Paracetamol 500mg (Strip),Pharmacy,45
2025-12-07,P008,Paracetamol 500mg (Strip),Pharmacy,29
2025-12-08,P008,Paracetamol 500mg (Strip),Pharmacy,48
2025-12-09,P008,Paracetamol 500mg (Strip),Pharmacy,42
2025-12-10,P008,Paracetamol 500mg (Strip),Pharmacy,41
2025-12-11,P008,Paracetamol 500mg (Strip),Pharmacy,27
2025-12-12,P008,Paracetamol 500mg (Strip),Pharmacy,31
2025-12-13,P008,Paracetamol 500mg (Strip),Pharmacy,28
2025-12-14,P008,Paracetamol 500mg (Strip),Pharmacy,28
2025-12-15,P008,Paracetamol 500mg (Strip),Pharmacy,26
2025-12-16,P008,Paracetamol 500mg (Strip),Pharmacy,52
2025-12-17,P008,Paracetamol 500mg (Strip),Pharmacy,48
2025-12-18,P008,Paracetamol 500mg (Strip),Pharmacy,34
2025-12-19,P008,Paracetamol 500mg (Strip),Pharmacy,32
2025-12-20,P008,Paracetamol 500mg (Strip),Pharmacy,32
2025-12-21,P008,Paracetamol 500mg (Strip),Pharmacy,28
2025-12-22,P008,Paracetamol 500mg (Strip),Pharmacy,29
2025-12-23,P008,Paracetamol 500mg (Strip),Pharmacy,46
2025-12-24,P008,Paracetamol 500mg (Strip),Pharmacy,41
2025-12-25,P008,Paracetamol 500mg (Strip),Pharmacy,34
2025-12-26,P008,Paracetamol 500mg (Strip),Pharmacy,23
2025-12-27,P008,Paracetamol 500mg (Strip),Pharmacy,31
2025-12-28,P008,Paracetamol 500mg (Strip),Pharmacy,26
2025-12-29,P008,Paracetamol 500mg (Strip),Pharmacy,38
2025-12-30,P008,Paracetamol 500mg (Strip),Pharmacy,48
2025-12-31,P008,Paracetamol 500mg (Strip),Pharmacy,50
2026-01-01,P008,Paracetamol 500mg (Strip),Pharmacy,29
2026-01-02,P008,Paracetamol 500mg (Strip),Pharmacy,26
2026-01-03,P008,Paracetamol 500mg (Strip),Pharmacy,30
2026-01-04,P008,Paracetamol 500mg (Strip),Pharmacy,29
2026-01-05,P008,Paracetamol 500mg (Strip),Pharmacy,38
2026-01-06,P008,Paracetamol 500mg (Strip),Pharmacy,35
2026-01-07,P008,Paracetamol 500mg (Strip),Pharmacy,33
2026-01-08,P008,Paracetamol 500mg (Strip),Pharmacy,31
2026-01-09,P008,Paracetamol 500mg (Strip),Pharmacy,37
2026-01-10,P008,Paracetamol 500mg (Strip),Pharmacy,27
2026-01-11,P008,Paracetamol 500mg (Strip),Pharmacy,37
2026-01-12,P008,Paracetamol 500mg (Strip),Pharmacy,38
2026-01-13,P008,Paracetamol 500mg (Strip),Pharmacy,51
2026-01-14,P008,Paracetamol 500mg (Strip),Pharmacy,38
2026-01-15,P008,Paracetamol 500mg (Strip),Pharmacy,24
2026-01-16,P008,Paracetamol 500mg (Strip),Pharmacy,36
2026-01-17,P008,Paracetamol 500mg (Strip),Pharmacy,34
2026-01-18,P008,Paracetamol 500mg (Strip),Pharmacy,34
2026-01-19,P008,Paracetamol 500mg (Strip),Pharmacy,30
2026-01-20,P008,Paracetamol 500mg (Strip),Pharmacy,47
2026-01-21,P008,Paracetamol 500mg (Strip),Pharmacy,39
2026-01-22,P008,Paracetamol 500mg (Strip),Pharmacy,34
2026-01-23,P008,Paracetamol 500mg (Strip),Pharmacy,30
2026-01-24,P008,Paracetamol 500mg (Strip),Pharmacy,35
2026-01-25,P008,Paracetamol 500mg (Strip),Pharmacy,26
2026-01-26,P008,Paracetamol 500mg (Strip),Pharmacy,39
2026-01-27,P008,Paracetamol 500mg (Strip),Pharmacy,46
2026-01-28,P008,Paracetamol 500mg (Strip),Pharmacy,43
2026-01-29,P008,Paracetamol 500mg (Strip),Pharmacy,42
2026-01-30,P008,Paracetamol 500mg (Strip),Pharmacy,34
2026-01-31,P008,Paracetamol 500mg (Strip),Pharmacy,38
2026-02-01,P008,Paracetamol 500mg (Strip),Pharmacy,33
2026-02-02,P008,Paracetamol 500mg (Strip),Pharmacy,41
2026-02-03,P008,Paracetamol 500mg (Strip),Pharmacy,34
2026-02-04,P008,Paracetamol 500mg (Strip),Pharmacy,43
2026-02-05,P008,Paracetamol 500mg (Strip),Pharmacy,26
2026-02-06,P008,Paracetamol 500mg (Strip),Pharmacy,34
2026-02-07,P008,Paracetamol 500mg (Strip),Pharmacy,35
2026-02-08,P008,Paracetamol 500mg (Strip),Pharmacy,37
2026-02-09,P008,Paracetamol 500mg (Strip),Pharmacy,39
2026-02-10,P008,Paracetamol 500mg (Strip),Pharmacy,41
2026-02-11,P008,Paracetamol 500mg (Strip),Pharmacy,39
2026-02-12,P008,Paracetamol 500mg (Strip),Pharmacy,20
2026-02-13,P008,Paracetamol 500mg (Strip),Pharmacy,33
2026-02-14,P008,Paracetamol 500mg (Strip),Pharmacy,39
2026-02-15,P008,Paracetamol 500mg (Strip),Pharmacy,33
2026-02-16,P008,Paracetamol 500mg (Strip),Pharmacy,36
2026-02-17,P008,Paracetamol 500mg (Strip),Pharmacy,44
2026-02-18,P008,Paracetamol 500mg (Strip),Pharmacy,41
2026-02-19,P008,Paracetamol 500mg (Strip),Pharmacy,34
2026-02-20,P008,Paracetamol 500mg (Strip),Pharmacy,31
2026-02-21,P008,Paracetamol 500mg (Strip),Pharmacy,28
2026-02-22,P008,Paracetamol 500mg (Strip),Pharmacy,32
2026-02-23,P008,Paracetamol 500mg (Strip),Pharmacy,36
2026-02-24,P008,Paracetamol 500mg (Strip),Pharmacy,53
2026-02-25,P008,Paracetamol 500mg (Strip),Pharmacy,38
2026-02-26,P008,Paracetamol 500mg (Strip),Pharmacy,32
2026-02-27,P008,Paracetamol 500mg (Strip),Pharmacy,31
2026-02-28,P008,Paracetamol 500mg (Strip),Pharmacy,30
2026-03-01,P008,Paracetamol 500mg (Strip),Pharmacy,36
2026-03-02,P008,Paracetamol 500mg (Strip),Pharmacy,49
2026-03-03,P008,Paracetamol 500mg (Strip),Pharmacy,41
2026-03-04,P008,Paracetamol 500mg (Strip),Pharmacy,46
2026-03-05,P008,Paracetamol 500mg (Strip),Pharmacy,22
2026-03-06,P008,Paracetamol 500mg (Strip),Pharmacy,31
2026-03-07,P008,Paracetamol 500mg (Strip),Pharmacy,42
2026-03-08,P008,Paracetamol 500mg (Strip),Pharmacy,33
2026-03-09,P008,Paracetamol 500mg (Strip),Pharmacy,39
2026-03-10,P008,Paracetamol 500mg (Strip),Pharmacy,40
2026-03-11,P008,Paracetamol 500mg (Strip),Pharmacy,44
2026-03-12,P008,Paracetamol 500mg (Strip),Pharmacy,42
2026-03-13,P008,Paracetamol 500mg (Strip),Pharmacy,26
2026-03-14,P008,Paracetamol 500mg (Strip),Pharmacy,45
2026-03-15,P008,Paracetamol 500mg (Strip),Pharmacy,24
2026-03-16,P008,Paracetamol 500mg (Strip),Pharmacy,34
2026-03-17,P008,Paracetamol 500mg (Strip),Pharmacy,38
2026-03-18,P008,Paracetamol 500mg (Strip),Pharmacy,42
2026-03-19,P008,Paracetamol 500mg (Strip),Pharmacy,28
2026-03-20,P008,Paracetamol 500mg (Strip),Pharmacy,28
2026-03-21,P008,Paracetamol 500mg (Strip),Pharmacy,26
2026-03-22,P008,Paracetamol 500mg (Strip),Pharmacy,37
2026-03-23,P008,Paracetamol 500mg (Strip),Pharmacy,35
2026-03-24,P008,Paracetamol 500mg (Strip),Pharmacy,40
2026-03-25,P008,Paracetamol 500mg (Strip),Pharmacy,45
2026-03-26,P008,Paracetamol 500mg (Strip),Pharmacy,25
2026-03-27,P008,Paracetamol 500mg (Strip),Pharmacy,35
2026-03-28,P008,Paracetamol 500mg (Strip),Pharmacy,33
2024-03-28,P009,Dettol Antiseptic Liquid 250ml,Pharmacy,6
2024-03-29,P009,Dettol Antiseptic Liquid 250ml,Pharmacy,7
2024-03-30,P009,Dettol Antiseptic Liquid 250ml,Pharmacy,6
2024-03-31,P009,Dettol Antiseptic Liquid 250ml,Pharmacy,6
2024-04-01,P009,Dettol Antiseptic Liquid 250ml,Pharmacy,5
2024-04-02,P009,Dettol Antiseptic Liquid 250ml,Pharmacy,9
2024-04-03,P009,Dettol Antiseptic Liquid 250ml,Pharmacy,8
2024-04-04,P009,Dettol Antiseptic Liquid 250ml,Pharmacy,9
2024-04-05,P009,Dettol Antiseptic Liquid 250ml,Pharmacy,5
2024-04-06,P009,Dettol Antiseptic Liquid 250ml,Pharmacy,4
2024-04-07,P009,Dettol Antiseptic Liquid 250ml,Pharmacy,7
2024-04-08,P009,Dettol Antiseptic Liquid 250ml,Pharmacy,8
2024-04-09,P009,Dettol Antiseptic Liquid 250ml,Pharmacy,7
2024-04-10,P009,Dettol Antiseptic Liquid 250ml,Pharmacy,6
2024-04-11,P009,Dettol Antiseptic Liquid 250ml,Pharmacy,9
2024-04-12,P009,Dettol Antiseptic Liquid 250ml,Pharmacy,9
2024-04-13,P009,Dettol Antiseptic Liquid 250ml,Pharmacy,3
2024-04-14,P009,Dettol Antiseptic Liquid 250ml,Pharmacy,6
2024-04-15,P009,Dettol Antiseptic Liquid 250ml,Pharmacy,10
2024-04-16,P009,Dettol Antiseptic Liquid 250ml,Pharmacy,8
2024-04-17,P009,Dettol Antiseptic Liquid 250ml,Pharmacy,8
2024-04-18,P009,Dettol Antiseptic Liquid 250ml,Pharmacy,6
2024-04-19,P009,Dettol Antiseptic Liquid 250ml,Pharmacy,5
2024-04-20,P009,Dettol Antiseptic Liquid 250ml,Pharmacy,4
2024-04-21,P009,Dettol Antiseptic Liquid 250ml,Pharmacy,8
2024-04-22,P009,Dettol Antiseptic Liquid 250ml,Pharmacy,5
2024-04-23,P009,Dettol Antiseptic Liquid 250ml,Pharmacy,9
2024-04-24,P009,Dettol Antiseptic Liquid 250ml,Pharmacy,10
2024-04-25,P009,Dettol Antiseptic Liquid 250ml,Pharmacy,5
2024-04-26,P009,Dettol Antiseptic Liquid 250ml,Pharmacy,5
2024-04-27,P009,Dettol Antiseptic Liquid 250ml,Pharmacy,8
2024-04-28,P009,Dettol Antiseptic Liquid 250ml,Pharmacy,7
2024-04-29,P009,Dettol Antiseptic Liquid 250ml,Pharmacy,6
2024-04-30,P009,Dettol Antiseptic Liquid 250ml,Pharmacy,10
2024-05-01,P009,Dettol Antiseptic Liquid 250ml,Pharmacy,46
2024-05-02,P009,Dettol Antiseptic Liquid 250ml,Pharmacy,7
2024-05-03,P009,Dettol Antiseptic Liquid 250ml,Pharmacy,5
2024-05-04,P009,Dettol Antiseptic Liquid 250ml,Pharmacy,6
2024-05-05,P009,Dettol Antiseptic Liquid 250ml,Pharmacy,7
2024-05-06,P009,Dettol Antiseptic Liquid 250ml,Pharmacy,7
2024-05-07,P009,Dettol Antiseptic Liquid 250ml,Pharmacy,10
2024-05-08,P009,Dettol Antiseptic Liquid 250ml,Pharmacy,7
2024-05-09,P009,Dettol Antiseptic Liquid 250ml,Pharmacy,4
2024-05-10,P009,Dettol Antiseptic Liquid 250ml,Pharmacy,7
2024-05-11,P009,Dettol Antiseptic Liquid 250ml,Pharmacy,6
2024-05-12,P009,Dettol Antiseptic Liquid 250ml,Pharmacy,6
2024-05-13,P009,Dettol Antiseptic Liquid 250ml,Pharmacy,5
2024-05-14,P009,Dettol Antiseptic Liquid 250ml,Pharmacy,9
2024-05-15,P009,Dettol Antiseptic Liquid 250ml,Pharmacy,9
2024-05-16,P009,Dettol Antiseptic Liquid 250ml,Pharmacy,8
2024-05-17,P009,Dettol Antiseptic Liquid 250ml,Pharmacy,7
2024-05-18,P009,Dettol Antiseptic Liquid 250ml,Pharmacy,6
2024-05-19,P009,Dettol Antiseptic Liquid 250ml,Pharmacy,8
2024-05-20,P009,Dettol Antiseptic Liquid 250ml,Pharmacy,5
2024-05-21,P009,Dettol Antiseptic Liquid 250ml,Pharmacy,9
2024-05-22,P009,Dettol Antiseptic Liquid 250ml,Pharmacy,6
2024-05-23,P009,Dettol Antiseptic Liquid 250ml,Pharmacy,5
2024-05-24,P009,Dettol Antiseptic Liquid 250ml,Pharmacy,5
2024-05-25,P009,Dettol Antiseptic Liquid 250ml,Pharmacy,8
2024-05-26,P009,Dettol Antiseptic Liquid 250ml,Pharmacy,7
2024-05-27,P009,Dettol Antiseptic Liquid 250ml,Pharmacy,7
2024-05-28,P009,Dettol Antiseptic Liquid 250ml,Pharmacy,7
2024-05-29,P009,Dettol Antiseptic Liquid 250ml,Pharmacy,8
2024-05-30,P009,Dettol Antiseptic Liquid 250ml,Pharmacy,6
2024-05-31,P009,Dettol Antiseptic Liquid 250ml,Pharmacy,7
2024-06-01,P009,Dettol Antiseptic Liquid 250ml,Pharmacy,37
2024-06-02,P009,Dettol Antiseptic Liquid 250ml,Pharmacy,8
2024-06-03,P009,Dettol Antiseptic Liquid 250ml,Pharmacy,5
2024-06-04,P009,Dettol Antiseptic Liquid 250ml,Pharmacy,8
2024-06-05,P009,Dettol Antiseptic Liquid 250ml,Pharmacy,11
2024-06-06,P009,Dettol Antiseptic Liquid 250ml,Pharmacy,6
2024-06-07,P009,Dettol Antiseptic Liquid 250ml,Pharmacy,5
2024-06-08,P009,Dettol Antiseptic Liquid 250ml,Pharmacy,7
2024-06-09,P009,Dettol Antiseptic Liquid 250ml,Pharmacy,6
2024-06-10,P009,Dettol Antiseptic Liquid 250ml,Pharmacy,6
2024-06-11,P009,Dettol Antiseptic Liquid 250ml,Pharmacy,7
2024-06-12,P009,Dettol Antiseptic Liquid 250ml,Pharmacy,13
2024-06-13,P009,Dettol Antiseptic Liquid 250ml,Pharmacy,6
2024-06-14,P009,Dettol Antiseptic Liquid 250ml,Pharmacy,4
2024-06-15,P009,Dettol Antiseptic Liquid 250ml,Pharmacy,9
2024-06-16,P009,Dettol Antiseptic Liquid 250ml,Pharmacy,8
2024-06-17,P009,Dettol Antiseptic Liquid 250ml,Pharmacy,6
2024-06-18,P009,Dettol Antiseptic Liquid 250ml,Pharmacy,7
2024-06-19,P009,Dettol Antiseptic Liquid 250ml,Pharmacy,10
2024-06-20,P009,Dettol Antiseptic Liquid 250ml,Pharmacy,6
2024-06-21,P009,Dettol Antiseptic Liquid 250ml,Pharmacy,4
2024-06-22,P009,Dettol Antiseptic Liquid 250ml,Pharmacy,9
2024-06-23,P009,Dettol Antiseptic Liquid 250ml,Pharmacy,6
2024-06-24,P009,Dettol Antiseptic Liquid 250ml,Pharmacy,9
2024-06-25,P009,Dettol Antiseptic Liquid 250ml,Pharmacy,11
2024-06-26,P009,Dettol Antiseptic Liquid 250ml,Pharmacy,7
2024-06-27,P009,Dettol Antiseptic Liquid 250ml,Pharmacy,8
2024-06-28,P009,Dettol Antiseptic Liquid 250ml,Pharmacy,6
2024-06-29,P009,Dettol Antiseptic Liquid 250ml,Pharmacy,4
2024-06-30,P009,Dettol Antiseptic Liquid 250ml,Pharmacy,6
2024-07-01,P009,Dettol Antiseptic Liquid 250ml,Pharmacy,8
2024-07-02,P009,Dettol Antiseptic Liquid 250ml,Pharmacy,8
2024-07-03,P009,Dettol Antiseptic Liquid 250ml,Pharmacy,8
2024-07-04,P009,Dettol Antiseptic Liquid 250ml,Pharmacy,8
2024-07-05,P009,Dettol Antiseptic Liquid 250ml,Pharmacy,7
2024-07-06,P009,Dettol Antiseptic Liquid 250ml,Pharmacy,6
2024-07-07,P009,Dettol Antiseptic Liquid 250ml,Pharmacy,8
2024-07-08,P009,Dettol Antiseptic Liquid 250ml,Pharmacy,8
2024-07-09,P009,Dettol Antiseptic Liquid 250ml,Pharmacy,5
2024-07-10,P009,Dettol Antiseptic Liquid 250ml,Pharmacy,9
2024-07-11,P009,Dettol Antiseptic Liquid 250ml,Pharmacy,7
2024-07-12,P009,Dettol Antiseptic Liquid 250ml,Pharmacy,7
2024-07-13,P009,Dettol Antiseptic Liquid 250ml,Pharmacy,8
2024-07-14,P009,Dettol Antiseptic Liquid 250ml,Pharmacy,6
2024-07-15,P009,Dettol Antiseptic Liquid 250ml,Pharmacy,8
2024-07-16,P009,Dettol Antiseptic Liquid 250ml,Pharmacy,7
2024-07-17,P009,Dettol Antiseptic Liquid 250ml,Pharmacy,9
2024-07-18,P009,Dettol Antiseptic Liquid 250ml,Pharmacy,9
2024-07-19,P009,Dettol Antiseptic Liquid 250ml,Pharmacy,5
2024-07-20,P009,Dettol Antiseptic Liquid 250ml,Pharmacy,6
2024-07-21,P009,Dettol Antiseptic Liquid 250ml,Pharmacy,6
2024-07-22,P009,Dettol Antiseptic Liquid 250ml,Pharmacy,8
2024-07-23,P009,Dettol Antiseptic Liquid 250ml,Pharmacy,7
2024-07-24,P009,Dettol Antiseptic Liquid 250ml,Pharmacy,9
2024-07-25,P009,Dettol Antiseptic Liquid 250ml,Pharmacy,8
2024-07-26,P009,Dettol Antiseptic Liquid 250ml,Pharmacy,7
2024-07-27,P009,Dettol Antiseptic Liquid 250ml,Pharmacy,4
2024-07-28,P009,Dettol Antiseptic Liquid 250ml,Pharmacy,8
2024-07-29,P009,Dettol Antiseptic Liquid 250ml,Pharmacy,9
2024-07-30,P009,Dettol Antiseptic Liquid 250ml,Pharmacy,10
2024-07-31,P009,Dettol Antiseptic Liquid 250ml,Pharmacy,9
2024-08-01,P009,Dettol Antiseptic Liquid 250ml,Pharmacy,7
2024-08-02,P009,Dettol Antiseptic Liquid 250ml,Pharmacy,8
2024-08-03,P009,Dettol Antiseptic Liquid 250ml,Pharmacy,9
2024-08-04,P009,Dettol Antiseptic Liquid 250ml,Pharmacy,5
2024-08-05,P009,Dettol Antiseptic Liquid 250ml,Pharmacy,9
2024-08-06,P009,Dettol Antiseptic Liquid 250ml,Pharmacy,9
2024-08-07,P009,Dettol Antiseptic Liquid 250ml,Pharmacy,9
2024-08-08,P009,Dettol Antiseptic Liquid 250ml,Pharmacy,5
2024-08-09,P009,Dettol Antiseptic Liquid 250ml,Pharmacy,6
2024-08-10,P009,Dettol Antiseptic Liquid 250ml,Pharmacy,5
2024-08-11,P009,Dettol Antiseptic Liquid 250ml,Pharmacy,6
2024-08-12,P009,Dettol Antiseptic Liquid 250ml,Pharmacy,6
2024-08-13,P009,Dettol Antiseptic Liquid 250ml,Pharmacy,8
2024-08-14,P009,Dettol Antiseptic Liquid 250ml,Pharmacy,8
2024-08-15,P009,Dettol Antiseptic Liquid 250ml,Pharmacy,7
2024-08-16,P009,Dettol Antiseptic Liquid 250ml,Pharmacy,5
2024-08-17,P009,Dettol Antiseptic Liquid 250ml,Pharmacy,5
2024-08-18,P009,Dettol Antiseptic Liquid 250ml,Pharmacy,7
2024-08-19,P009,Dettol Antiseptic Liquid 250ml,Pharmacy,6
2024-08-20,P009,Dettol Antiseptic Liquid 250ml,Pharmacy,10
2024-08-21,P009,Dettol Antiseptic Liquid 250ml,Pharmacy,9
2024-08-22,P009,Dettol Antiseptic Liquid 250ml,Pharmacy,8
2024-08-23,P009,Dettol Antiseptic Liquid 250ml,Pharmacy,9
2024-08-24,P009,Dettol Antiseptic Liquid 250ml,Pharmacy,6
2024-08-25,P009,Dettol Antiseptic Liquid 250ml,Pharmacy,6
2024-08-26,P009,Dettol Antiseptic Liquid 250ml,Pharmacy,9
2024-08-27,P009,Dettol Antiseptic Liquid 250ml,Pharmacy,10
2024-08-28,P009,Dettol Antiseptic Liquid 250ml,Pharmacy,9
2024-08-29,P009,Dettol Antiseptic Liquid 250ml,Pharmacy,9
2024-08-30,P009,Dettol Antiseptic Liquid 250ml,Pharmacy,7
2024-08-31,P009,Dettol Antiseptic Liquid 250ml,Pharmacy,7
2024-09-01,P009,Dettol Antiseptic Liquid 250ml,Pharmacy,7
2024-09-02,P009,Dettol Antiseptic Liquid 250ml,Pharmacy,6
2024-09-03,P009,Dettol Antiseptic Liquid 250ml,Pharmacy,9
2024-09-04,P009,Dettol Antiseptic Liquid 250ml,Pharmacy,11
2024-09-05,P009,Dettol Antiseptic Liquid 250ml,Pharmacy,7
2024-09-06,P009,Dettol Antiseptic Liquid 250ml,Pharmacy,7
2024-09-07,P009,Dettol Antiseptic Liquid 250ml,Pharmacy,7
2024-09-08,P009,Dettol Antiseptic Liquid 250ml,Pharmacy,7
2024-09-09,P009,Dettol Antiseptic Liquid 250ml,Pharmacy,9
2024-09-10,P009,Dettol Antiseptic Liquid 250ml,Pharmacy,10
2024-09-11,P009,Dettol Antiseptic Liquid 250ml,Pharmacy,9
2024-09-12,P009,Dettol Antiseptic Liquid 250ml,Pharmacy,7
2024-09-13,P009,Dettol Antiseptic Liquid 250ml,Pharmacy,7
2024-09-14,P009,Dettol Antiseptic Liquid 250ml,Pharmacy,5
2024-09-15,P009,Dettol Antiseptic Liquid 250ml,Pharmacy,7
2024-09-16,P009,Dettol Antiseptic Liquid 250ml,Pharmacy,5
2024-09-17,P009,Dettol Antiseptic Liquid 250ml,Pharmacy,10
2024-09-18,P009,Dettol Antiseptic Liquid 250ml,Pharmacy,10
2024-09-19,P009,Dettol Antiseptic Liquid 250ml,Pharmacy,8
2024-09-20,P009,Dettol Antiseptic Liquid 250ml,Pharmacy,6
2024-09-21,P009,Dettol Antiseptic Liquid 250ml,Pharmacy,7
2024-09-22,P009,Dettol Antiseptic Liquid 250ml,Pharmacy,9
2024-09-23,P009,Dettol Antiseptic Liquid 250ml,Pharmacy,10
2024-09-24,P009,Dettol Antiseptic Liquid 250ml,Pharmacy,9
2024-09-25,P009,Dettol Antiseptic Liquid 250ml,Pharmacy,9
2024-09-26,P009,Dettol Antiseptic Liquid 250ml,Pharmacy,8
2024-09-27,P009,Dettol Antiseptic Liquid 250ml,Pharmacy,5
2024-09-28,P009,Dettol Antiseptic Liquid 250ml,Pharmacy,6
2024-09-29,P009,Dettol Antiseptic Liquid 250ml,Pharmacy,9
2024-09-30,P009,Dettol Antiseptic Liquid 250ml,Pharmacy,9
2024-10-01,P009,Dettol Antiseptic Liquid 250ml,Pharmacy,32
2024-10-02,P009,Dettol Antiseptic Liquid 250ml,Pharmacy,7
2024-10-03,P009,Dettol Antiseptic Liquid 250ml,Pharmacy,7
2024-10-04,P009,Dettol Antiseptic Liquid 250ml,Pharmacy,6
2024-10-05,P009,Dettol Antiseptic Liquid 250ml,Pharmacy,7
2024-10-06,P009,Dettol Antiseptic Liquid 250ml,Pharmacy,6
2024-10-07,P009,Dettol Antiseptic Liquid 250ml,Pharmacy,6
2024-10-08,P009,Dettol Antiseptic Liquid 250ml,Pharmacy,6
2024-10-09,P009,Dettol Antiseptic Liquid 250ml,Pharmacy,11
2024-10-10,P009,Dettol Antiseptic Liquid 250ml,Pharmacy,6
2024-10-11,P009,Dettol Antiseptic Liquid 250ml,Pharmacy,7
2024-10-12,P009,Dettol Antiseptic Liquid 250ml,Pharmacy,7
2024-10-13,P009,Dettol Antiseptic Liquid 250ml,Pharmacy,5
2024-10-14,P009,Dettol Antiseptic Liquid 250ml,Pharmacy,6
2024-10-15,P009,Dettol Antiseptic Liquid 250ml,Pharmacy,8
2024-10-16,P009,Dettol Antiseptic Liquid 250ml,Pharmacy,8
2024-10-17,P009,Dettol Antiseptic Liquid 250ml,Pharmacy,7
2024-10-18,P009,Dettol Antiseptic Liquid 250ml,Pharmacy,6
2024-10-19,P009,Dettol Antiseptic Liquid 250ml,Pharmacy,9
2024-10-20,P009,Dettol Antiseptic Liquid 250ml,Pharmacy,8
2024-10-21,P009,Dettol Antiseptic Liquid 250ml,Pharmacy,9
2024-10-22,P009,Dettol Antiseptic Liquid 250ml,Pharmacy,9
2024-10-23,P009,Dettol Antiseptic Liquid 250ml,Pharmacy,11
2024-10-24,P009,Dettol Antiseptic Liquid 250ml,Pharmacy,7
2024-10-25,P009,Dettol Antiseptic Liquid 250ml,Pharmacy,7
2024-10-26,P009,Dettol Antiseptic Liquid 250ml,Pharmacy,7
2024-10-27,P009,Dettol Antiseptic Liquid 250ml,Pharmacy,8
2024-10-28,P009,Dettol Antiseptic Liquid 250ml,Pharmacy,9
2024-10-29,P009,Dettol Antiseptic Liquid 250ml,Pharmacy,8
2024-10-30,P009,Dettol Antiseptic Liquid 250ml,Pharmacy,8
2024-10-31,P009,Dettol Antiseptic Liquid 250ml,Pharmacy,8
2024-11-01,P009,Dettol Antiseptic Liquid 250ml,Pharmacy,8
2024-11-02,P009,Dettol Antiseptic Liquid 250ml,Pharmacy,6
2024-11-03,P009,Dettol Antiseptic Liquid 250ml,Pharmacy,5
2024-11-04,P009,Dettol Antiseptic Liquid 250ml,Pharmacy,7
2024-11-05,P009,Dettol Antiseptic Liquid 250ml,Pharmacy,10
2024-11-06,P009,Dettol Antiseptic Liquid 250ml,Pharmacy,12
2024-11-07,P009,Dettol Antiseptic Liquid 250ml,Pharmacy,5
2024-11-08,P009,Dettol Antiseptic Liquid 250ml,Pharmacy,6
2024-11-09,P009,Dettol Antiseptic Liquid 250ml,Pharmacy,6
2024-11-10,P009,Dettol Antiseptic Liquid 250ml,Pharmacy,9
2024-11-11,P009,Dettol Antiseptic Liquid 250ml,Pharmacy,8
2024-11-12,P009,Dettol Antiseptic Liquid 250ml,Pharmacy,8
2024-11-13,P009,Dettol Antiseptic Liquid 250ml,Pharmacy,10
2024-11-14,P009,Dettol Antiseptic Liquid 250ml,Pharmacy,6
2024-11-15,P009,Dettol Antiseptic Liquid 250ml,Pharmacy,5
2024-11-16,P009,Dettol Antiseptic Liquid 250ml,Pharmacy,6
2024-11-17,P009,Dettol Antiseptic Liquid 250ml,Pharmacy,9
2024-11-18,P009,Dettol Antiseptic Liquid 250ml,Pharmacy,8
2024-11-19,P009,Dettol Antiseptic Liquid 250ml,Pharmacy,57
2024-11-20,P009,Dettol Antiseptic Liquid 250ml,Pharmacy,9
2024-11-21,P009,Dettol Antiseptic Liquid 250ml,Pharmacy,7
2024-11-22,P009,Dettol Antiseptic Liquid 250ml,Pharmacy,7
2024-11-23,P009,Dettol Antiseptic Liquid 250ml,Pharmacy,7
2024-11-24,P009,Dettol Antiseptic Liquid 250ml,Pharmacy,7
2024-11-25,P009,Dettol Antiseptic Liquid 250ml,Pharmacy,9
2024-11-26,P009,Dettol Antiseptic Liquid 250ml,Pharmacy,9
2024-11-27,P009,Dettol Antiseptic Liquid 250ml,Pharmacy,8
2024-11-28,P009,Dettol Antiseptic Liquid 250ml,Pharmacy,6
2024-11-29,P009,Dettol Antiseptic Liquid 250ml,Pharmacy,4
2024-11-30,P009,Dettol Antiseptic Liquid 250ml,Pharmacy,10
2024-12-01,P009,Dettol Antiseptic Liquid 250ml,Pharmacy,8
2024-12-02,P009,Dettol Antiseptic Liquid 250ml,Pharmacy,7
2024-12-03,P009,Dettol Antiseptic Liquid 250ml,Pharmacy,9
2024-12-04,P009,Dettol Antiseptic Liquid 250ml,Pharmacy,8
2024-12-05,P009,Dettol Antiseptic Liquid 250ml,Pharmacy,9
2024-12-06,P009,Dettol Antiseptic Liquid 250ml,Pharmacy,5
2024-12-07,P009,Dettol Antiseptic Liquid 250ml,Pharmacy,7
2024-12-08,P009,Dettol Antiseptic Liquid 250ml,Pharmacy,7
2024-12-09,P009,Dettol Antiseptic Liquid 250ml,Pharmacy,9
2024-12-10,P009,Dettol Antiseptic Liquid 250ml,Pharmacy,9
2024-12-11,P009,Dettol Antiseptic Liquid 250ml,Pharmacy,7
2024-12-12,P009,Dettol Antiseptic Liquid 250ml,Pharmacy,7
2024-12-13,P009,Dettol Antiseptic Liquid 250ml,Pharmacy,6
2024-12-14,P009,Dettol Antiseptic Liquid 250ml,Pharmacy,7
2024-12-15,P009,Dettol Antiseptic Liquid 250ml,Pharmacy,9
2024-12-16,P009,Dettol Antiseptic Liquid 250ml,Pharmacy,5
2024-12-17,P009,Dettol Antiseptic Liquid 250ml,Pharmacy,8
2024-12-18,P009,Dettol Antiseptic Liquid 250ml,Pharmacy,8
2024-12-19,P009,Dettol Antiseptic Liquid 250ml,Pharmacy,6
2024-12-20,P009,Dettol Antiseptic Liquid 250ml,Pharmacy,8
2024-12-21,P009,Dettol Antiseptic Liquid 250ml,Pharmacy,7
2024-12-22,P009,Dettol Antiseptic Liquid 250ml,Pharmacy,8
2024-12-23,P009,Dettol Antiseptic Liquid 250ml,Pharmacy,7
2024-12-24,P009,Dettol Antiseptic Liquid 250ml,Pharmacy,10
2024-12-25,P009,Dettol Antiseptic Liquid 250ml,Pharmacy,10
2024-12-26,P009,Dettol Antiseptic Liquid 250ml,Pharmacy,6
2024-12-27,P009,Dettol Antiseptic Liquid 250ml,Pharmacy,8
2024-12-28,P009,Dettol Antiseptic Liquid 250ml,Pharmacy,7
2024-12-29,P009,Dettol Antiseptic Liquid 250ml,Pharmacy,8
2024-12-30,P009,Dettol Antiseptic Liquid 250ml,Pharmacy,8
2024-12-31,P009,Dettol Antiseptic Liquid 250ml,Pharmacy,10
2025-01-01,P009,Dettol Antiseptic Liquid 250ml,Pharmacy,9
2025-01-02,P009,Dettol Antiseptic Liquid 250ml,Pharmacy,7
2025-01-03,P009,Dettol Antiseptic Liquid 250ml,Pharmacy,7
2025-01-04,P009,Dettol Antiseptic Liquid 250ml,Pharmacy,8
2025-01-05,P009,Dettol Antiseptic Liquid 250ml,Pharmacy,5
2025-01-06,P009,Dettol Antiseptic Liquid 250ml,Pharmacy,10
2025-01-07,P009,Dettol Antiseptic Liquid 250ml,Pharmacy,7
2025-01-08,P009,Dettol Antiseptic Liquid 250ml,Pharmacy,8
2025-01-09,P009,Dettol Antiseptic Liquid 250ml,Pharmacy,7
2025-01-10,P009,Dettol Antiseptic Liquid 250ml,Pharmacy,8
2025-01-11,P009,Dettol Antiseptic Liquid 250ml,Pharmacy,9
2025-01-12,P009,Dettol Antiseptic Liquid 250ml,Pharmacy,4
2025-01-13,P009,Dettol Antiseptic Liquid 250ml,Pharmacy,7
2025-01-14,P009,Dettol Antiseptic Liquid 250ml,Pharmacy,6
2025-01-15,P009,Dettol Antiseptic Liquid 250ml,Pharmacy,9
2025-01-16,P009,Dettol Antiseptic Liquid 250ml,Pharmacy,7
2025-01-17,P009,Dettol Antiseptic Liquid 250ml,Pharmacy,9
2025-01-18,P009,Dettol Antiseptic Liquid 250ml,Pharmacy,7
2025-01-19,P009,Dettol Antiseptic Liquid 250ml,Pharmacy,9
2025-01-20,P009,Dettol Antiseptic Liquid 250ml,Pharmacy,9
2025-01-21,P009,Dettol Antiseptic Liquid 250ml,Pharmacy,9
2025-01-22,P009,Dettol Antiseptic Liquid 250ml,Pharmacy,7
2025-01-23,P009,Dettol Antiseptic Liquid 250ml,Pharmacy,7
2025-01-24,P009,Dettol Antiseptic Liquid 250ml,Pharmacy,5
2025-01-25,P009,Dettol Antiseptic Liquid 250ml,Pharmacy,9
2025-01-26,P009,Dettol Antiseptic Liquid 250ml,Pharmacy,7
2025-01-27,P009,Dettol Antiseptic Liquid 250ml,Pharmacy,10
2025-01-28,P009,Dettol Antiseptic Liquid 250ml,Pharmacy,9
2025-01-29,P009,Dettol Antiseptic Liquid 250ml,Pharmacy,10
2025-01-30,P009,Dettol Antiseptic Liquid 250ml,Pharmacy,7
2025-01-31,P009,Dettol Antiseptic Liquid 250ml,Pharmacy,7
2025-02-01,P009,Dettol Antiseptic Liquid 250ml,Pharmacy,6
2025-02-02,P009,Dettol Antiseptic Liquid 250ml,Pharmacy,8
2025-02-03,P009,Dettol Antiseptic Liquid 250ml,Pharmacy,7
2025-02-04,P009,Dettol Antiseptic Liquid 250ml,Pharmacy,8
2025-02-05,P009,Dettol Antiseptic Liquid 250ml,Pharmacy,11
2025-02-06,P009,Dettol Antiseptic Liquid 250ml,Pharmacy,8
2025-02-07,P009,Dettol Antiseptic Liquid 250ml,Pharmacy,7
2025-02-08,P009,Dettol Antiseptic Liquid 250ml,Pharmacy,9
2025-02-09,P009,Dettol Antiseptic Liquid 250ml,Pharmacy,36
2025-02-10,P009,Dettol Antiseptic Liquid 250ml,Pharmacy,10
2025-02-11,P009,Dettol Antiseptic Liquid 250ml,Pharmacy,10
2025-02-12,P009,Dettol Antiseptic Liquid 250ml,Pharmacy,8
2025-02-13,P009,Dettol Antiseptic Liquid 250ml,Pharmacy,10
2025-02-14,P009,Dettol Antiseptic Liquid 250ml,Pharmacy,9
2025-02-15,P009,Dettol Antiseptic Liquid 250ml,Pharmacy,7
2025-02-16,P009,Dettol Antiseptic Liquid 250ml,Pharmacy,8
2025-02-17,P009,Dettol Antiseptic Liquid 250ml,Pharmacy,7
2025-02-18,P009,Dettol Antiseptic Liquid 250ml,Pharmacy,11
2025-02-19,P009,Dettol Antiseptic Liquid 250ml,Pharmacy,6
2025-02-20,P009,Dettol Antiseptic Liquid 250ml,Pharmacy,6
2025-02-21,P009,Dettol Antiseptic Liquid 250ml,Pharmacy,9
2025-02-22,P009,Dettol Antiseptic Liquid 250ml,Pharmacy,45
2025-02-23,P009,Dettol Antiseptic Liquid 250ml,Pharmacy,7
2025-02-24,P009,Dettol Antiseptic Liquid 250ml,Pharmacy,6
2025-02-25,P009,Dettol Antiseptic Liquid 250ml,Pharmacy,12
2025-02-26,P009,Dettol Antiseptic Liquid 250ml,Pharmacy,11
2025-02-27,P009,Dettol Antiseptic Liquid 250ml,Pharmacy,7
2025-02-28,P009,Dettol Antiseptic Liquid 250ml,Pharmacy,7
2025-03-01,P009,Dettol Antiseptic Liquid 250ml,Pharmacy,9
2025-03-02,P009,Dettol Antiseptic Liquid 250ml,Pharmacy,10
2025-03-03,P009,Dettol Antiseptic Liquid 250ml,Pharmacy,9
2025-03-04,P009,Dettol Antiseptic Liquid 250ml,Pharmacy,12
2025-03-05,P009,Dettol Antiseptic Liquid 250ml,Pharmacy,8
2025-03-06,P009,Dettol Antiseptic Liquid 250ml,Pharmacy,6
2025-03-07,P009,Dettol Antiseptic Liquid 250ml,Pharmacy,5
2025-03-08,P009,Dettol Antiseptic Liquid 250ml,Pharmacy,8
2025-03-09,P009,Dettol Antiseptic Liquid 250ml,Pharmacy,7
2025-03-10,P009,Dettol Antiseptic Liquid 250ml,Pharmacy,8
2025-03-11,P009,Dettol Antiseptic Liquid 250ml,Pharmacy,11
2025-03-12,P009,Dettol Antiseptic Liquid 250ml,Pharmacy,11
2025-03-13,P009,Dettol Antiseptic Liquid 250ml,Pharmacy,5
2025-03-14,P009,Dettol Antiseptic Liquid 250ml,Pharmacy,6
2025-03-15,P009,Dettol Antiseptic Liquid 250ml,Pharmacy,8
2025-03-16,P009,Dettol Antiseptic Liquid 250ml,Pharmacy,7
2025-03-17,P009,Dettol Antiseptic Liquid 250ml,Pharmacy,7
2025-03-18,P009,Dettol Antiseptic Liquid 250ml,Pharmacy,11
2025-03-19,P009,Dettol Antiseptic Liquid 250ml,Pharmacy,8
2025-03-20,P009,Dettol Antiseptic Liquid 250ml,Pharmacy,7
2025-03-21,P009,Dettol Antiseptic Liquid 250ml,Pharmacy,8
2025-03-22,P009,Dettol Antiseptic Liquid 250ml,Pharmacy,6
2025-03-23,P009,Dettol Antiseptic Liquid 250ml,Pharmacy,8
2025-03-24,P009,Dettol Antiseptic Liquid 250ml,Pharmacy,7
2025-03-25,P009,Dettol Antiseptic Liquid 250ml,Pharmacy,11
2025-03-26,P009,Dettol Antiseptic Liquid 250ml,Pharmacy,9
2025-03-27,P009,Dettol Antiseptic Liquid 250ml,Pharmacy,8
2025-03-28,P009,Dettol Antiseptic Liquid 250ml,Pharmacy,8
2025-03-29,P009,Dettol Antiseptic Liquid 250ml,Pharmacy,6
2025-03-30,P009,Dettol Antiseptic Liquid 250ml,Pharmacy,4
2025-03-31,P009,Dettol Antiseptic Liquid 250ml,Pharmacy,8
2025-04-01,P009,Dettol Antiseptic Liquid 250ml,Pharmacy,10
2025-04-02,P009,Dettol Antiseptic Liquid 250ml,Pharmacy,10
2025-04-03,P009,Dettol Antiseptic Liquid 250ml,Pharmacy,7
2025-04-04,P009,Dettol Antiseptic Liquid 250ml,Pharmacy,7
2025-04-05,P009,Dettol Antiseptic Liquid 250ml,Pharmacy,10
2025-04-06,P009,Dettol Antiseptic Liquid 250ml,Pharmacy,5
2025-04-07,P009,Dettol Antiseptic Liquid 250ml,Pharmacy,9
2025-04-08,P009,Dettol Antiseptic Liquid 250ml,Pharmacy,9
2025-04-09,P009,Dettol Antiseptic Liquid 250ml,Pharmacy,9
2025-04-10,P009,Dettol Antiseptic Liquid 250ml,Pharmacy,7
2025-04-11,P009,Dettol Antiseptic Liquid 250ml,Pharmacy,6
2025-04-12,P009,Dettol Antiseptic Liquid 250ml,Pharmacy,8
2025-04-13,P009,Dettol Antiseptic Liquid 250ml,Pharmacy,9
2025-04-14,P009,Dettol Antiseptic Liquid 250ml,Pharmacy,9
2025-04-15,P009,Dettol Antiseptic Liquid 250ml,Pharmacy,10
2025-04-16,P009,Dettol Antiseptic Liquid 250ml,Pharmacy,8
2025-04-17,P009,Dettol Antiseptic Liquid 250ml,Pharmacy,8
2025-04-18,P009,Dettol Antiseptic Liquid 250ml,Pharmacy,10
2025-04-19,P009,Dettol Antiseptic Liquid 250ml,Pharmacy,7
2025-04-20,P009,Dettol Antiseptic Liquid 250ml,Pharmacy,7
2025-04-21,P009,Dettol Antiseptic Liquid 250ml,Pharmacy,7
2025-04-22,P009,Dettol Antiseptic Liquid 250ml,Pharmacy,9
2025-04-23,P009,Dettol Antiseptic Liquid 250ml,Pharmacy,6
2025-04-24,P009,Dettol Antiseptic Liquid 250ml,Pharmacy,8
2025-04-25,P009,Dettol Antiseptic Liquid 250ml,Pharmacy,6
2025-04-26,P009,Dettol Antiseptic Liquid 250ml,Pharmacy,5
2025-04-27,P009,Dettol Antiseptic Liquid 250ml,Pharmacy,8
2025-04-28,P009,Dettol Antiseptic Liquid 250ml,Pharmacy,7
2025-04-29,P009,Dettol Antiseptic Liquid 250ml,Pharmacy,9
2025-04-30,P009,Dettol Antiseptic Liquid 250ml,Pharmacy,12
2025-05-01,P009,Dettol Antiseptic Liquid 250ml,Pharmacy,5
2025-05-02,P009,Dettol Antiseptic Liquid 250ml,Pharmacy,5
2025-05-03,P009,Dettol Antiseptic Liquid 250ml,Pharmacy,8
2025-05-04,P009,Dettol Antiseptic Liquid 250ml,Pharmacy,9
2025-05-05,P009,Dettol Antiseptic Liquid 250ml,Pharmacy,6
2025-05-06,P009,Dettol Antiseptic Liquid 250ml,Pharmacy,10
2025-05-07,P009,Dettol Antiseptic Liquid 250ml,Pharmacy,10
2025-05-08,P009,Dettol Antiseptic Liquid 250ml,Pharmacy,4
2025-05-09,P009,Dettol Antiseptic Liquid 250ml,Pharmacy,8
2025-05-10,P009,Dettol Antiseptic Liquid 250ml,Pharmacy,9
2025-05-11,P009,Dettol Antiseptic Liquid 250ml,Pharmacy,7
2025-05-12,P009,Dettol Antiseptic Liquid 250ml,Pharmacy,10
2025-05-13,P009,Dettol Antiseptic Liquid 250ml,Pharmacy,11
2025-05-14,P009,Dettol Antiseptic Liquid 250ml,Pharmacy,10
2025-05-15,P009,Dettol Antiseptic Liquid 250ml,Pharmacy,33
2025-05-16,P009,Dettol Antiseptic Liquid 250ml,Pharmacy,6
2025-05-17,P009,Dettol Antiseptic Liquid 250ml,Pharmacy,7
2025-05-18,P009,Dettol Antiseptic Liquid 250ml,Pharmacy,8
2025-05-19,P009,Dettol Antiseptic Liquid 250ml,Pharmacy,8
2025-05-20,P009,Dettol Antiseptic Liquid 250ml,Pharmacy,7
2025-05-21,P009,Dettol Antiseptic Liquid 250ml,Pharmacy,11
2025-05-22,P009,Dettol Antiseptic Liquid 250ml,Pharmacy,8
2025-05-23,P009,Dettol Antiseptic Liquid 250ml,Pharmacy,7
2025-05-24,P009,Dettol Antiseptic Liquid 250ml,Pharmacy,9
2025-05-25,P009,Dettol Antiseptic Liquid 250ml,Pharmacy,9
2025-05-26,P009,Dettol Antiseptic Liquid 250ml,Pharmacy,4
2025-05-27,P009,Dettol Antiseptic Liquid 250ml,Pharmacy,10
2025-05-28,P009,Dettol Antiseptic Liquid 250ml,Pharmacy,8
2025-05-29,P009,Dettol Antiseptic Liquid 250ml,Pharmacy,8
2025-05-30,P009,Dettol Antiseptic Liquid 250ml,Pharmacy,7
2025-05-31,P009,Dettol Antiseptic Liquid 250ml,Pharmacy,8
2025-06-01,P009,Dettol Antiseptic Liquid 250ml,Pharmacy,7
2025-06-02,P009,Dettol Antiseptic Liquid 250ml,Pharmacy,5
2025-06-03,P009,Dettol Antiseptic Liquid 250ml,Pharmacy,9
2025-06-04,P009,Dettol Antiseptic Liquid 250ml,Pharmacy,10
2025-06-05,P009,Dettol Antiseptic Liquid 250ml,Pharmacy,9
2025-06-06,P009,Dettol Antiseptic Liquid 250ml,Pharmacy,6
2025-06-07,P009,Dettol Antiseptic Liquid 250ml,Pharmacy,9
2025-06-08,P009,Dettol Antiseptic Liquid 250ml,Pharmacy,6
2025-06-09,P009,Dettol Antiseptic Liquid 250ml,Pharmacy,9
2025-06-10,P009,Dettol Antiseptic Liquid 250ml,Pharmacy,9
2025-06-11,P009,Dettol Antiseptic Liquid 250ml,Pharmacy,10
2025-06-12,P009,Dettol Antiseptic Liquid 250ml,Pharmacy,9
2025-06-13,P009,Dettol Antiseptic Liquid 250ml,Pharmacy,6
2025-06-14,P009,Dettol Antiseptic Liquid 250ml,Pharmacy,6
2025-06-15,P009,Dettol Antiseptic Liquid 250ml,Pharmacy,8
2025-06-16,P009,Dettol Antiseptic Liquid 250ml,Pharmacy,12
2025-06-17,P009,Dettol Antiseptic Liquid 250ml,Pharmacy,9
2025-06-18,P009,Dettol Antiseptic Liquid 250ml,Pharmacy,13
2025-06-19,P009,Dettol Antiseptic Liquid 250ml,Pharmacy,10
2025-06-20,P009,Dettol Antiseptic Liquid 250ml,Pharmacy,7
2025-06-21,P009,Dettol Antiseptic Liquid 250ml,Pharmacy,7
2025-06-22,P009,Dettol Antiseptic Liquid 250ml,Pharmacy,6
2025-06-23,P009,Dettol Antiseptic Liquid 250ml,Pharmacy,8
2025-06-24,P009,Dettol Antiseptic Liquid 250ml,Pharmacy,8
2025-06-25,P009,Dettol Antiseptic Liquid 250ml,Pharmacy,10
2025-06-26,P009,Dettol Antiseptic Liquid 250ml,Pharmacy,9
2025-06-27,P009,Dettol Antiseptic Liquid 250ml,Pharmacy,7
2025-06-28,P009,Dettol Antiseptic Liquid 250ml,Pharmacy,7
2025-06-29,P009,Dettol Antiseptic Liquid 250ml,Pharmacy,5
2025-06-30,P009,Dettol Antiseptic Liquid 250ml,Pharmacy,9
2025-07-01,P009,Dettol Antiseptic Liquid 250ml,Pharmacy,10
2025-07-02,P009,Dettol Antiseptic Liquid 250ml,Pharmacy,10
2025-07-03,P009,Dettol Antiseptic Liquid 250ml,Pharmacy,7
2025-07-04,P009,Dettol Antiseptic Liquid 250ml,Pharmacy,7
2025-07-05,P009,Dettol Antiseptic Liquid 250ml,Pharmacy,8
2025-07-06,P009,Dettol Antiseptic Liquid 250ml,Pharmacy,7
2025-07-07,P009,Dettol Antiseptic Liquid 250ml,Pharmacy,9
2025-07-08,P009,Dettol Antiseptic Liquid 250ml,Pharmacy,10
2025-07-09,P009,Dettol Antiseptic Liquid 250ml,Pharmacy,11
2025-07-10,P009,Dettol Antiseptic Liquid 250ml,Pharmacy,8
2025-07-11,P009,Dettol Antiseptic Liquid 250ml,Pharmacy,8
2025-07-12,P009,Dettol Antiseptic Liquid 250ml,Pharmacy,10
2025-07-13,P009,Dettol Antiseptic Liquid 250ml,Pharmacy,8
2025-07-14,P009,Dettol Antiseptic Liquid 250ml,Pharmacy,10
2025-07-15,P009,Dettol Antiseptic Liquid 250ml,Pharmacy,11
2025-07-16,P009,Dettol Antiseptic Liquid 250ml,Pharmacy,7
2025-07-17,P009,Dettol Antiseptic Liquid 250ml,Pharmacy,9
2025-07-18,P009,Dettol Antiseptic Liquid 250ml,Pharmacy,8
2025-07-19,P009,Dettol Antiseptic Liquid 250ml,Pharmacy,7
2025-07-20,P009,Dettol Antiseptic Liquid 250ml,Pharmacy,8
2025-07-21,P009,Dettol Antiseptic Liquid 250ml,Pharmacy,8
2025-07-22,P009,Dettol Antiseptic Liquid 250ml,Pharmacy,10
2025-07-23,P009,Dettol Antiseptic Liquid 250ml,Pharmacy,9
2025-07-24,P009,Dettol Antiseptic Liquid 250ml,Pharmacy,9
2025-07-25,P009,Dettol Antiseptic Liquid 250ml,Pharmacy,7
2025-07-26,P009,Dettol Antiseptic Liquid 250ml,Pharmacy,7
2025-07-27,P009,Dettol Antiseptic Liquid 250ml,Pharmacy,6
2025-07-28,P009,Dettol Antiseptic Liquid 250ml,Pharmacy,9
2025-07-29,P009,Dettol Antiseptic Liquid 250ml,Pharmacy,10
2025-07-30,P009,Dettol Antiseptic Liquid 250ml,Pharmacy,10
2025-07-31,P009,Dettol Antiseptic Liquid 250ml,Pharmacy,6
2025-08-01,P009,Dettol Antiseptic Liquid 250ml,Pharmacy,5
2025-08-02,P009,Dettol Antiseptic Liquid 250ml,Pharmacy,8
2025-08-03,P009,Dettol Antiseptic Liquid 250ml,Pharmacy,10
2025-08-04,P009,Dettol Antiseptic Liquid 250ml,Pharmacy,7
2025-08-05,P009,Dettol Antiseptic Liquid 250ml,Pharmacy,12
2025-08-06,P009,Dettol Antiseptic Liquid 250ml,Pharmacy,10
2025-08-07,P009,Dettol Antiseptic Liquid 250ml,Pharmacy,7
2025-08-08,P009,Dettol Antiseptic Liquid 250ml,Pharmacy,7
2025-08-09,P009,Dettol Antiseptic Liquid 250ml,Pharmacy,6
2025-08-10,P009,Dettol Antiseptic Liquid 250ml,Pharmacy,9
2025-08-11,P009,Dettol Antiseptic Liquid 250ml,Pharmacy,7
2025-08-12,P009,Dettol Antiseptic Liquid 250ml,Pharmacy,9
2025-08-13,P009,Dettol Antiseptic Liquid 250ml,Pharmacy,11
2025-08-14,P009,Dettol Antiseptic Liquid 250ml,Pharmacy,5
2025-08-15,P009,Dettol Antiseptic Liquid 250ml,Pharmacy,5
2025-08-16,P009,Dettol Antiseptic Liquid 250ml,Pharmacy,7
2025-08-17,P009,Dettol Antiseptic Liquid 250ml,Pharmacy,8
2025-08-18,P009,Dettol Antiseptic Liquid 250ml,Pharmacy,9
2025-08-19,P009,Dettol Antiseptic Liquid 250ml,Pharmacy,9
2025-08-20,P009,Dettol Antiseptic Liquid 250ml,Pharmacy,13
2025-08-21,P009,Dettol Antiseptic Liquid 250ml,Pharmacy,7
2025-08-22,P009,Dettol Antiseptic Liquid 250ml,Pharmacy,7
2025-08-23,P009,Dettol Antiseptic Liquid 250ml,Pharmacy,6
2025-08-24,P009,Dettol Antiseptic Liquid 250ml,Pharmacy,8
2025-08-25,P009,Dettol Antiseptic Liquid 250ml,Pharmacy,9
2025-08-26,P009,Dettol Antiseptic Liquid 250ml,Pharmacy,12
2025-08-27,P009,Dettol Antiseptic Liquid 250ml,Pharmacy,8
2025-08-28,P009,Dettol Antiseptic Liquid 250ml,Pharmacy,7
2025-08-29,P009,Dettol Antiseptic Liquid 250ml,Pharmacy,8
2025-08-30,P009,Dettol Antiseptic Liquid 250ml,Pharmacy,8
2025-08-31,P009,Dettol Antiseptic Liquid 250ml,Pharmacy,8
2025-09-01,P009,Dettol Antiseptic Liquid 250ml,Pharmacy,9
2025-09-02,P009,Dettol Antiseptic Liquid 250ml,Pharmacy,9
2025-09-03,P009,Dettol Antiseptic Liquid 250ml,Pharmacy,12
2025-09-04,P009,Dettol Antiseptic Liquid 250ml,Pharmacy,9
2025-09-05,P009,Dettol Antiseptic Liquid 250ml,Pharmacy,6
2025-09-06,P009,Dettol Antiseptic Liquid 250ml,Pharmacy,6
2025-09-07,P009,Dettol Antiseptic Liquid 250ml,Pharmacy,6
2025-09-08,P009,Dettol Antiseptic Liquid 250ml,Pharmacy,9
2025-09-09,P009,Dettol Antiseptic Liquid 250ml,Pharmacy,8
2025-09-10,P009,Dettol Antiseptic Liquid 250ml,Pharmacy,9
2025-09-11,P009,Dettol Antiseptic Liquid 250ml,Pharmacy,8
2025-09-12,P009,Dettol Antiseptic Liquid 250ml,Pharmacy,7
2025-09-13,P009,Dettol Antiseptic Liquid 250ml,Pharmacy,8
2025-09-14,P009,Dettol Antiseptic Liquid 250ml,Pharmacy,6
2025-09-15,P009,Dettol Antiseptic Liquid 250ml,Pharmacy,34
2025-09-16,P009,Dettol Antiseptic Liquid 250ml,Pharmacy,9
2025-09-17,P009,Dettol Antiseptic Liquid 250ml,Pharmacy,9
2025-09-18,P009,Dettol Antiseptic Liquid 250ml,Pharmacy,8
2025-09-19,P009,Dettol Antiseptic Liquid 250ml,Pharmacy,8
2025-09-20,P009,Dettol Antiseptic Liquid 250ml,Pharmacy,8
2025-09-21,P009,Dettol Antiseptic Liquid 250ml,Pharmacy,6
2025-09-22,P009,Dettol Antiseptic Liquid 250ml,Pharmacy,8
2025-09-23,P009,Dettol Antiseptic Liquid 250ml,Pharmacy,10
2025-09-24,P009,Dettol Antiseptic Liquid 250ml,Pharmacy,8
2025-09-25,P009,Dettol Antiseptic Liquid 250ml,Pharmacy,7
2025-09-26,P009,Dettol Antiseptic Liquid 250ml,Pharmacy,8
2025-09-27,P009,Dettol Antiseptic Liquid 250ml,Pharmacy,6
2025-09-28,P009,Dettol Antiseptic Liquid 250ml,Pharmacy,9
2025-09-29,P009,Dettol Antiseptic Liquid 250ml,Pharmacy,10
2025-09-30,P009,Dettol Antiseptic Liquid 250ml,Pharmacy,8
2025-10-01,P009,Dettol Antiseptic Liquid 250ml,Pharmacy,12
2025-10-02,P009,Dettol Antiseptic Liquid 250ml,Pharmacy,7
2025-10-03,P009,Dettol Antiseptic Liquid 250ml,Pharmacy,8
2025-10-04,P009,Dettol Antiseptic Liquid 250ml,Pharmacy,7
2025-10-05,P009,Dettol Antiseptic Liquid 250ml,Pharmacy,9
2025-10-06,P009,Dettol Antiseptic Liquid 250ml,Pharmacy,9
2025-10-07,P009,Dettol Antiseptic Liquid 250ml,Pharmacy,9
2025-10-08,P009,Dettol Antiseptic Liquid 250ml,Pharmacy,8
2025-10-09,P009,Dettol Antiseptic Liquid 250ml,Pharmacy,6
2025-10-10,P009,Dettol Antiseptic Liquid 250ml,Pharmacy,8
2025-10-11,P009,Dettol Antiseptic Liquid 250ml,Pharmacy,8
2025-10-12,P009,Dettol Antiseptic Liquid 250ml,Pharmacy,8
2025-10-13,P009,Dettol Antiseptic Liquid 250ml,Pharmacy,8
2025-10-14,P009,Dettol Antiseptic Liquid 250ml,Pharmacy,8
2025-10-15,P009,Dettol Antiseptic Liquid 250ml,Pharmacy,9
2025-10-16,P009,Dettol Antiseptic Liquid 250ml,Pharmacy,9
2025-10-17,P009,Dettol Antiseptic Liquid 250ml,Pharmacy,7
2025-10-18,P009,Dettol Antiseptic Liquid 250ml,Pharmacy,8
2025-10-19,P009,Dettol Antiseptic Liquid 250ml,Pharmacy,6
2025-10-20,P009,Dettol Antiseptic Liquid 250ml,Pharmacy,9
2025-10-21,P009,Dettol Antiseptic Liquid 250ml,Pharmacy,9
2025-10-22,P009,Dettol Antiseptic Liquid 250ml,Pharmacy,11
2025-10-23,P009,Dettol Antiseptic Liquid 250ml,Pharmacy,9
2025-10-24,P009,Dettol Antiseptic Liquid 250ml,Pharmacy,7
2025-10-25,P009,Dettol Antiseptic Liquid 250ml,Pharmacy,7
2025-10-26,P009,Dettol Antiseptic Liquid 250ml,Pharmacy,7
2025-10-27,P009,Dettol Antiseptic Liquid 250ml,Pharmacy,6
2025-10-28,P009,Dettol Antiseptic Liquid 250ml,Pharmacy,9
2025-10-29,P009,Dettol Antiseptic Liquid 250ml,Pharmacy,42
2025-10-30,P009,Dettol Antiseptic Liquid 250ml,Pharmacy,8
2025-10-31,P009,Dettol Antiseptic Liquid 250ml,Pharmacy,8
2025-11-01,P009,Dettol Antiseptic Liquid 250ml,Pharmacy,7
2025-11-02,P009,Dettol Antiseptic Liquid 250ml,Pharmacy,9
2025-11-03,P009,Dettol Antiseptic Liquid 250ml,Pharmacy,9
2025-11-04,P009,Dettol Antiseptic Liquid 250ml,Pharmacy,11
2025-11-05,P009,Dettol Antiseptic Liquid 250ml,Pharmacy,8
2025-11-06,P009,Dettol Antiseptic Liquid 250ml,Pharmacy,2
2025-11-07,P009,Dettol Antiseptic Liquid 250ml,Pharmacy,8
2025-11-08,P009,Dettol Antiseptic Liquid 250ml,Pharmacy,6
2025-11-09,P009,Dettol Antiseptic Liquid 250ml,Pharmacy,7
2025-11-10,P009,Dettol Antiseptic Liquid 250ml,Pharmacy,8
2025-11-11,P009,Dettol Antiseptic Liquid 250ml,Pharmacy,12
2025-11-12,P009,Dettol Antiseptic Liquid 250ml,Pharmacy,11
2025-11-13,P009,Dettol Antiseptic Liquid 250ml,Pharmacy,8
2025-11-14,P009,Dettol Antiseptic Liquid 250ml,Pharmacy,9
2025-11-15,P009,Dettol Antiseptic Liquid 250ml,Pharmacy,8
2025-11-16,P009,Dettol Antiseptic Liquid 250ml,Pharmacy,7
2025-11-17,P009,Dettol Antiseptic Liquid 250ml,Pharmacy,10
2025-11-18,P009,Dettol Antiseptic Liquid 250ml,Pharmacy,9
2025-11-19,P009,Dettol Antiseptic Liquid 250ml,Pharmacy,11
2025-11-20,P009,Dettol Antiseptic Liquid 250ml,Pharmacy,5
2025-11-21,P009,Dettol Antiseptic Liquid 250ml,Pharmacy,8
2025-11-22,P009,Dettol Antiseptic Liquid 250ml,Pharmacy,8
2025-11-23,P009,Dettol Antiseptic Liquid 250ml,Pharmacy,10
2025-11-24,P009,Dettol Antiseptic Liquid 250ml,Pharmacy,6
2025-11-25,P009,Dettol Antiseptic Liquid 250ml,Pharmacy,9
2025-11-26,P009,Dettol Antiseptic Liquid 250ml,Pharmacy,11
2025-11-27,P009,Dettol Antiseptic Liquid 250ml,Pharmacy,8
2025-11-28,P009,Dettol Antiseptic Liquid 250ml,Pharmacy,8
2025-11-29,P009,Dettol Antiseptic Liquid 250ml,Pharmacy,6
2025-11-30,P009,Dettol Antiseptic Liquid 250ml,Pharmacy,7
2025-12-01,P009,Dettol Antiseptic Liquid 250ml,Pharmacy,10
2025-12-02,P009,Dettol Antiseptic Liquid 250ml,Pharmacy,10
2025-12-03,P009,Dettol Antiseptic Liquid 250ml,Pharmacy,11
2025-12-04,P009,Dettol Antiseptic Liquid 250ml,Pharmacy,8
2025-12-05,P009,Dettol Antiseptic Liquid 250ml,Pharmacy,6
2025-12-06,P009,Dettol Antiseptic Liquid 250ml,Pharmacy,9
2025-12-07,P009,Dettol Antiseptic Liquid 250ml,Pharmacy,8
2025-12-08,P009,Dettol Antiseptic Liquid 250ml,Pharmacy,12
2025-12-09,P009,Dettol Antiseptic Liquid 250ml,Pharmacy,9
2025-12-10,P009,Dettol Antiseptic Liquid 250ml,Pharmacy,11
2025-12-11,P009,Dettol Antiseptic Liquid 250ml,Pharmacy,6
2025-12-12,P009,Dettol Antiseptic Liquid 250ml,Pharmacy,8
2025-12-13,P009,Dettol Antiseptic Liquid 250ml,Pharmacy,9
2025-12-14,P009,Dettol Antiseptic Liquid 250ml,Pharmacy,5
2025-12-15,P009,Dettol Antiseptic Liquid 250ml,Pharmacy,8
2025-12-16,P009,Dettol Antiseptic Liquid 250ml,Pharmacy,9
2025-12-17,P009,Dettol Antiseptic Liquid 250ml,Pharmacy,9
2025-12-18,P009,Dettol Antiseptic Liquid 250ml,Pharmacy,8
2025-12-19,P009,Dettol Antiseptic Liquid 250ml,Pharmacy,9
2025-12-20,P009,Dettol Antiseptic Liquid 250ml,Pharmacy,8
2025-12-21,P009,Dettol Antiseptic Liquid 250ml,Pharmacy,8
2025-12-22,P009,Dettol Antiseptic Liquid 250ml,Pharmacy,9
2025-12-23,P009,Dettol Antiseptic Liquid 250ml,Pharmacy,30
2025-12-24,P009,Dettol Antiseptic Liquid 250ml,Pharmacy,9
2025-12-25,P009,Dettol Antiseptic Liquid 250ml,Pharmacy,9
2025-12-26,P009,Dettol Antiseptic Liquid 250ml,Pharmacy,8
2025-12-27,P009,Dettol Antiseptic Liquid 250ml,Pharmacy,8
2025-12-28,P009,Dettol Antiseptic Liquid 250ml,Pharmacy,7
2025-12-29,P009,Dettol Antiseptic Liquid 250ml,Pharmacy,8
2025-12-30,P009,Dettol Antiseptic Liquid 250ml,Pharmacy,10
2025-12-31,P009,Dettol Antiseptic Liquid 250ml,Pharmacy,8
2026-01-01,P009,Dettol Antiseptic Liquid 250ml,Pharmacy,5
2026-01-02,P009,Dettol Antiseptic Liquid 250ml,Pharmacy,7
2026-01-03,P009,Dettol Antiseptic Liquid 250ml,Pharmacy,8
2026-01-04,P009,Dettol Antiseptic Liquid 250ml,Pharmacy,7
2026-01-05,P009,Dettol Antiseptic Liquid 250ml,Pharmacy,7
2026-01-06,P009,Dettol Antiseptic Liquid 250ml,Pharmacy,9
2026-01-07,P009,Dettol Antiseptic Liquid 250ml,Pharmacy,10
2026-01-08,P009,Dettol Antiseptic Liquid 250ml,Pharmacy,7
2026-01-09,P009,Dettol Antiseptic Liquid 250ml,Pharmacy,11
2026-01-10,P009,Dettol Antiseptic Liquid 250ml,Pharmacy,9
2026-01-11,P009,Dettol Antiseptic Liquid 250ml,Pharmacy,9
2026-01-12,P009,Dettol Antiseptic Liquid 250ml,Pharmacy,10
2026-01-13,P009,Dettol Antiseptic Liquid 250ml,Pharmacy,9
2026-01-14,P009,Dettol Antiseptic Liquid 250ml,Pharmacy,9
2026-01-15,P009,Dettol Antiseptic Liquid 250ml,Pharmacy,6
2026-01-16,P009,Dettol Antiseptic Liquid 250ml,Pharmacy,10
2026-01-17,P009,Dettol Antiseptic Liquid 250ml,Pharmacy,7
2026-01-18,P009,Dettol Antiseptic Liquid 250ml,Pharmacy,6
2026-01-19,P009,Dettol Antiseptic Liquid 250ml,Pharmacy,8
2026-01-20,P009,Dettol Antiseptic Liquid 250ml,Pharmacy,10
2026-01-21,P009,Dettol Antiseptic Liquid 250ml,Pharmacy,11
2026-01-22,P009,Dettol Antiseptic Liquid 250ml,Pharmacy,8
2026-01-23,P009,Dettol Antiseptic Liquid 250ml,Pharmacy,7
2026-01-24,P009,Dettol Antiseptic Liquid 250ml,Pharmacy,9
2026-01-25,P009,Dettol Antiseptic Liquid 250ml,Pharmacy,7
2026-01-26,P009,Dettol Antiseptic Liquid 250ml,Pharmacy,8
2026-01-27,P009,Dettol Antiseptic Liquid 250ml,Pharmacy,11
2026-01-28,P009,Dettol Antiseptic Liquid 250ml,Pharmacy,9
2026-01-29,P009,Dettol Antiseptic Liquid 250ml,Pharmacy,7
2026-01-30,P009,Dettol Antiseptic Liquid 250ml,Pharmacy,9
2026-01-31,P009,Dettol Antiseptic Liquid 250ml,Pharmacy,7
2026-02-01,P009,Dettol Antiseptic Liquid 250ml,Pharmacy,7
2026-02-02,P009,Dettol Antiseptic Liquid 250ml,Pharmacy,9
2026-02-03,P009,Dettol Antiseptic Liquid 250ml,Pharmacy,13
2026-02-04,P009,Dettol Antiseptic Liquid 250ml,Pharmacy,11
2026-02-05,P009,Dettol Antiseptic Liquid 250ml,Pharmacy,8
2026-02-06,P009,Dettol Antiseptic Liquid 250ml,Pharmacy,9
2026-02-07,P009,Dettol Antiseptic Liquid 250ml,Pharmacy,6
2026-02-08,P009,Dettol Antiseptic Liquid 250ml,Pharmacy,8
2026-02-09,P009,Dettol Antiseptic Liquid 250ml,Pharmacy,9
2026-02-10,P009,Dettol Antiseptic Liquid 250ml,Pharmacy,11
2026-02-11,P009,Dettol Antiseptic Liquid 250ml,Pharmacy,10
2026-02-12,P009,Dettol Antiseptic Liquid 250ml,Pharmacy,8
2026-02-13,P009,Dettol Antiseptic Liquid 250ml,Pharmacy,7
2026-02-14,P009,Dettol Antiseptic Liquid 250ml,Pharmacy,8
2026-02-15,P009,Dettol Antiseptic Liquid 250ml,Pharmacy,6
2026-02-16,P009,Dettol Antiseptic Liquid 250ml,Pharmacy,8
2026-02-17,P009,Dettol Antiseptic Liquid 250ml,Pharmacy,12
2026-02-18,P009,Dettol Antiseptic Liquid 250ml,Pharmacy,11
2026-02-19,P009,Dettol Antiseptic Liquid 250ml,Pharmacy,8
2026-02-20,P009,Dettol Antiseptic Liquid 250ml,Pharmacy,10
2026-02-21,P009,Dettol Antiseptic Liquid 250ml,Pharmacy,6
2026-02-22,P009,Dettol Antiseptic Liquid 250ml,Pharmacy,6
2026-02-23,P009,Dettol Antiseptic Liquid 250ml,Pharmacy,11
2026-02-24,P009,Dettol Antiseptic Liquid 250ml,Pharmacy,10
2026-02-25,P009,Dettol Antiseptic Liquid 250ml,Pharmacy,10
2026-02-26,P009,Dettol Antiseptic Liquid 250ml,Pharmacy,6
2026-02-27,P009,Dettol Antiseptic Liquid 250ml,Pharmacy,8
2026-02-28,P009,Dettol Antiseptic Liquid 250ml,Pharmacy,9
2026-03-01,P009,Dettol Antiseptic Liquid 250ml,Pharmacy,6
2026-03-02,P009,Dettol Antiseptic Liquid 250ml,Pharmacy,8
2026-03-03,P009,Dettol Antiseptic Liquid 250ml,Pharmacy,10
2026-03-04,P009,Dettol Antiseptic Liquid 250ml,Pharmacy,11
2026-03-05,P009,Dettol Antiseptic Liquid 250ml,Pharmacy,6
2026-03-06,P009,Dettol Antiseptic Liquid 250ml,Pharmacy,10
2026-03-07,P009,Dettol Antiseptic Liquid 250ml,Pharmacy,9
2026-03-08,P009,Dettol Antiseptic Liquid 250ml,Pharmacy,7
2026-03-09,P009,Dettol Antiseptic Liquid 250ml,Pharmacy,8
2026-03-10,P009,Dettol Antiseptic Liquid 250ml,Pharmacy,10
2026-03-11,P009,Dettol Antiseptic Liquid 250ml,Pharmacy,9
2026-03-12,P009,Dettol Antiseptic Liquid 250ml,Pharmacy,7
2026-03-13,P009,Dettol Antiseptic Liquid 250ml,Pharmacy,7
2026-03-14,P009,Dettol Antiseptic Liquid 250ml,Pharmacy,10
2026-03-15,P009,Dettol Antiseptic Liquid 250ml,Pharmacy,9
2026-03-16,P009,Dettol Antiseptic Liquid 250ml,Pharmacy,10
2026-03-17,P009,Dettol Antiseptic Liquid 250ml,Pharmacy,11
2026-03-18,P009,Dettol Antiseptic Liquid 250ml,Pharmacy,9
2026-03-19,P009,Dettol Antiseptic Liquid 250ml,Pharmacy,8
2026-03-20,P009,Dettol Antiseptic Liquid 250ml,Pharmacy,9
2026-03-21,P009,Dettol Antiseptic Liquid 250ml,Pharmacy,6
2026-03-22,P009,Dettol Antiseptic Liquid 250ml,Pharmacy,9
2026-03-23,P009,Dettol Antiseptic Liquid 250ml,Pharmacy,12
2026-03-24,P009,Dettol Antiseptic Liquid 250ml,Pharmacy,12
2026-03-25,P009,Dettol Antiseptic Liquid 250ml,Pharmacy,12
2026-03-26,P009,Dettol Antiseptic Liquid 250ml,Pharmacy,8
2026-03-27,P009,Dettol Antiseptic Liquid 250ml,Pharmacy,9
2026-03-28,P009,Dettol Antiseptic Liquid 250ml,Pharmacy,7
2024-03-28,P010,Cough Syrup 100ml,Pharmacy,5
2024-03-29,P010,Cough Syrup 100ml,Pharmacy,4
2024-03-30,P010,Cough Syrup 100ml,Pharmacy,4
2024-03-31,P010,Cough Syrup 100ml,Pharmacy,4
2024-04-01,P010,Cough Syrup 100ml,Pharmacy,4
2024-04-02,P010,Cough Syrup 100ml,Pharmacy,6
2024-04-03,P010,Cough Syrup 100ml,Pharmacy,8
2024-04-04,P010,Cough Syrup 100ml,Pharmacy,5
2024-04-05,P010,Cough Syrup 100ml,Pharmacy,3
2024-04-06,P010,Cough Syrup 100ml,Pharmacy,5
2024-04-07,P010,Cough Syrup 100ml,Pharmacy,5
2024-04-08,P010,Cough Syrup 100ml,Pharmacy,5
2024-04-09,P010,Cough Syrup 100ml,Pharmacy,5
2024-04-10,P010,Cough Syrup 100ml,Pharmacy,6
2024-04-11,P010,Cough Syrup 100ml,Pharmacy,5
2024-04-12,P010,Cough Syrup 100ml,Pharmacy,3
2024-04-13,P010,Cough Syrup 100ml,Pharmacy,4
2024-04-14,P010,Cough Syrup 100ml,Pharmacy,4
2024-04-15,P010,Cough Syrup 100ml,Pharmacy,6
2024-04-16,P010,Cough Syrup 100ml,Pharmacy,7
2024-04-17,P010,Cough Syrup 100ml,Pharmacy,4
2024-04-18,P010,Cough Syrup 100ml,Pharmacy,6
2024-04-19,P010,Cough Syrup 100ml,Pharmacy,6
2024-04-20,P010,Cough Syrup 100ml,Pharmacy,6
2024-04-21,P010,Cough Syrup 100ml,Pharmacy,4
2024-04-22,P010,Cough Syrup 100ml,Pharmacy,5
2024-04-23,P010,Cough Syrup 100ml,Pharmacy,4
2024-04-24,P010,Cough Syrup 100ml,Pharmacy,4
2024-04-25,P010,Cough Syrup 100ml,Pharmacy,4
2024-04-26,P010,Cough Syrup 100ml,Pharmacy,5
2024-04-27,P010,Cough Syrup 100ml,Pharmacy,5
2024-04-28,P010,Cough Syrup 100ml,Pharmacy,5
2024-04-29,P010,Cough Syrup 100ml,Pharmacy,8
2024-04-30,P010,Cough Syrup 100ml,Pharmacy,6
2024-05-01,P010,Cough Syrup 100ml,Pharmacy,5
2024-05-02,P010,Cough Syrup 100ml,Pharmacy,5
2024-05-03,P010,Cough Syrup 100ml,Pharmacy,5
2024-05-04,P010,Cough Syrup 100ml,Pharmacy,4
2024-05-05,P010,Cough Syrup 100ml,Pharmacy,5
2024-05-06,P010,Cough Syrup 100ml,Pharmacy,4
2024-05-07,P010,Cough Syrup 100ml,Pharmacy,6
2024-05-08,P010,Cough Syrup 100ml,Pharmacy,38
2024-05-09,P010,Cough Syrup 100ml,Pharmacy,4
2024-05-10,P010,Cough Syrup 100ml,Pharmacy,3
2024-05-11,P010,Cough Syrup 100ml,Pharmacy,5
2024-05-12,P010,Cough Syrup 100ml,Pharmacy,6
2024-05-13,P010,Cough Syrup 100ml,Pharmacy,6
2024-05-14,P010,Cough Syrup 100ml,Pharmacy,7
2024-05-15,P010,Cough Syrup 100ml,Pharmacy,5
2024-05-16,P010,Cough Syrup 100ml,Pharmacy,5
2024-05-17,P010,Cough Syrup 100ml,Pharmacy,3
2024-05-18,P010,Cough Syrup 100ml,Pharmacy,5
2024-05-19,P010,Cough Syrup 100ml,Pharmacy,6
2024-05-20,P010,Cough Syrup 100ml,Pharmacy,6
2024-05-21,P010,Cough Syrup 100ml,Pharmacy,8
2024-05-22,P010,Cough Syrup 100ml,Pharmacy,7
2024-05-23,P010,Cough Syrup 100ml,Pharmacy,5
2024-05-24,P010,Cough Syrup 100ml,Pharmacy,5
2024-05-25,P010,Cough Syrup 100ml,Pharmacy,39
2024-05-26,P010,Cough Syrup 100ml,Pharmacy,4
2024-05-27,P010,Cough Syrup 100ml,Pharmacy,4
2024-05-28,P010,Cough Syrup 100ml,Pharmacy,7
2024-05-29,P010,Cough Syrup 100ml,Pharmacy,8
2024-05-30,P010,Cough Syrup 100ml,Pharmacy,6
2024-05-31,P010,Cough Syrup 100ml,Pharmacy,3
2024-06-01,P010,Cough Syrup 100ml,Pharmacy,4
2024-06-02,P010,Cough Syrup 100ml,Pharmacy,4
2024-06-03,P010,Cough Syrup 100ml,Pharmacy,3
2024-06-04,P010,Cough Syrup 100ml,Pharmacy,5
2024-06-05,P010,Cough Syrup 100ml,Pharmacy,6
2024-06-06,P010,Cough Syrup 100ml,Pharmacy,5
2024-06-07,P010,Cough Syrup 100ml,Pharmacy,4
2024-06-08,P010,Cough Syrup 100ml,Pharmacy,3
2024-06-09,P010,Cough Syrup 100ml,Pharmacy,6
2024-06-10,P010,Cough Syrup 100ml,Pharmacy,5
2024-06-11,P010,Cough Syrup 100ml,Pharmacy,6
2024-06-12,P010,Cough Syrup 100ml,Pharmacy,6
2024-06-13,P010,Cough Syrup 100ml,Pharmacy,4
2024-06-14,P010,Cough Syrup 100ml,Pharmacy,6
2024-06-15,P010,Cough Syrup 100ml,Pharmacy,4
2024-06-16,P010,Cough Syrup 100ml,Pharmacy,5
2024-06-17,P010,Cough Syrup 100ml,Pharmacy,5
2024-06-18,P010,Cough Syrup 100ml,Pharmacy,4
2024-06-19,P010,Cough Syrup 100ml,Pharmacy,26
2024-06-20,P010,Cough Syrup 100ml,Pharmacy,3
2024-06-21,P010,Cough Syrup 100ml,Pharmacy,5
2024-06-22,P010,Cough Syrup 100ml,Pharmacy,3
2024-06-23,P010,Cough Syrup 100ml,Pharmacy,5
2024-06-24,P010,Cough Syrup 100ml,Pharmacy,5
2024-06-25,P010,Cough Syrup 100ml,Pharmacy,5
2024-06-26,P010,Cough Syrup 100ml,Pharmacy,6
2024-06-27,P010,Cough Syrup 100ml,Pharmacy,3
2024-06-28,P010,Cough Syrup 100ml,Pharmacy,5
2024-06-29,P010,Cough Syrup 100ml,Pharmacy,52
2024-06-30,P010,Cough Syrup 100ml,Pharmacy,6
2024-07-01,P010,Cough Syrup 100ml,Pharmacy,5
2024-07-02,P010,Cough Syrup 100ml,Pharmacy,6
2024-07-03,P010,Cough Syrup 100ml,Pharmacy,5
2024-07-04,P010,Cough Syrup 100ml,Pharmacy,4
2024-07-05,P010,Cough Syrup 100ml,Pharmacy,3
2024-07-06,P010,Cough Syrup 100ml,Pharmacy,5
2024-07-07,P010,Cough Syrup 100ml,Pharmacy,5
2024-07-08,P010,Cough Syrup 100ml,Pharmacy,5
2024-07-09,P010,Cough Syrup 100ml,Pharmacy,5
2024-07-10,P010,Cough Syrup 100ml,Pharmacy,6
2024-07-11,P010,Cough Syrup 100ml,Pharmacy,4
2024-07-12,P010,Cough Syrup 100ml,Pharmacy,5
2024-07-13,P010,Cough Syrup 100ml,Pharmacy,7
2024-07-14,P010,Cough Syrup 100ml,Pharmacy,4
2024-07-15,P010,Cough Syrup 100ml,Pharmacy,4
2024-07-16,P010,Cough Syrup 100ml,Pharmacy,5
2024-07-17,P010,Cough Syrup 100ml,Pharmacy,6
2024-07-18,P010,Cough Syrup 100ml,Pharmacy,5
2024-07-19,P010,Cough Syrup 100ml,Pharmacy,4
2024-07-20,P010,Cough Syrup 100ml,Pharmacy,5
2024-07-21,P010,Cough Syrup 100ml,Pharmacy,4
2024-07-22,P010,Cough Syrup 100ml,Pharmacy,4
2024-07-23,P010,Cough Syrup 100ml,Pharmacy,5
2024-07-24,P010,Cough Syrup 100ml,Pharmacy,4
2024-07-25,P010,Cough Syrup 100ml,Pharmacy,4
2024-07-26,P010,Cough Syrup 100ml,Pharmacy,5
2024-07-27,P010,Cough Syrup 100ml,Pharmacy,5
2024-07-28,P010,Cough Syrup 100ml,Pharmacy,3
2024-07-29,P010,Cough Syrup 100ml,Pharmacy,6
2024-07-30,P010,Cough Syrup 100ml,Pharmacy,6
2024-07-31,P010,Cough Syrup 100ml,Pharmacy,5
2024-08-01,P010,Cough Syrup 100ml,Pharmacy,4
2024-08-02,P010,Cough Syrup 100ml,Pharmacy,4
2024-08-03,P010,Cough Syrup 100ml,Pharmacy,4
2024-08-04,P010,Cough Syrup 100ml,Pharmacy,5
2024-08-05,P010,Cough Syrup 100ml,Pharmacy,4
2024-08-06,P010,Cough Syrup 100ml,Pharmacy,43
2024-08-07,P010,Cough Syrup 100ml,Pharmacy,5
2024-08-08,P010,Cough Syrup 100ml,Pharmacy,5
2024-08-09,P010,Cough Syrup 100ml,Pharmacy,5
2024-08-10,P010,Cough Syrup 100ml,Pharmacy,5
2024-08-11,P010,Cough Syrup 100ml,Pharmacy,5
2024-08-12,P010,Cough Syrup 100ml,Pharmacy,5
2024-08-13,P010,Cough Syrup 100ml,Pharmacy,5
2024-08-14,P010,Cough Syrup 100ml,Pharmacy,5
2024-08-15,P010,Cough Syrup 100ml,Pharmacy,5
2024-08-16,P010,Cough Syrup 100ml,Pharmacy,3
2024-08-17,P010,Cough Syrup 100ml,Pharmacy,3
2024-08-18,P010,Cough Syrup 100ml,Pharmacy,6
2024-08-19,P010,Cough Syrup 100ml,Pharmacy,5
2024-08-20,P010,Cough Syrup 100ml,Pharmacy,7
2024-08-21,P010,Cough Syrup 100ml,Pharmacy,7
2024-08-22,P010,Cough Syrup 100ml,Pharmacy,5
2024-08-23,P010,Cough Syrup 100ml,Pharmacy,4
2024-08-24,P010,Cough Syrup 100ml,Pharmacy,4
2024-08-25,P010,Cough Syrup 100ml,Pharmacy,6
2024-08-26,P010,Cough Syrup 100ml,Pharmacy,5
2024-08-27,P010,Cough Syrup 100ml,Pharmacy,6
2024-08-28,P010,Cough Syrup 100ml,Pharmacy,7
2024-08-29,P010,Cough Syrup 100ml,Pharmacy,5
2024-08-30,P010,Cough Syrup 100ml,Pharmacy,6
2024-08-31,P010,Cough Syrup 100ml,Pharmacy,4
2024-09-01,P010,Cough Syrup 100ml,Pharmacy,5
2024-09-02,P010,Cough Syrup 100ml,Pharmacy,3
2024-09-03,P010,Cough Syrup 100ml,Pharmacy,8
2024-09-04,P010,Cough Syrup 100ml,Pharmacy,7
2024-09-05,P010,Cough Syrup 100ml,Pharmacy,4
2024-09-06,P010,Cough Syrup 100ml,Pharmacy,5
2024-09-07,P010,Cough Syrup 100ml,Pharmacy,6
2024-09-08,P010,Cough Syrup 100ml,Pharmacy,4
2024-09-09,P010,Cough Syrup 100ml,Pharmacy,5
2024-09-10,P010,Cough Syrup 100ml,Pharmacy,5
2024-09-11,P010,Cough Syrup 100ml,Pharmacy,7
2024-09-12,P010,Cough Syrup 100ml,Pharmacy,6
2024-09-13,P010,Cough Syrup 100ml,Pharmacy,4
2024-09-14,P010,Cough Syrup 100ml,Pharmacy,4
2024-09-15,P010,Cough Syrup 100ml,Pharmacy,5
2024-09-16,P010,Cough Syrup 100ml,Pharmacy,4
2024-09-17,P010,Cough Syrup 100ml,Pharmacy,6
2024-09-18,P010,Cough Syrup 100ml,Pharmacy,5
2024-09-19,P010,Cough Syrup 100ml,Pharmacy,6
2024-09-20,P010,Cough Syrup 100ml,Pharmacy,6
2024-09-21,P010,Cough Syrup 100ml,Pharmacy,6
2024-09-22,P010,Cough Syrup 100ml,Pharmacy,4
2024-09-23,P010,Cough Syrup 100ml,Pharmacy,5
2024-09-24,P010,Cough Syrup 100ml,Pharmacy,7
2024-09-25,P010,Cough Syrup 100ml,Pharmacy,7
2024-09-26,P010,Cough Syrup 100ml,Pharmacy,3
2024-09-27,P010,Cough Syrup 100ml,Pharmacy,5
2024-09-28,P010,Cough Syrup 100ml,Pharmacy,4
2024-09-29,P010,Cough Syrup 100ml,Pharmacy,5
2024-09-30,P010,Cough Syrup 100ml,Pharmacy,7
2024-10-01,P010,Cough Syrup 100ml,Pharmacy,7
2024-10-02,P010,Cough Syrup 100ml,Pharmacy,8
2024-10-03,P010,Cough Syrup 100ml,Pharmacy,4
2024-10-04,P010,Cough Syrup 100ml,Pharmacy,4
2024-10-05,P010,Cough Syrup 100ml,Pharmacy,4
2024-10-06,P010,Cough Syrup 100ml,Pharmacy,5
2024-10-07,P010,Cough Syrup 100ml,Pharmacy,6
2024-10-08,P010,Cough Syrup 100ml,Pharmacy,8
2024-10-09,P010,Cough Syrup 100ml,Pharmacy,5
2024-10-10,P010,Cough Syrup 100ml,Pharmacy,4
2024-10-11,P010,Cough Syrup 100ml,Pharmacy,6
2024-10-12,P010,Cough Syrup 100ml,Pharmacy,4
2024-10-13,P010,Cough Syrup 100ml,Pharmacy,5
2024-10-14,P010,Cough Syrup 100ml,Pharmacy,5
2024-10-15,P010,Cough Syrup 100ml,Pharmacy,7
2024-10-16,P010,Cough Syrup 100ml,Pharmacy,6
2024-10-17,P010,Cough Syrup 100ml,Pharmacy,5
2024-10-18,P010,Cough Syrup 100ml,Pharmacy,4
2024-10-19,P010,Cough Syrup 100ml,Pharmacy,3
2024-10-20,P010,Cough Syrup 100ml,Pharmacy,5
2024-10-21,P010,Cough Syrup 100ml,Pharmacy,3
2024-10-22,P010,Cough Syrup 100ml,Pharmacy,6
2024-10-23,P010,Cough Syrup 100ml,Pharmacy,7
2024-10-24,P010,Cough Syrup 100ml,Pharmacy,6
2024-10-25,P010,Cough Syrup 100ml,Pharmacy,6
2024-10-26,P010,Cough Syrup 100ml,Pharmacy,7
2024-10-27,P010,Cough Syrup 100ml,Pharmacy,6
2024-10-28,P010,Cough Syrup 100ml,Pharmacy,6
2024-10-29,P010,Cough Syrup 100ml,Pharmacy,8
2024-10-30,P010,Cough Syrup 100ml,Pharmacy,7
2024-10-31,P010,Cough Syrup 100ml,Pharmacy,5
2024-11-01,P010,Cough Syrup 100ml,Pharmacy,4
2024-11-02,P010,Cough Syrup 100ml,Pharmacy,5
2024-11-03,P010,Cough Syrup 100ml,Pharmacy,4
2024-11-04,P010,Cough Syrup 100ml,Pharmacy,5
2024-11-05,P010,Cough Syrup 100ml,Pharmacy,7
2024-11-06,P010,Cough Syrup 100ml,Pharmacy,8
2024-11-07,P010,Cough Syrup 100ml,Pharmacy,5
2024-11-08,P010,Cough Syrup 100ml,Pharmacy,5
2024-11-09,P010,Cough Syrup 100ml,Pharmacy,4
2024-11-10,P010,Cough Syrup 100ml,Pharmacy,6
2024-11-11,P010,Cough Syrup 100ml,Pharmacy,5
2024-11-12,P010,Cough Syrup 100ml,Pharmacy,7
2024-11-13,P010,Cough Syrup 100ml,Pharmacy,7
2024-11-14,P010,Cough Syrup 100ml,Pharmacy,6
2024-11-15,P010,Cough Syrup 100ml,Pharmacy,6
2024-11-16,P010,Cough Syrup 100ml,Pharmacy,4
2024-11-17,P010,Cough Syrup 100ml,Pharmacy,3
2024-11-18,P010,Cough Syrup 100ml,Pharmacy,6
2024-11-19,P010,Cough Syrup 100ml,Pharmacy,7
2024-11-20,P010,Cough Syrup 100ml,Pharmacy,7
2024-11-21,P010,Cough Syrup 100ml,Pharmacy,7
2024-11-22,P010,Cough Syrup 100ml,Pharmacy,4
2024-11-23,P010,Cough Syrup 100ml,Pharmacy,6
2024-11-24,P010,Cough Syrup 100ml,Pharmacy,4
2024-11-25,P010,Cough Syrup 100ml,Pharmacy,7
2024-11-26,P010,Cough Syrup 100ml,Pharmacy,7
2024-11-27,P010,Cough Syrup 100ml,Pharmacy,5
2024-11-28,P010,Cough Syrup 100ml,Pharmacy,4
2024-11-29,P010,Cough Syrup 100ml,Pharmacy,7
2024-11-30,P010,Cough Syrup 100ml,Pharmacy,7
2024-12-01,P010,Cough Syrup 100ml,Pharmacy,5
2024-12-02,P010,Cough Syrup 100ml,Pharmacy,6
2024-12-03,P010,Cough Syrup 100ml,Pharmacy,7
2024-12-04,P010,Cough Syrup 100ml,Pharmacy,7
2024-12-05,P010,Cough Syrup 100ml,Pharmacy,5
2024-12-06,P010,Cough Syrup 100ml,Pharmacy,6
2024-12-07,P010,Cough Syrup 100ml,Pharmacy,5
2024-12-08,P010,Cough Syrup 100ml,Pharmacy,4
2024-12-09,P010,Cough Syrup 100ml,Pharmacy,6
2024-12-10,P010,Cough Syrup 100ml,Pharmacy,7
2024-12-11,P010,Cough Syrup 100ml,Pharmacy,6
2024-12-12,P010,Cough Syrup 100ml,Pharmacy,7
2024-12-13,P010,Cough Syrup 100ml,Pharmacy,5
2024-12-14,P010,Cough Syrup 100ml,Pharmacy,3
2024-12-15,P010,Cough Syrup 100ml,Pharmacy,5
2024-12-16,P010,Cough Syrup 100ml,Pharmacy,6
2024-12-17,P010,Cough Syrup 100ml,Pharmacy,6
2024-12-18,P010,Cough Syrup 100ml,Pharmacy,7
2024-12-19,P010,Cough Syrup 100ml,Pharmacy,4
2024-12-20,P010,Cough Syrup 100ml,Pharmacy,6
2024-12-21,P010,Cough Syrup 100ml,Pharmacy,4
2024-12-22,P010,Cough Syrup 100ml,Pharmacy,5
2024-12-23,P010,Cough Syrup 100ml,Pharmacy,5
2024-12-24,P010,Cough Syrup 100ml,Pharmacy,7
2024-12-25,P010,Cough Syrup 100ml,Pharmacy,8
2024-12-26,P010,Cough Syrup 100ml,Pharmacy,5
2024-12-27,P010,Cough Syrup 100ml,Pharmacy,5
2024-12-28,P010,Cough Syrup 100ml,Pharmacy,4
2024-12-29,P010,Cough Syrup 100ml,Pharmacy,3
2024-12-30,P010,Cough Syrup 100ml,Pharmacy,5
2024-12-31,P010,Cough Syrup 100ml,Pharmacy,5
2025-01-01,P010,Cough Syrup 100ml,Pharmacy,5
2025-01-02,P010,Cough Syrup 100ml,Pharmacy,5
2025-01-03,P010,Cough Syrup 100ml,Pharmacy,4
2025-01-04,P010,Cough Syrup 100ml,Pharmacy,6
2025-01-05,P010,Cough Syrup 100ml,Pharmacy,4
2025-01-06,P010,Cough Syrup 100ml,Pharmacy,6
2025-01-07,P010,Cough Syrup 100ml,Pharmacy,7
2025-01-08,P010,Cough Syrup 100ml,Pharmacy,8
2025-01-09,P010,Cough Syrup 100ml,Pharmacy,5
2025-01-10,P010,Cough Syrup 100ml,Pharmacy,6
2025-01-11,P010,Cough Syrup 100ml,Pharmacy,5
2025-01-12,P010,Cough Syrup 100ml,Pharmacy,6
2025-01-13,P010,Cough Syrup 100ml,Pharmacy,49
2025-01-14,P010,Cough Syrup 100ml,Pharmacy,6
2025-01-15,P010,Cough Syrup 100ml,Pharmacy,7
2025-01-16,P010,Cough Syrup 100ml,Pharmacy,5
2025-01-17,P010,Cough Syrup 100ml,Pharmacy,6
2025-01-18,P010,Cough Syrup 100ml,Pharmacy,8
2025-01-19,P010,Cough Syrup 100ml,Pharmacy,6
2025-01-20,P010,Cough Syrup 100ml,Pharmacy,4
2025-01-21,P010,Cough Syrup 100ml,Pharmacy,6
2025-01-22,P010,Cough Syrup 100ml,Pharmacy,8
2025-01-23,P010,Cough Syrup 100ml,Pharmacy,4
2025-01-24,P010,Cough Syrup 100ml,Pharmacy,4
2025-01-25,P010,Cough Syrup 100ml,Pharmacy,4
2025-01-26,P010,Cough Syrup 100ml,Pharmacy,5
2025-01-27,P010,Cough Syrup 100ml,Pharmacy,6
2025-01-28,P010,Cough Syrup 100ml,Pharmacy,5
2025-01-29,P010,Cough Syrup 100ml,Pharmacy,5
2025-01-30,P010,Cough Syrup 100ml,Pharmacy,3
2025-01-31,P010,Cough Syrup 100ml,Pharmacy,4
2025-02-01,P010,Cough Syrup 100ml,Pharmacy,5
2025-02-02,P010,Cough Syrup 100ml,Pharmacy,5
2025-02-03,P010,Cough Syrup 100ml,Pharmacy,6
2025-02-04,P010,Cough Syrup 100ml,Pharmacy,7
2025-02-05,P010,Cough Syrup 100ml,Pharmacy,6
2025-02-06,P010,Cough Syrup 100ml,Pharmacy,5
2025-02-07,P010,Cough Syrup 100ml,Pharmacy,43
2025-02-08,P010,Cough Syrup 100ml,Pharmacy,5
2025-02-09,P010,Cough Syrup 100ml,Pharmacy,5
2025-02-10,P010,Cough Syrup 100ml,Pharmacy,5
2025-02-11,P010,Cough Syrup 100ml,Pharmacy,6
2025-02-12,P010,Cough Syrup 100ml,Pharmacy,7
2025-02-13,P010,Cough Syrup 100ml,Pharmacy,5
2025-02-14,P010,Cough Syrup 100ml,Pharmacy,7
2025-02-15,P010,Cough Syrup 100ml,Pharmacy,4
2025-02-16,P010,Cough Syrup 100ml,Pharmacy,6
2025-02-17,P010,Cough Syrup 100ml,Pharmacy,6
2025-02-18,P010,Cough Syrup 100ml,Pharmacy,6
2025-02-19,P010,Cough Syrup 100ml,Pharmacy,6
2025-02-20,P010,Cough Syrup 100ml,Pharmacy,6
2025-02-21,P010,Cough Syrup 100ml,Pharmacy,5
2025-02-22,P010,Cough Syrup 100ml,Pharmacy,5
2025-02-23,P010,Cough Syrup 100ml,Pharmacy,5
2025-02-24,P010,Cough Syrup 100ml,Pharmacy,6
2025-02-25,P010,Cough Syrup 100ml,Pharmacy,5
2025-02-26,P010,Cough Syrup 100ml,Pharmacy,7
2025-02-27,P010,Cough Syrup 100ml,Pharmacy,5
2025-02-28,P010,Cough Syrup 100ml,Pharmacy,7
2025-03-01,P010,Cough Syrup 100ml,Pharmacy,6
2025-03-02,P010,Cough Syrup 100ml,Pharmacy,5
2025-03-03,P010,Cough Syrup 100ml,Pharmacy,6
2025-03-04,P010,Cough Syrup 100ml,Pharmacy,6
2025-03-05,P010,Cough Syrup 100ml,Pharmacy,6
2025-03-06,P010,Cough Syrup 100ml,Pharmacy,5
2025-03-07,P010,Cough Syrup 100ml,Pharmacy,5
2025-03-08,P010,Cough Syrup 100ml,Pharmacy,5
2025-03-09,P010,Cough Syrup 100ml,Pharmacy,4
2025-03-10,P010,Cough Syrup 100ml,Pharmacy,4
2025-03-11,P010,Cough Syrup 100ml,Pharmacy,7
2025-03-12,P010,Cough Syrup 100ml,Pharmacy,7
2025-03-13,P010,Cough Syrup 100ml,Pharmacy,5
2025-03-14,P010,Cough Syrup 100ml,Pharmacy,4
2025-03-15,P010,Cough Syrup 100ml,Pharmacy,5
2025-03-16,P010,Cough Syrup 100ml,Pharmacy,4
2025-03-17,P010,Cough Syrup 100ml,Pharmacy,5
2025-03-18,P010,Cough Syrup 100ml,Pharmacy,7
2025-03-19,P010,Cough Syrup 100ml,Pharmacy,6
2025-03-20,P010,Cough Syrup 100ml,Pharmacy,3
2025-03-21,P010,Cough Syrup 100ml,Pharmacy,4
2025-03-22,P010,Cough Syrup 100ml,Pharmacy,5
2025-03-23,P010,Cough Syrup 100ml,Pharmacy,6
2025-03-24,P010,Cough Syrup 100ml,Pharmacy,6
2025-03-25,P010,Cough Syrup 100ml,Pharmacy,7
2025-03-26,P010,Cough Syrup 100ml,Pharmacy,6
2025-03-27,P010,Cough Syrup 100ml,Pharmacy,6
2025-03-28,P010,Cough Syrup 100ml,Pharmacy,5
2025-03-29,P010,Cough Syrup 100ml,Pharmacy,4
2025-03-30,P010,Cough Syrup 100ml,Pharmacy,6
2025-03-31,P010,Cough Syrup 100ml,Pharmacy,6
2025-04-01,P010,Cough Syrup 100ml,Pharmacy,8
2025-04-02,P010,Cough Syrup 100ml,Pharmacy,8
2025-04-03,P010,Cough Syrup 100ml,Pharmacy,5
2025-04-04,P010,Cough Syrup 100ml,Pharmacy,5
2025-04-05,P010,Cough Syrup 100ml,Pharmacy,7
2025-04-06,P010,Cough Syrup 100ml,Pharmacy,6
2025-04-07,P010,Cough Syrup 100ml,Pharmacy,5
2025-04-08,P010,Cough Syrup 100ml,Pharmacy,5
2025-04-09,P010,Cough Syrup 100ml,Pharmacy,6
2025-04-10,P010,Cough Syrup 100ml,Pharmacy,4
2025-04-11,P010,Cough Syrup 100ml,Pharmacy,5
2025-04-12,P010,Cough Syrup 100ml,Pharmacy,6
2025-04-13,P010,Cough Syrup 100ml,Pharmacy,6
2025-04-14,P010,Cough Syrup 100ml,Pharmacy,7
2025-04-15,P010,Cough Syrup 100ml,Pharmacy,8
2025-04-16,P010,Cough Syrup 100ml,Pharmacy,5
2025-04-17,P010,Cough Syrup 100ml,Pharmacy,6
2025-04-18,P010,Cough Syrup 100ml,Pharmacy,7
2025-04-19,P010,Cough Syrup 100ml,Pharmacy,7
2025-04-20,P010,Cough Syrup 100ml,Pharmacy,4
2025-04-21,P010,Cough Syrup 100ml,Pharmacy,5
2025-04-22,P010,Cough Syrup 100ml,Pharmacy,8
2025-04-23,P010,Cough Syrup 100ml,Pharmacy,6
2025-04-24,P010,Cough Syrup 100ml,Pharmacy,3
2025-04-25,P010,Cough Syrup 100ml,Pharmacy,5
2025-04-26,P010,Cough Syrup 100ml,Pharmacy,4
2025-04-27,P010,Cough Syrup 100ml,Pharmacy,3
2025-04-28,P010,Cough Syrup 100ml,Pharmacy,7
2025-04-29,P010,Cough Syrup 100ml,Pharmacy,7
2025-04-30,P010,Cough Syrup 100ml,Pharmacy,6
2025-05-01,P010,Cough Syrup 100ml,Pharmacy,4
2025-05-02,P010,Cough Syrup 100ml,Pharmacy,5
2025-05-03,P010,Cough Syrup 100ml,Pharmacy,6
2025-05-04,P010,Cough Syrup 100ml,Pharmacy,5
2025-05-05,P010,Cough Syrup 100ml,Pharmacy,4
2025-05-06,P010,Cough Syrup 100ml,Pharmacy,7
2025-05-07,P010,Cough Syrup 100ml,Pharmacy,7
2025-05-08,P010,Cough Syrup 100ml,Pharmacy,5
2025-05-09,P010,Cough Syrup 100ml,Pharmacy,6
2025-05-10,P010,Cough Syrup 100ml,Pharmacy,4
2025-05-11,P010,Cough Syrup 100ml,Pharmacy,6
2025-05-12,P010,Cough Syrup 100ml,Pharmacy,6
2025-05-13,P010,Cough Syrup 100ml,Pharmacy,6
2025-05-14,P010,Cough Syrup 100ml,Pharmacy,6
2025-05-15,P010,Cough Syrup 100ml,Pharmacy,6
2025-05-16,P010,Cough Syrup 100ml,Pharmacy,5
2025-05-17,P010,Cough Syrup 100ml,Pharmacy,6
2025-05-18,P010,Cough Syrup 100ml,Pharmacy,6
2025-05-19,P010,Cough Syrup 100ml,Pharmacy,5
2025-05-20,P010,Cough Syrup 100ml,Pharmacy,7
2025-05-21,P010,Cough Syrup 100ml,Pharmacy,7
2025-05-22,P010,Cough Syrup 100ml,Pharmacy,6
2025-05-23,P010,Cough Syrup 100ml,Pharmacy,5
2025-05-24,P010,Cough Syrup 100ml,Pharmacy,5
2025-05-25,P010,Cough Syrup 100ml,Pharmacy,7
2025-05-26,P010,Cough Syrup 100ml,Pharmacy,7
2025-05-27,P010,Cough Syrup 100ml,Pharmacy,6
2025-05-28,P010,Cough Syrup 100ml,Pharmacy,8
2025-05-29,P010,Cough Syrup 100ml,Pharmacy,6
2025-05-30,P010,Cough Syrup 100ml,Pharmacy,4
2025-05-31,P010,Cough Syrup 100ml,Pharmacy,5
2025-06-01,P010,Cough Syrup 100ml,Pharmacy,4
2025-06-02,P010,Cough Syrup 100ml,Pharmacy,3
2025-06-03,P010,Cough Syrup 100ml,Pharmacy,7
2025-06-04,P010,Cough Syrup 100ml,Pharmacy,6
2025-06-05,P010,Cough Syrup 100ml,Pharmacy,4
2025-06-06,P010,Cough Syrup 100ml,Pharmacy,5
2025-06-07,P010,Cough Syrup 100ml,Pharmacy,3
2025-06-08,P010,Cough Syrup 100ml,Pharmacy,5
2025-06-09,P010,Cough Syrup 100ml,Pharmacy,6
2025-06-10,P010,Cough Syrup 100ml,Pharmacy,7
2025-06-11,P010,Cough Syrup 100ml,Pharmacy,5
2025-06-12,P010,Cough Syrup 100ml,Pharmacy,7
2025-06-13,P010,Cough Syrup 100ml,Pharmacy,7
2025-06-14,P010,Cough Syrup 100ml,Pharmacy,4
2025-06-15,P010,Cough Syrup 100ml,Pharmacy,7
2025-06-16,P010,Cough Syrup 100ml,Pharmacy,7
2025-06-17,P010,Cough Syrup 100ml,Pharmacy,6
2025-06-18,P010,Cough Syrup 100ml,Pharmacy,6
2025-06-19,P010,Cough Syrup 100ml,Pharmacy,5
2025-06-20,P010,Cough Syrup 100ml,Pharmacy,8
2025-06-21,P010,Cough Syrup 100ml,Pharmacy,6
2025-06-22,P010,Cough Syrup 100ml,Pharmacy,5
2025-06-23,P010,Cough Syrup 100ml,Pharmacy,6
2025-06-24,P010,Cough Syrup 100ml,Pharmacy,8
2025-06-25,P010,Cough Syrup 100ml,Pharmacy,8
2025-06-26,P010,Cough Syrup 100ml,Pharmacy,4
2025-06-27,P010,Cough Syrup 100ml,Pharmacy,5
2025-06-28,P010,Cough Syrup 100ml,Pharmacy,5
2025-06-29,P010,Cough Syrup 100ml,Pharmacy,5
2025-06-30,P010,Cough Syrup 100ml,Pharmacy,6
2025-07-01,P010,Cough Syrup 100ml,Pharmacy,8
2025-07-02,P010,Cough Syrup 100ml,Pharmacy,7
2025-07-03,P010,Cough Syrup 100ml,Pharmacy,5
2025-07-04,P010,Cough Syrup 100ml,Pharmacy,3
2025-07-05,P010,Cough Syrup 100ml,Pharmacy,5
2025-07-06,P010,Cough Syrup 100ml,Pharmacy,4
2025-07-07,P010,Cough Syrup 100ml,Pharmacy,4
2025-07-08,P010,Cough Syrup 100ml,Pharmacy,8
2025-07-09,P010,Cough Syrup 100ml,Pharmacy,7
2025-07-10,P010,Cough Syrup 100ml,Pharmacy,3
2025-07-11,P010,Cough Syrup 100ml,Pharmacy,4
2025-07-12,P010,Cough Syrup 100ml,Pharmacy,5
2025-07-13,P010,Cough Syrup 100ml,Pharmacy,5
2025-07-14,P010,Cough Syrup 100ml,Pharmacy,5
2025-07-15,P010,Cough Syrup 100ml,Pharmacy,3
2025-07-16,P010,Cough Syrup 100ml,Pharmacy,6
2025-07-17,P010,Cough Syrup 100ml,Pharmacy,6
2025-07-18,P010,Cough Syrup 100ml,Pharmacy,7
2025-07-19,P010,Cough Syrup 100ml,Pharmacy,5
2025-07-20,P010,Cough Syrup 100ml,Pharmacy,7
2025-07-21,P010,Cough Syrup 100ml,Pharmacy,4
2025-07-22,P010,Cough Syrup 100ml,Pharmacy,6
2025-07-23,P010,Cough Syrup 100ml,Pharmacy,8
2025-07-24,P010,Cough Syrup 100ml,Pharmacy,6
2025-07-25,P010,Cough Syrup 100ml,Pharmacy,5
2025-07-26,P010,Cough Syrup 100ml,Pharmacy,4
2025-07-27,P010,Cough Syrup 100ml,Pharmacy,4
2025-07-28,P010,Cough Syrup 100ml,Pharmacy,5
2025-07-29,P010,Cough Syrup 100ml,Pharmacy,6
2025-07-30,P010,Cough Syrup 100ml,Pharmacy,7
2025-07-31,P010,Cough Syrup 100ml,Pharmacy,5
2025-08-01,P010,Cough Syrup 100ml,Pharmacy,4
2025-08-02,P010,Cough Syrup 100ml,Pharmacy,5
2025-08-03,P010,Cough Syrup 100ml,Pharmacy,3
2025-08-04,P010,Cough Syrup 100ml,Pharmacy,6
2025-08-05,P010,Cough Syrup 100ml,Pharmacy,8
2025-08-06,P010,Cough Syrup 100ml,Pharmacy,6
2025-08-07,P010,Cough Syrup 100ml,Pharmacy,4
2025-08-08,P010,Cough Syrup 100ml,Pharmacy,5
2025-08-09,P010,Cough Syrup 100ml,Pharmacy,5
2025-08-10,P010,Cough Syrup 100ml,Pharmacy,6
2025-08-11,P010,Cough Syrup 100ml,Pharmacy,5
2025-08-12,P010,Cough Syrup 100ml,Pharmacy,6
2025-08-13,P010,Cough Syrup 100ml,Pharmacy,7
2025-08-14,P010,Cough Syrup 100ml,Pharmacy,4
2025-08-15,P010,Cough Syrup 100ml,Pharmacy,5
2025-08-16,P010,Cough Syrup 100ml,Pharmacy,4
2025-08-17,P010,Cough Syrup 100ml,Pharmacy,6
2025-08-18,P010,Cough Syrup 100ml,Pharmacy,5
2025-08-19,P010,Cough Syrup 100ml,Pharmacy,7
2025-08-20,P010,Cough Syrup 100ml,Pharmacy,8
2025-08-21,P010,Cough Syrup 100ml,Pharmacy,6
2025-08-22,P010,Cough Syrup 100ml,Pharmacy,5
2025-08-23,P010,Cough Syrup 100ml,Pharmacy,4
2025-08-24,P010,Cough Syrup 100ml,Pharmacy,7
2025-08-25,P010,Cough Syrup 100ml,Pharmacy,7
2025-08-26,P010,Cough Syrup 100ml,Pharmacy,7
2025-08-27,P010,Cough Syrup 100ml,Pharmacy,7
2025-08-28,P010,Cough Syrup 100ml,Pharmacy,4
2025-08-29,P010,Cough Syrup 100ml,Pharmacy,7
2025-08-30,P010,Cough Syrup 100ml,Pharmacy,6
2025-08-31,P010,Cough Syrup 100ml,Pharmacy,4
2025-09-01,P010,Cough Syrup 100ml,Pharmacy,7
2025-09-02,P010,Cough Syrup 100ml,Pharmacy,8
2025-09-03,P010,Cough Syrup 100ml,Pharmacy,7
2025-09-04,P010,Cough Syrup 100ml,Pharmacy,5
2025-09-05,P010,Cough Syrup 100ml,Pharmacy,4
2025-09-06,P010,Cough Syrup 100ml,Pharmacy,6
2025-09-07,P010,Cough Syrup 100ml,Pharmacy,5
2025-09-08,P010,Cough Syrup 100ml,Pharmacy,5
2025-09-09,P010,Cough Syrup 100ml,Pharmacy,7
2025-09-10,P010,Cough Syrup 100ml,Pharmacy,6
2025-09-11,P010,Cough Syrup 100ml,Pharmacy,7
2025-09-12,P010,Cough Syrup 100ml,Pharmacy,6
2025-09-13,P010,Cough Syrup 100ml,Pharmacy,5
2025-09-14,P010,Cough Syrup 100ml,Pharmacy,4
2025-09-15,P010,Cough Syrup 100ml,Pharmacy,5
2025-09-16,P010,Cough Syrup 100ml,Pharmacy,6
2025-09-17,P010,Cough Syrup 100ml,Pharmacy,6
2025-09-18,P010,Cough Syrup 100ml,Pharmacy,6
2025-09-19,P010,Cough Syrup 100ml,Pharmacy,5
2025-09-20,P010,Cough Syrup 100ml,Pharmacy,5
2025-09-21,P010,Cough Syrup 100ml,Pharmacy,4
2025-09-22,P010,Cough Syrup 100ml,Pharmacy,7
2025-09-23,P010,Cough Syrup 100ml,Pharmacy,6
2025-09-24,P010,Cough Syrup 100ml,Pharmacy,8
2025-09-25,P010,Cough Syrup 100ml,Pharmacy,5
2025-09-26,P010,Cough Syrup 100ml,Pharmacy,4
2025-09-27,P010,Cough Syrup 100ml,Pharmacy,6
2025-09-28,P010,Cough Syrup 100ml,Pharmacy,6
2025-09-29,P010,Cough Syrup 100ml,Pharmacy,5
2025-09-30,P010,Cough Syrup 100ml,Pharmacy,7
2025-10-01,P010,Cough Syrup 100ml,Pharmacy,7
2025-10-02,P010,Cough Syrup 100ml,Pharmacy,5
2025-10-03,P010,Cough Syrup 100ml,Pharmacy,5
2025-10-04,P010,Cough Syrup 100ml,Pharmacy,6
2025-10-05,P010,Cough Syrup 100ml,Pharmacy,5
2025-10-06,P010,Cough Syrup 100ml,Pharmacy,5
2025-10-07,P010,Cough Syrup 100ml,Pharmacy,5
2025-10-08,P010,Cough Syrup 100ml,Pharmacy,5
2025-10-09,P010,Cough Syrup 100ml,Pharmacy,5
2025-10-10,P010,Cough Syrup 100ml,Pharmacy,5
2025-10-11,P010,Cough Syrup 100ml,Pharmacy,6
2025-10-12,P010,Cough Syrup 100ml,Pharmacy,6
2025-10-13,P010,Cough Syrup 100ml,Pharmacy,6
2025-10-14,P010,Cough Syrup 100ml,Pharmacy,8
2025-10-15,P010,Cough Syrup 100ml,Pharmacy,6
2025-10-16,P010,Cough Syrup 100ml,Pharmacy,5
2025-10-17,P010,Cough Syrup 100ml,Pharmacy,5
2025-10-18,P010,Cough Syrup 100ml,Pharmacy,7
2025-10-19,P010,Cough Syrup 100ml,Pharmacy,4
2025-10-20,P010,Cough Syrup 100ml,Pharmacy,33
2025-10-21,P010,Cough Syrup 100ml,Pharmacy,6
2025-10-22,P010,Cough Syrup 100ml,Pharmacy,7
2025-10-23,P010,Cough Syrup 100ml,Pharmacy,5
2025-10-24,P010,Cough Syrup 100ml,Pharmacy,5
2025-10-25,P010,Cough Syrup 100ml,Pharmacy,7
2025-10-26,P010,Cough Syrup 100ml,Pharmacy,7
2025-10-27,P010,Cough Syrup 100ml,Pharmacy,7
2025-10-28,P010,Cough Syrup 100ml,Pharmacy,6
2025-10-29,P010,Cough Syrup 100ml,Pharmacy,7
2025-10-30,P010,Cough Syrup 100ml,Pharmacy,6
2025-10-31,P010,Cough Syrup 100ml,Pharmacy,5
2025-11-01,P010,Cough Syrup 100ml,Pharmacy,5
2025-11-02,P010,Cough Syrup 100ml,Pharmacy,5
2025-11-03,P010,Cough Syrup 100ml,Pharmacy,7
2025-11-04,P010,Cough Syrup 100ml,Pharmacy,8
2025-11-05,P010,Cough Syrup 100ml,Pharmacy,6
2025-11-06,P010,Cough Syrup 100ml,Pharmacy,6
2025-11-07,P010,Cough Syrup 100ml,Pharmacy,7
2025-11-08,P010,Cough Syrup 100ml,Pharmacy,4
2025-11-09,P010,Cough Syrup 100ml,Pharmacy,5
2025-11-10,P010,Cough Syrup 100ml,Pharmacy,5
2025-11-11,P010,Cough Syrup 100ml,Pharmacy,7
2025-11-12,P010,Cough Syrup 100ml,Pharmacy,5
2025-11-13,P010,Cough Syrup 100ml,Pharmacy,7
2025-11-14,P010,Cough Syrup 100ml,Pharmacy,5
2025-11-15,P010,Cough Syrup 100ml,Pharmacy,6
2025-11-16,P010,Cough Syrup 100ml,Pharmacy,6
2025-11-17,P010,Cough Syrup 100ml,Pharmacy,5
2025-11-18,P010,Cough Syrup 100ml,Pharmacy,8
2025-11-19,P010,Cough Syrup 100ml,Pharmacy,7
2025-11-20,P010,Cough Syrup 100ml,Pharmacy,3
2025-11-21,P010,Cough Syrup 100ml,Pharmacy,5
2025-11-22,P010,Cough Syrup 100ml,Pharmacy,5
2025-11-23,P010,Cough Syrup 100ml,Pharmacy,6
2025-11-24,P010,Cough Syrup 100ml,Pharmacy,9
2025-11-25,P010,Cough Syrup 100ml,Pharmacy,7
2025-11-26,P010,Cough Syrup 100ml,Pharmacy,9
2025-11-27,P010,Cough Syrup 100ml,Pharmacy,5
2025-11-28,P010,Cough Syrup 100ml,Pharmacy,5
2025-11-29,P010,Cough Syrup 100ml,Pharmacy,5
2025-11-30,P010,Cough Syrup 100ml,Pharmacy,6
2025-12-01,P010,Cough Syrup 100ml,Pharmacy,5
2025-12-02,P010,Cough Syrup 100ml,Pharmacy,5
2025-12-03,P010,Cough Syrup 100ml,Pharmacy,7
2025-12-04,P010,Cough Syrup 100ml,Pharmacy,4
2025-12-05,P010,Cough Syrup 100ml,Pharmacy,6
2025-12-06,P010,Cough Syrup 100ml,Pharmacy,6
2025-12-07,P010,Cough Syrup 100ml,Pharmacy,5
2025-12-08,P010,Cough Syrup 100ml,Pharmacy,6
2025-12-09,P010,Cough Syrup 100ml,Pharmacy,7
2025-12-10,P010,Cough Syrup 100ml,Pharmacy,7
2025-12-11,P010,Cough Syrup 100ml,Pharmacy,5
2025-12-12,P010,Cough Syrup 100ml,Pharmacy,5
2025-12-13,P010,Cough Syrup 100ml,Pharmacy,6
2025-12-14,P010,Cough Syrup 100ml,Pharmacy,4
2025-12-15,P010,Cough Syrup 100ml,Pharmacy,6
2025-12-16,P010,Cough Syrup 100ml,Pharmacy,7
2025-12-17,P010,Cough Syrup 100ml,Pharmacy,6
2025-12-18,P010,Cough Syrup 100ml,Pharmacy,5
2025-12-19,P010,Cough Syrup 100ml,Pharmacy,4
2025-12-20,P010,Cough Syrup 100ml,Pharmacy,5
2025-12-21,P010,Cough Syrup 100ml,Pharmacy,5
2025-12-22,P010,Cough Syrup 100ml,Pharmacy,5
2025-12-23,P010,Cough Syrup 100ml,Pharmacy,8
2025-12-24,P010,Cough Syrup 100ml,Pharmacy,8
2025-12-25,P010,Cough Syrup 100ml,Pharmacy,7
2025-12-26,P010,Cough Syrup 100ml,Pharmacy,3
2025-12-27,P010,Cough Syrup 100ml,Pharmacy,7
2025-12-28,P010,Cough Syrup 100ml,Pharmacy,6
2025-12-29,P010,Cough Syrup 100ml,Pharmacy,6
2025-12-30,P010,Cough Syrup 100ml,Pharmacy,7
2025-12-31,P010,Cough Syrup 100ml,Pharmacy,6
2026-01-01,P010,Cough Syrup 100ml,Pharmacy,6
2026-01-02,P010,Cough Syrup 100ml,Pharmacy,7
2026-01-03,P010,Cough Syrup 100ml,Pharmacy,6
2026-01-04,P010,Cough Syrup 100ml,Pharmacy,4
2026-01-05,P010,Cough Syrup 100ml,Pharmacy,4
2026-01-06,P010,Cough Syrup 100ml,Pharmacy,7
2026-01-07,P010,Cough Syrup 100ml,Pharmacy,6
2026-01-08,P010,Cough Syrup 100ml,Pharmacy,6
2026-01-09,P010,Cough Syrup 100ml,Pharmacy,7
2026-01-10,P010,Cough Syrup 100ml,Pharmacy,6
2026-01-11,P010,Cough Syrup 100ml,Pharmacy,5
2026-01-12,P010,Cough Syrup 100ml,Pharmacy,6
2026-01-13,P010,Cough Syrup 100ml,Pharmacy,7
2026-01-14,P010,Cough Syrup 100ml,Pharmacy,6
2026-01-15,P010,Cough Syrup 100ml,Pharmacy,6
2026-01-16,P010,Cough Syrup 100ml,Pharmacy,4
2026-01-17,P010,Cough Syrup 100ml,Pharmacy,7
2026-01-18,P010,Cough Syrup 100ml,Pharmacy,5
2026-01-19,P010,Cough Syrup 100ml,Pharmacy,7
2026-01-20,P010,Cough Syrup 100ml,Pharmacy,6
2026-01-21,P010,Cough Syrup 100ml,Pharmacy,8
2026-01-22,P010,Cough Syrup 100ml,Pharmacy,7
2026-01-23,P010,Cough Syrup 100ml,Pharmacy,4
2026-01-24,P010,Cough Syrup 100ml,Pharmacy,5
2026-01-25,P010,Cough Syrup 100ml,Pharmacy,6
2026-01-26,P010,Cough Syrup 100ml,Pharmacy,6
2026-01-27,P010,Cough Syrup 100ml,Pharmacy,7
2026-01-28,P010,Cough Syrup 100ml,Pharmacy,7
2026-01-29,P010,Cough Syrup 100ml,Pharmacy,6
2026-01-30,P010,Cough Syrup 100ml,Pharmacy,6
2026-01-31,P010,Cough Syrup 100ml,Pharmacy,5
2026-02-01,P010,Cough Syrup 100ml,Pharmacy,5
2026-02-02,P010,Cough Syrup 100ml,Pharmacy,7
2026-02-03,P010,Cough Syrup 100ml,Pharmacy,7
2026-02-04,P010,Cough Syrup 100ml,Pharmacy,5
2026-02-05,P010,Cough Syrup 100ml,Pharmacy,7
2026-02-06,P010,Cough Syrup 100ml,Pharmacy,5
2026-02-07,P010,Cough Syrup 100ml,Pharmacy,5
2026-02-08,P010,Cough Syrup 100ml,Pharmacy,6
2026-02-09,P010,Cough Syrup 100ml,Pharmacy,5
2026-02-10,P010,Cough Syrup 100ml,Pharmacy,7
2026-02-11,P010,Cough Syrup 100ml,Pharmacy,9
2026-02-12,P010,Cough Syrup 100ml,Pharmacy,7
2026-02-13,P010,Cough Syrup 100ml,Pharmacy,5
2026-02-14,P010,Cough Syrup 100ml,Pharmacy,6
2026-02-15,P010,Cough Syrup 100ml,Pharmacy,6
2026-02-16,P010,Cough Syrup 100ml,Pharmacy,7
2026-02-17,P010,Cough Syrup 100ml,Pharmacy,6
2026-02-18,P010,Cough Syrup 100ml,Pharmacy,9
2026-02-19,P010,Cough Syrup 100ml,Pharmacy,5
2026-02-20,P010,Cough Syrup 100ml,Pharmacy,6
2026-02-21,P010,Cough Syrup 100ml,Pharmacy,5
2026-02-22,P010,Cough Syrup 100ml,Pharmacy,6
2026-02-23,P010,Cough Syrup 100ml,Pharmacy,5
2026-02-24,P010,Cough Syrup 100ml,Pharmacy,7
2026-02-25,P010,Cough Syrup 100ml,Pharmacy,7
2026-02-26,P010,Cough Syrup 100ml,Pharmacy,7
2026-02-27,P010,Cough Syrup 100ml,Pharmacy,7
2026-02-28,P010,Cough Syrup 100ml,Pharmacy,39
2026-03-01,P010,Cough Syrup 100ml,Pharmacy,6
2026-03-02,P010,Cough Syrup 100ml,Pharmacy,8
2026-03-03,P010,Cough Syrup 100ml,Pharmacy,7
2026-03-04,P010,Cough Syrup 100ml,Pharmacy,7
2026-03-05,P010,Cough Syrup 100ml,Pharmacy,5
2026-03-06,P010,Cough Syrup 100ml,Pharmacy,5
2026-03-07,P010,Cough Syrup 100ml,Pharmacy,4
2026-03-08,P010,Cough Syrup 100ml,Pharmacy,6
2026-03-09,P010,Cough Syrup 100ml,Pharmacy,7
2026-03-10,P010,Cough Syrup 100ml,Pharmacy,7
2026-03-11,P010,Cough Syrup 100ml,Pharmacy,6
2026-03-12,P010,Cough Syrup 100ml,Pharmacy,5
2026-03-13,P010,Cough Syrup 100ml,Pharmacy,4
2026-03-14,P010,Cough Syrup 100ml,Pharmacy,6
2026-03-15,P010,Cough Syrup 100ml,Pharmacy,6
2026-03-16,P010,Cough Syrup 100ml,Pharmacy,6
2026-03-17,P010,Cough Syrup 100ml,Pharmacy,6
2026-03-18,P010,Cough Syrup 100ml,Pharmacy,9
2026-03-19,P010,Cough Syrup 100ml,Pharmacy,6
2026-03-20,P010,Cough Syrup 100ml,Pharmacy,51
2026-03-21,P010,Cough Syrup 100ml,Pharmacy,6
2026-03-22,P010,Cough Syrup 100ml,Pharmacy,6
2026-03-23,P010,Cough Syrup 100ml,Pharmacy,8
2026-03-24,P010,Cough Syrup 100ml,Pharmacy,7
2026-03-25,P010,Cough Syrup 100ml,Pharmacy,6
2026-03-26,P010,Cough Syrup 100ml,Pharmacy,6
2026-03-27,P010,Cough Syrup 100ml,Pharmacy,7
2026-03-28,P010,Cough Syrup 100ml,Pharmacy,8
2024-03-28,P011,Fortune Sunflower Oil 1L,Groceries,25
2024-03-29,P011,Fortune Sunflower Oil 1L,Groceries,22
2024-03-30,P011,Fortune Sunflower Oil 1L,Groceries,33
2024-03-31,P011,Fortune Sunflower Oil 1L,Groceries,23
2024-04-01,P011,Fortune Sunflower Oil 1L,Groceries,30
2024-04-02,P011,Fortune Sunflower Oil 1L,Groceries,27
2024-04-03,P011,Fortune Sunflower Oil 1L,Groceries,35
2024-04-04,P011,Fortune Sunflower Oil 1L,Groceries,23
2024-04-05,P011,Fortune Sunflower Oil 1L,Groceries,22
2024-04-06,P011,Fortune Sunflower Oil 1L,Groceries,40
2024-04-07,P011,Fortune Sunflower Oil 1L,Groceries,24
2024-04-08,P011,Fortune Sunflower Oil 1L,Groceries,27
2024-04-09,P011,Fortune Sunflower Oil 1L,Groceries,38
2024-04-10,P011,Fortune Sunflower Oil 1L,Groceries,29
2024-04-11,P011,Fortune Sunflower Oil 1L,Groceries,28
2024-04-12,P011,Fortune Sunflower Oil 1L,Groceries,28
2024-04-13,P011,Fortune Sunflower Oil 1L,Groceries,27
2024-04-14,P011,Fortune Sunflower Oil 1L,Groceries,38
2024-04-15,P011,Fortune Sunflower Oil 1L,Groceries,24
2024-04-16,P011,Fortune Sunflower Oil 1L,Groceries,41
2024-04-17,P011,Fortune Sunflower Oil 1L,Groceries,36
2024-04-18,P011,Fortune Sunflower Oil 1L,Groceries,30
2024-04-19,P011,Fortune Sunflower Oil 1L,Groceries,27
2024-04-20,P011,Fortune Sunflower Oil 1L,Groceries,35
2024-04-21,P011,Fortune Sunflower Oil 1L,Groceries,24
2024-04-22,P011,Fortune Sunflower Oil 1L,Groceries,31
2024-04-23,P011,Fortune Sunflower Oil 1L,Groceries,40
2024-04-24,P011,Fortune Sunflower Oil 1L,Groceries,31
2024-04-25,P011,Fortune Sunflower Oil 1L,Groceries,31
2024-04-26,P011,Fortune Sunflower Oil 1L,Groceries,26
2024-04-27,P011,Fortune Sunflower Oil 1L,Groceries,19
2024-04-28,P011,Fortune Sunflower Oil 1L,Groceries,18
2024-04-29,P011,Fortune Sunflower Oil 1L,Groceries,28
2024-04-30,P011,Fortune Sunflower Oil 1L,Groceries,39
2024-05-01,P011,Fortune Sunflower Oil 1L,Groceries,23
2024-05-02,P011,Fortune Sunflower Oil 1L,Groceries,27
2024-05-03,P011,Fortune Sunflower Oil 1L,Groceries,30
2024-05-04,P011,Fortune Sunflower Oil 1L,Groceries,19
2024-05-05,P011,Fortune Sunflower Oil 1L,Groceries,22
2024-05-06,P011,Fortune Sunflower Oil 1L,Groceries,31
2024-05-07,P011,Fortune Sunflower Oil 1L,Groceries,38
2024-05-08,P011,Fortune Sunflower Oil 1L,Groceries,42
2024-05-09,P011,Fortune Sunflower Oil 1L,Groceries,23
2024-05-10,P011,Fortune Sunflower Oil 1L,Groceries,22
2024-05-11,P011,Fortune Sunflower Oil 1L,Groceries,34
2024-05-12,P011,Fortune Sunflower Oil 1L,Groceries,22
2024-05-13,P011,Fortune Sunflower Oil 1L,Groceries,31
2024-05-14,P011,Fortune Sunflower Oil 1L,Groceries,45
2024-05-15,P011,Fortune Sunflower Oil 1L,Groceries,38
2024-05-16,P011,Fortune Sunflower Oil 1L,Groceries,30
2024-05-17,P011,Fortune Sunflower Oil 1L,Groceries,33
2024-05-18,P011,Fortune Sunflower Oil 1L,Groceries,29
2024-05-19,P011,Fortune Sunflower Oil 1L,Groceries,30
2024-05-20,P011,Fortune Sunflower Oil 1L,Groceries,27
2024-05-21,P011,Fortune Sunflower Oil 1L,Groceries,40
2024-05-22,P011,Fortune Sunflower Oil 1L,Groceries,36
2024-05-23,P011,Fortune Sunflower Oil 1L,Groceries,18
2024-05-24,P011,Fortune Sunflower Oil 1L,Groceries,27
2024-05-25,P011,Fortune Sunflower Oil 1L,Groceries,15
2024-05-26,P011,Fortune Sunflower Oil 1L,Groceries,30
2024-05-27,P011,Fortune Sunflower Oil 1L,Groceries,27
2024-05-28,P011,Fortune Sunflower Oil 1L,Groceries,44
2024-05-29,P011,Fortune Sunflower Oil 1L,Groceries,36
2024-05-30,P011,Fortune Sunflower Oil 1L,Groceries,31
2024-05-31,P011,Fortune Sunflower Oil 1L,Groceries,20
2024-06-01,P011,Fortune Sunflower Oil 1L,Groceries,30
2024-06-02,P011,Fortune Sunflower Oil 1L,Groceries,23
2024-06-03,P011,Fortune Sunflower Oil 1L,Groceries,34
2024-06-04,P011,Fortune Sunflower Oil 1L,Groceries,28
2024-06-05,P011,Fortune Sunflower Oil 1L,Groceries,35
2024-06-06,P011,Fortune Sunflower Oil 1L,Groceries,20
2024-06-07,P011,Fortune Sunflower Oil 1L,Groceries,27
2024-06-08,P011,Fortune Sunflower Oil 1L,Groceries,37
2024-06-09,P011,Fortune Sunflower Oil 1L,Groceries,30
2024-06-10,P011,Fortune Sunflower Oil 1L,Groceries,29
2024-06-11,P011,Fortune Sunflower Oil 1L,Groceries,21
2024-06-12,P011,Fortune Sunflower Oil 1L,Groceries,31
2024-06-13,P011,Fortune Sunflower Oil 1L,Groceries,29
2024-06-14,P011,Fortune Sunflower Oil 1L,Groceries,23
2024-06-15,P011,Fortune Sunflower Oil 1L,Groceries,33
2024-06-16,P011,Fortune Sunflower Oil 1L,Groceries,26
2024-06-17,P011,Fortune Sunflower Oil 1L,Groceries,34
2024-06-18,P011,Fortune Sunflower Oil 1L,Groceries,35
2024-06-19,P011,Fortune Sunflower Oil 1L,Groceries,33
2024-06-20,P011,Fortune Sunflower Oil 1L,Groceries,24
2024-06-21,P011,Fortune Sunflower Oil 1L,Groceries,21
2024-06-22,P011,Fortune Sunflower Oil 1L,Groceries,32
2024-06-23,P011,Fortune Sunflower Oil 1L,Groceries,24
2024-06-24,P011,Fortune Sunflower Oil 1L,Groceries,32
2024-06-25,P011,Fortune Sunflower Oil 1L,Groceries,31
2024-06-26,P011,Fortune Sunflower Oil 1L,Groceries,29
2024-06-27,P011,Fortune Sunflower Oil 1L,Groceries,29
2024-06-28,P011,Fortune Sunflower Oil 1L,Groceries,22
2024-06-29,P011,Fortune Sunflower Oil 1L,Groceries,24
2024-06-30,P011,Fortune Sunflower Oil 1L,Groceries,20
2024-07-01,P011,Fortune Sunflower Oil 1L,Groceries,26
2024-07-02,P011,Fortune Sunflower Oil 1L,Groceries,34
2024-07-03,P011,Fortune Sunflower Oil 1L,Groceries,33
2024-07-04,P011,Fortune Sunflower Oil 1L,Groceries,30
2024-07-05,P011,Fortune Sunflower Oil 1L,Groceries,27
2024-07-06,P011,Fortune Sunflower Oil 1L,Groceries,42
2024-07-07,P011,Fortune Sunflower Oil 1L,Groceries,28
2024-07-08,P011,Fortune Sunflower Oil 1L,Groceries,20
2024-07-09,P011,Fortune Sunflower Oil 1L,Groceries,33
2024-07-10,P011,Fortune Sunflower Oil 1L,Groceries,34
2024-07-11,P011,Fortune Sunflower Oil 1L,Groceries,23
2024-07-12,P011,Fortune Sunflower Oil 1L,Groceries,27
2024-07-13,P011,Fortune Sunflower Oil 1L,Groceries,23
2024-07-14,P011,Fortune Sunflower Oil 1L,Groceries,28
2024-07-15,P011,Fortune Sunflower Oil 1L,Groceries,19
2024-07-16,P011,Fortune Sunflower Oil 1L,Groceries,40
2024-07-17,P011,Fortune Sunflower Oil 1L,Groceries,26
2024-07-18,P011,Fortune Sunflower Oil 1L,Groceries,25
2024-07-19,P011,Fortune Sunflower Oil 1L,Groceries,22
2024-07-20,P011,Fortune Sunflower Oil 1L,Groceries,28
2024-07-21,P011,Fortune Sunflower Oil 1L,Groceries,25
2024-07-22,P011,Fortune Sunflower Oil 1L,Groceries,30
2024-07-23,P011,Fortune Sunflower Oil 1L,Groceries,40
2024-07-24,P011,Fortune Sunflower Oil 1L,Groceries,38
2024-07-25,P011,Fortune Sunflower Oil 1L,Groceries,27
2024-07-26,P011,Fortune Sunflower Oil 1L,Groceries,29
2024-07-27,P011,Fortune Sunflower Oil 1L,Groceries,37
2024-07-28,P011,Fortune Sunflower Oil 1L,Groceries,31
2024-07-29,P011,Fortune Sunflower Oil 1L,Groceries,28
2024-07-30,P011,Fortune Sunflower Oil 1L,Groceries,41
2024-07-31,P011,Fortune Sunflower Oil 1L,Groceries,36
2024-08-01,P011,Fortune Sunflower Oil 1L,Groceries,21
2024-08-02,P011,Fortune Sunflower Oil 1L,Groceries,25
2024-08-03,P011,Fortune Sunflower Oil 1L,Groceries,19
2024-08-04,P011,Fortune Sunflower Oil 1L,Groceries,15
2024-08-05,P011,Fortune Sunflower Oil 1L,Groceries,24
2024-08-06,P011,Fortune Sunflower Oil 1L,Groceries,35
2024-08-07,P011,Fortune Sunflower Oil 1L,Groceries,35
2024-08-08,P011,Fortune Sunflower Oil 1L,Groceries,19
2024-08-09,P011,Fortune Sunflower Oil 1L,Groceries,14
2024-08-10,P011,Fortune Sunflower Oil 1L,Groceries,34
2024-08-11,P011,Fortune Sunflower Oil 1L,Groceries,27
2024-08-12,P011,Fortune Sunflower Oil 1L,Groceries,37
2024-08-13,P011,Fortune Sunflower Oil 1L,Groceries,42
2024-08-14,P011,Fortune Sunflower Oil 1L,Groceries,38
2024-08-15,P011,Fortune Sunflower Oil 1L,Groceries,27
2024-08-16,P011,Fortune Sunflower Oil 1L,Groceries,24
2024-08-17,P011,Fortune Sunflower Oil 1L,Groceries,30
2024-08-18,P011,Fortune Sunflower Oil 1L,Groceries,26
2024-08-19,P011,Fortune Sunflower Oil 1L,Groceries,26
2024-08-20,P011,Fortune Sunflower Oil 1L,Groceries,24
2024-08-21,P011,Fortune Sunflower Oil 1L,Groceries,34
2024-08-22,P011,Fortune Sunflower Oil 1L,Groceries,32
2024-08-23,P011,Fortune Sunflower Oil 1L,Groceries,33
2024-08-24,P011,Fortune Sunflower Oil 1L,Groceries,27
2024-08-25,P011,Fortune Sunflower Oil 1L,Groceries,22
2024-08-26,P011,Fortune Sunflower Oil 1L,Groceries,34
2024-08-27,P011,Fortune Sunflower Oil 1L,Groceries,35
2024-08-28,P011,Fortune Sunflower Oil 1L,Groceries,33
2024-08-29,P011,Fortune Sunflower Oil 1L,Groceries,19
2024-08-30,P011,Fortune Sunflower Oil 1L,Groceries,38
2024-08-31,P011,Fortune Sunflower Oil 1L,Groceries,30
2024-09-01,P011,Fortune Sunflower Oil 1L,Groceries,31
2024-09-02,P011,Fortune Sunflower Oil 1L,Groceries,25
2024-09-03,P011,Fortune Sunflower Oil 1L,Groceries,35
2024-09-04,P011,Fortune Sunflower Oil 1L,Groceries,34
2024-09-05,P011,Fortune Sunflower Oil 1L,Groceries,31
2024-09-06,P011,Fortune Sunflower Oil 1L,Groceries,34
2024-09-07,P011,Fortune Sunflower Oil 1L,Groceries,19
2024-09-08,P011,Fortune Sunflower Oil 1L,Groceries,21
2024-09-09,P011,Fortune Sunflower Oil 1L,Groceries,33
2024-09-10,P011,Fortune Sunflower Oil 1L,Groceries,32
2024-09-11,P011,Fortune Sunflower Oil 1L,Groceries,39
2024-09-12,P011,Fortune Sunflower Oil 1L,Groceries,25
2024-09-13,P011,Fortune Sunflower Oil 1L,Groceries,20
2024-09-14,P011,Fortune Sunflower Oil 1L,Groceries,18
2024-09-15,P011,Fortune Sunflower Oil 1L,Groceries,29
2024-09-16,P011,Fortune Sunflower Oil 1L,Groceries,32
2024-09-17,P011,Fortune Sunflower Oil 1L,Groceries,40
2024-09-18,P011,Fortune Sunflower Oil 1L,Groceries,37
2024-09-19,P011,Fortune Sunflower Oil 1L,Groceries,7
2024-09-20,P011,Fortune Sunflower Oil 1L,Groceries,29
2024-09-21,P011,Fortune Sunflower Oil 1L,Groceries,19
2024-09-22,P011,Fortune Sunflower Oil 1L,Groceries,17
2024-09-23,P011,Fortune Sunflower Oil 1L,Groceries,19
2024-09-24,P011,Fortune Sunflower Oil 1L,Groceries,24
2024-09-25,P011,Fortune Sunflower Oil 1L,Groceries,36
2024-09-26,P011,Fortune Sunflower Oil 1L,Groceries,23
2024-09-27,P011,Fortune Sunflower Oil 1L,Groceries,19
2024-09-28,P011,Fortune Sunflower Oil 1L,Groceries,27
2024-09-29,P011,Fortune Sunflower Oil 1L,Groceries,21
2024-09-30,P011,Fortune Sunflower Oil 1L,Groceries,35
2024-10-01,P011,Fortune Sunflower Oil 1L,Groceries,43
2024-10-02,P011,Fortune Sunflower Oil 1L,Groceries,34
2024-10-03,P011,Fortune Sunflower Oil 1L,Groceries,34
2024-10-04,P011,Fortune Sunflower Oil 1L,Groceries,34
2024-10-05,P011,Fortune Sunflower Oil 1L,Groceries,27
2024-10-06,P011,Fortune Sunflower Oil 1L,Groceries,36
2024-10-07,P011,Fortune Sunflower Oil 1L,Groceries,26
2024-10-08,P011,Fortune Sunflower Oil 1L,Groceries,25
2024-10-09,P011,Fortune Sunflower Oil 1L,Groceries,27
2024-10-10,P011,Fortune Sunflower Oil 1L,Groceries,23
2024-10-11,P011,Fortune Sunflower Oil 1L,Groceries,30
2024-10-12,P011,Fortune Sunflower Oil 1L,Groceries,21
2024-10-13,P011,Fortune Sunflower Oil 1L,Groceries,23
2024-10-14,P011,Fortune Sunflower Oil 1L,Groceries,23
2024-10-15,P011,Fortune Sunflower Oil 1L,Groceries,32
2024-10-16,P011,Fortune Sunflower Oil 1L,Groceries,42
2024-10-17,P011,Fortune Sunflower Oil 1L,Groceries,29
2024-10-18,P011,Fortune Sunflower Oil 1L,Groceries,24
2024-10-19,P011,Fortune Sunflower Oil 1L,Groceries,33
2024-10-20,P011,Fortune Sunflower Oil 1L,Groceries,27
2024-10-21,P011,Fortune Sunflower Oil 1L,Groceries,30
2024-10-22,P011,Fortune Sunflower Oil 1L,Groceries,41
2024-10-23,P011,Fortune Sunflower Oil 1L,Groceries,33
2024-10-24,P011,Fortune Sunflower Oil 1L,Groceries,32
2024-10-25,P011,Fortune Sunflower Oil 1L,Groceries,31
2024-10-26,P011,Fortune Sunflower Oil 1L,Groceries,26
2024-10-27,P011,Fortune Sunflower Oil 1L,Groceries,20
2024-10-28,P011,Fortune Sunflower Oil 1L,Groceries,30
2024-10-29,P011,Fortune Sunflower Oil 1L,Groceries,41
2024-10-30,P011,Fortune Sunflower Oil 1L,Groceries,40
2024-10-31,P011,Fortune Sunflower Oil 1L,Groceries,36
2024-11-01,P011,Fortune Sunflower Oil 1L,Groceries,25
2024-11-02,P011,Fortune Sunflower Oil 1L,Groceries,31
2024-11-03,P011,Fortune Sunflower Oil 1L,Groceries,22
2024-11-04,P011,Fortune Sunflower Oil 1L,Groceries,31
2024-11-05,P011,Fortune Sunflower Oil 1L,Groceries,41
2024-11-06,P011,Fortune Sunflower Oil 1L,Groceries,40
2024-11-07,P011,Fortune Sunflower Oil 1L,Groceries,28
2024-11-08,P011,Fortune Sunflower Oil 1L,Groceries,26
2024-11-09,P011,Fortune Sunflower Oil 1L,Groceries,22
2024-11-10,P011,Fortune Sunflower Oil 1L,Groceries,26
2024-11-11,P011,Fortune Sunflower Oil 1L,Groceries,23
2024-11-12,P011,Fortune Sunflower Oil 1L,Groceries,34
2024-11-13,P011,Fortune Sunflower Oil 1L,Groceries,26
2024-11-14,P011,Fortune Sunflower Oil 1L,Groceries,20
2024-11-15,P011,Fortune Sunflower Oil 1L,Groceries,32
2024-11-16,P011,Fortune Sunflower Oil 1L,Groceries,31
2024-11-17,P011,Fortune Sunflower Oil 1L,Groceries,26
2024-11-18,P011,Fortune Sunflower Oil 1L,Groceries,30
2024-11-19,P011,Fortune Sunflower Oil 1L,Groceries,37
2024-11-20,P011,Fortune Sunflower Oil 1L,Groceries,38
2024-11-21,P011,Fortune Sunflower Oil 1L,Groceries,29
2024-11-22,P011,Fortune Sunflower Oil 1L,Groceries,20
2024-11-23,P011,Fortune Sunflower Oil 1L,Groceries,15
2024-11-24,P011,Fortune Sunflower Oil 1L,Groceries,22
2024-11-25,P011,Fortune Sunflower Oil 1L,Groceries,29
2024-11-26,P011,Fortune Sunflower Oil 1L,Groceries,41
2024-11-27,P011,Fortune Sunflower Oil 1L,Groceries,37
2024-11-28,P011,Fortune Sunflower Oil 1L,Groceries,30
2024-11-29,P011,Fortune Sunflower Oil 1L,Groceries,23
2024-11-30,P011,Fortune Sunflower Oil 1L,Groceries,27
2024-12-01,P011,Fortune Sunflower Oil 1L,Groceries,28
2024-12-02,P011,Fortune Sunflower Oil 1L,Groceries,26
2024-12-03,P011,Fortune Sunflower Oil 1L,Groceries,30
2024-12-04,P011,Fortune Sunflower Oil 1L,Groceries,34
2024-12-05,P011,Fortune Sunflower Oil 1L,Groceries,31
2024-12-06,P011,Fortune Sunflower Oil 1L,Groceries,23
2024-12-07,P011,Fortune Sunflower Oil 1L,Groceries,26
2024-12-08,P011,Fortune Sunflower Oil 1L,Groceries,34
2024-12-09,P011,Fortune Sunflower Oil 1L,Groceries,27
2024-12-10,P011,Fortune Sunflower Oil 1L,Groceries,36
2024-12-11,P011,Fortune Sunflower Oil 1L,Groceries,35
2024-12-12,P011,Fortune Sunflower Oil 1L,Groceries,26
2024-12-13,P011,Fortune Sunflower Oil 1L,Groceries,36
2024-12-14,P011,Fortune Sunflower Oil 1L,Groceries,29
2024-12-15,P011,Fortune Sunflower Oil 1L,Groceries,19
2024-12-16,P011,Fortune Sunflower Oil 1L,Groceries,38
2024-12-17,P011,Fortune Sunflower Oil 1L,Groceries,37
2024-12-18,P011,Fortune Sunflower Oil 1L,Groceries,34
2024-12-19,P011,Fortune Sunflower Oil 1L,Groceries,34
2024-12-20,P011,Fortune Sunflower Oil 1L,Groceries,23
2024-12-21,P011,Fortune Sunflower Oil 1L,Groceries,36
2024-12-22,P011,Fortune Sunflower Oil 1L,Groceries,28
2024-12-23,P011,Fortune Sunflower Oil 1L,Groceries,35
2024-12-24,P011,Fortune Sunflower Oil 1L,Groceries,52
2024-12-25,P011,Fortune Sunflower Oil 1L,Groceries,37
2024-12-26,P011,Fortune Sunflower Oil 1L,Groceries,27
2024-12-27,P011,Fortune Sunflower Oil 1L,Groceries,22
2024-12-28,P011,Fortune Sunflower Oil 1L,Groceries,27
2024-12-29,P011,Fortune Sunflower Oil 1L,Groceries,22
2024-12-30,P011,Fortune Sunflower Oil 1L,Groceries,29
2024-12-31,P011,Fortune Sunflower Oil 1L,Groceries,51
2025-01-01,P011,Fortune Sunflower Oil 1L,Groceries,37
2025-01-02,P011,Fortune Sunflower Oil 1L,Groceries,25
2025-01-03,P011,Fortune Sunflower Oil 1L,Groceries,26
2025-01-04,P011,Fortune Sunflower Oil 1L,Groceries,25
2025-01-05,P011,Fortune Sunflower Oil 1L,Groceries,33
2025-01-06,P011,Fortune Sunflower Oil 1L,Groceries,30
2025-01-07,P011,Fortune Sunflower Oil 1L,Groceries,44
2025-01-08,P011,Fortune Sunflower Oil 1L,Groceries,34
2025-01-09,P011,Fortune Sunflower Oil 1L,Groceries,26
2025-01-10,P011,Fortune Sunflower Oil 1L,Groceries,23
2025-01-11,P011,Fortune Sunflower Oil 1L,Groceries,64
2025-01-12,P011,Fortune Sunflower Oil 1L,Groceries,19
2025-01-13,P011,Fortune Sunflower Oil 1L,Groceries,19
2025-01-14,P011,Fortune Sunflower Oil 1L,Groceries,39
2025-01-15,P011,Fortune Sunflower Oil 1L,Groceries,27
2025-01-16,P011,Fortune Sunflower Oil 1L,Groceries,30
2025-01-17,P011,Fortune Sunflower Oil 1L,Groceries,25
2025-01-18,P011,Fortune Sunflower Oil 1L,Groceries,32
2025-01-19,P011,Fortune Sunflower Oil 1L,Groceries,19
2025-01-20,P011,Fortune Sunflower Oil 1L,Groceries,34
2025-01-21,P011,Fortune Sunflower Oil 1L,Groceries,38
2025-01-22,P011,Fortune Sunflower Oil 1L,Groceries,38
2025-01-23,P011,Fortune Sunflower Oil 1L,Groceries,33
2025-01-24,P011,Fortune Sunflower Oil 1L,Groceries,28
2025-01-25,P011,Fortune Sunflower Oil 1L,Groceries,15
2025-01-26,P011,Fortune Sunflower Oil 1L,Groceries,30
2025-01-27,P011,Fortune Sunflower Oil 1L,Groceries,32
2025-01-28,P011,Fortune Sunflower Oil 1L,Groceries,35
2025-01-29,P011,Fortune Sunflower Oil 1L,Groceries,32
2025-01-30,P011,Fortune Sunflower Oil 1L,Groceries,26
2025-01-31,P011,Fortune Sunflower Oil 1L,Groceries,35
2025-02-01,P011,Fortune Sunflower Oil 1L,Groceries,23
2025-02-02,P011,Fortune Sunflower Oil 1L,Groceries,19
2025-02-03,P011,Fortune Sunflower Oil 1L,Groceries,23
2025-02-04,P011,Fortune Sunflower Oil 1L,Groceries,36
2025-02-05,P011,Fortune Sunflower Oil 1L,Groceries,45
2025-02-06,P011,Fortune Sunflower Oil 1L,Groceries,39
2025-02-07,P011,Fortune Sunflower Oil 1L,Groceries,31
2025-02-08,P011,Fortune Sunflower Oil 1L,Groceries,23
2025-02-09,P011,Fortune Sunflower Oil 1L,Groceries,23
2025-02-10,P011,Fortune Sunflower Oil 1L,Groceries,35
2025-02-11,P011,Fortune Sunflower Oil 1L,Groceries,43
2025-02-12,P011,Fortune Sunflower Oil 1L,Groceries,33
2025-02-13,P011,Fortune Sunflower Oil 1L,Groceries,35
2025-02-14,P011,Fortune Sunflower Oil 1L,Groceries,27
2025-02-15,P011,Fortune Sunflower Oil 1L,Groceries,32
2025-02-16,P011,Fortune Sunflower Oil 1L,Groceries,34
2025-02-17,P011,Fortune Sunflower Oil 1L,Groceries,23
2025-02-18,P011,Fortune Sunflower Oil 1L,Groceries,39
2025-02-19,P011,Fortune Sunflower Oil 1L,Groceries,44
2025-02-20,P011,Fortune Sunflower Oil 1L,Groceries,25
2025-02-21,P011,Fortune Sunflower Oil 1L,Groceries,22
2025-02-22,P011,Fortune Sunflower Oil 1L,Groceries,30
2025-02-23,P011,Fortune Sunflower Oil 1L,Groceries,29
2025-02-24,P011,Fortune Sunflower Oil 1L,Groceries,29
2025-02-25,P011,Fortune Sunflower Oil 1L,Groceries,36
2025-02-26,P011,Fortune Sunflower Oil 1L,Groceries,28
2025-02-27,P011,Fortune Sunflower Oil 1L,Groceries,30
2025-02-28,P011,Fortune Sunflower Oil 1L,Groceries,83
2025-03-01,P011,Fortune Sunflower Oil 1L,Groceries,24
2025-03-02,P011,Fortune Sunflower Oil 1L,Groceries,24
2025-03-03,P011,Fortune Sunflower Oil 1L,Groceries,32
2025-03-04,P011,Fortune Sunflower Oil 1L,Groceries,51
2025-03-05,P011,Fortune Sunflower Oil 1L,Groceries,42
2025-03-06,P011,Fortune Sunflower Oil 1L,Groceries,27
2025-03-07,P011,Fortune Sunflower Oil 1L,Groceries,28
2025-03-08,P011,Fortune Sunflower Oil 1L,Groceries,34
2025-03-09,P011,Fortune Sunflower Oil 1L,Groceries,23
2025-03-10,P011,Fortune Sunflower Oil 1L,Groceries,34
2025-03-11,P011,Fortune Sunflower Oil 1L,Groceries,31
2025-03-12,P011,Fortune Sunflower Oil 1L,Groceries,41
2025-03-13,P011,Fortune Sunflower Oil 1L,Groceries,26
2025-03-14,P011,Fortune Sunflower Oil 1L,Groceries,29
2025-03-15,P011,Fortune Sunflower Oil 1L,Groceries,26
2025-03-16,P011,Fortune Sunflower Oil 1L,Groceries,32
2025-03-17,P011,Fortune Sunflower Oil 1L,Groceries,30
2025-03-18,P011,Fortune Sunflower Oil 1L,Groceries,48
2025-03-19,P011,Fortune Sunflower Oil 1L,Groceries,44
2025-03-20,P011,Fortune Sunflower Oil 1L,Groceries,21
2025-03-21,P011,Fortune Sunflower Oil 1L,Groceries,29
2025-03-22,P011,Fortune Sunflower Oil 1L,Groceries,32
2025-03-23,P011,Fortune Sunflower Oil 1L,Groceries,26
2025-03-24,P011,Fortune Sunflower Oil 1L,Groceries,37
2025-03-25,P011,Fortune Sunflower Oil 1L,Groceries,42
2025-03-26,P011,Fortune Sunflower Oil 1L,Groceries,36
2025-03-27,P011,Fortune Sunflower Oil 1L,Groceries,33
2025-03-28,P011,Fortune Sunflower Oil 1L,Groceries,16
2025-03-29,P011,Fortune Sunflower Oil 1L,Groceries,35
2025-03-30,P011,Fortune Sunflower Oil 1L,Groceries,33
2025-03-31,P011,Fortune Sunflower Oil 1L,Groceries,25
2025-04-01,P011,Fortune Sunflower Oil 1L,Groceries,38
2025-04-02,P011,Fortune Sunflower Oil 1L,Groceries,26
2025-04-03,P011,Fortune Sunflower Oil 1L,Groceries,24
2025-04-04,P011,Fortune Sunflower Oil 1L,Groceries,34
2025-04-05,P011,Fortune Sunflower Oil 1L,Groceries,28
2025-04-06,P011,Fortune Sunflower Oil 1L,Groceries,28
2025-04-07,P011,Fortune Sunflower Oil 1L,Groceries,31
2025-04-08,P011,Fortune Sunflower Oil 1L,Groceries,36
2025-04-09,P011,Fortune Sunflower Oil 1L,Groceries,42
2025-04-10,P011,Fortune Sunflower Oil 1L,Groceries,25
2025-04-11,P011,Fortune Sunflower Oil 1L,Groceries,30
2025-04-12,P011,Fortune Sunflower Oil 1L,Groceries,22
2025-04-13,P011,Fortune Sunflower Oil 1L,Groceries,32
2025-04-14,P011,Fortune Sunflower Oil 1L,Groceries,29
2025-04-15,P011,Fortune Sunflower Oil 1L,Groceries,37
2025-04-16,P011,Fortune Sunflower Oil 1L,Groceries,35
2025-04-17,P011,Fortune Sunflower Oil 1L,Groceries,27
2025-04-18,P011,Fortune Sunflower Oil 1L,Groceries,23
2025-04-19,P011,Fortune Sunflower Oil 1L,Groceries,30
2025-04-20,P011,Fortune Sunflower Oil 1L,Groceries,31
2025-04-21,P011,Fortune Sunflower Oil 1L,Groceries,24
2025-04-22,P011,Fortune Sunflower Oil 1L,Groceries,34
2025-04-23,P011,Fortune Sunflower Oil 1L,Groceries,37
2025-04-24,P011,Fortune Sunflower Oil 1L,Groceries,25
2025-04-25,P011,Fortune Sunflower Oil 1L,Groceries,27
2025-04-26,P011,Fortune Sunflower Oil 1L,Groceries,37
2025-04-27,P011,Fortune Sunflower Oil 1L,Groceries,23
2025-04-28,P011,Fortune Sunflower Oil 1L,Groceries,19
2025-04-29,P011,Fortune Sunflower Oil 1L,Groceries,34
2025-04-30,P011,Fortune Sunflower Oil 1L,Groceries,35
2025-05-01,P011,Fortune Sunflower Oil 1L,Groceries,26
2025-05-02,P011,Fortune Sunflower Oil 1L,Groceries,30
2025-05-03,P011,Fortune Sunflower Oil 1L,Groceries,23
2025-05-04,P011,Fortune Sunflower Oil 1L,Groceries,22
2025-05-05,P011,Fortune Sunflower Oil 1L,Groceries,28
2025-05-06,P011,Fortune Sunflower Oil 1L,Groceries,34
2025-05-07,P011,Fortune Sunflower Oil 1L,Groceries,48
2025-05-08,P011,Fortune Sunflower Oil 1L,Groceries,36
2025-05-09,P011,Fortune Sunflower Oil 1L,Groceries,20
2025-05-10,P011,Fortune Sunflower Oil 1L,Groceries,18
2025-05-11,P011,Fortune Sunflower Oil 1L,Groceries,28
2025-05-12,P011,Fortune Sunflower Oil 1L,Groceries,41
2025-05-13,P011,Fortune Sunflower Oil 1L,Groceries,41
2025-05-14,P011,Fortune Sunflower Oil 1L,Groceries,37
2025-05-15,P011,Fortune Sunflower Oil 1L,Groceries,26
2025-05-16,P011,Fortune Sunflower Oil 1L,Groceries,34
2025-05-17,P011,Fortune Sunflower Oil 1L,Groceries,29
2025-05-18,P011,Fortune Sunflower Oil 1L,Groceries,37
2025-05-19,P011,Fortune Sunflower Oil 1L,Groceries,23
2025-05-20,P011,Fortune Sunflower Oil 1L,Groceries,39
2025-05-21,P011,Fortune Sunflower Oil 1L,Groceries,34
2025-05-22,P011,Fortune Sunflower Oil 1L,Groceries,31
2025-05-23,P011,Fortune Sunflower Oil 1L,Groceries,30
2025-05-24,P011,Fortune Sunflower Oil 1L,Groceries,31
2025-05-25,P011,Fortune Sunflower Oil 1L,Groceries,34
2025-05-26,P011,Fortune Sunflower Oil 1L,Groceries,39
2025-05-27,P011,Fortune Sunflower Oil 1L,Groceries,47
2025-05-28,P011,Fortune Sunflower Oil 1L,Groceries,37
2025-05-29,P011,Fortune Sunflower Oil 1L,Groceries,26
2025-05-30,P011,Fortune Sunflower Oil 1L,Groceries,22
2025-05-31,P011,Fortune Sunflower Oil 1L,Groceries,31
2025-06-01,P011,Fortune Sunflower Oil 1L,Groceries,33
2025-06-02,P011,Fortune Sunflower Oil 1L,Groceries,24
2025-06-03,P011,Fortune Sunflower Oil 1L,Groceries,43
2025-06-04,P011,Fortune Sunflower Oil 1L,Groceries,37
2025-06-05,P011,Fortune Sunflower Oil 1L,Groceries,22
2025-06-06,P011,Fortune Sunflower Oil 1L,Groceries,24
2025-06-07,P011,Fortune Sunflower Oil 1L,Groceries,24
2025-06-08,P011,Fortune Sunflower Oil 1L,Groceries,24
2025-06-09,P011,Fortune Sunflower Oil 1L,Groceries,34
2025-06-10,P011,Fortune Sunflower Oil 1L,Groceries,42
2025-06-11,P011,Fortune Sunflower Oil 1L,Groceries,46
2025-06-12,P011,Fortune Sunflower Oil 1L,Groceries,25
2025-06-13,P011,Fortune Sunflower Oil 1L,Groceries,30
2025-06-14,P011,Fortune Sunflower Oil 1L,Groceries,25
2025-06-15,P011,Fortune Sunflower Oil 1L,Groceries,29
2025-06-16,P011,Fortune Sunflower Oil 1L,Groceries,24
2025-06-17,P011,Fortune Sunflower Oil 1L,Groceries,32
2025-06-18,P011,Fortune Sunflower Oil 1L,Groceries,42
2025-06-19,P011,Fortune Sunflower Oil 1L,Groceries,21
2025-06-20,P011,Fortune Sunflower Oil 1L,Groceries,32
2025-06-21,P011,Fortune Sunflower Oil 1L,Groceries,25
2025-06-22,P011,Fortune Sunflower Oil 1L,Groceries,60
2025-06-23,P011,Fortune Sunflower Oil 1L,Groceries,18
2025-06-24,P011,Fortune Sunflower Oil 1L,Groceries,45
2025-06-25,P011,Fortune Sunflower Oil 1L,Groceries,28
2025-06-26,P011,Fortune Sunflower Oil 1L,Groceries,28
2025-06-27,P011,Fortune Sunflower Oil 1L,Groceries,31
2025-06-28,P011,Fortune Sunflower Oil 1L,Groceries,22
2025-06-29,P011,Fortune Sunflower Oil 1L,Groceries,26
2025-06-30,P011,Fortune Sunflower Oil 1L,Groceries,34
2025-07-01,P011,Fortune Sunflower Oil 1L,Groceries,39
2025-07-02,P011,Fortune Sunflower Oil 1L,Groceries,35
2025-07-03,P011,Fortune Sunflower Oil 1L,Groceries,30
2025-07-04,P011,Fortune Sunflower Oil 1L,Groceries,28
2025-07-05,P011,Fortune Sunflower Oil 1L,Groceries,24
2025-07-06,P011,Fortune Sunflower Oil 1L,Groceries,35
2025-07-07,P011,Fortune Sunflower Oil 1L,Groceries,33
2025-07-08,P011,Fortune Sunflower Oil 1L,Groceries,28
2025-07-09,P011,Fortune Sunflower Oil 1L,Groceries,40
2025-07-10,P011,Fortune Sunflower Oil 1L,Groceries,26
2025-07-11,P011,Fortune Sunflower Oil 1L,Groceries,27
2025-07-12,P011,Fortune Sunflower Oil 1L,Groceries,29
2025-07-13,P011,Fortune Sunflower Oil 1L,Groceries,25
2025-07-14,P011,Fortune Sunflower Oil 1L,Groceries,41
2025-07-15,P011,Fortune Sunflower Oil 1L,Groceries,30
2025-07-16,P011,Fortune Sunflower Oil 1L,Groceries,38
2025-07-17,P011,Fortune Sunflower Oil 1L,Groceries,31
2025-07-18,P011,Fortune Sunflower Oil 1L,Groceries,29
2025-07-19,P011,Fortune Sunflower Oil 1L,Groceries,28
2025-07-20,P011,Fortune Sunflower Oil 1L,Groceries,27
2025-07-21,P011,Fortune Sunflower Oil 1L,Groceries,28
2025-07-22,P011,Fortune Sunflower Oil 1L,Groceries,33
2025-07-23,P011,Fortune Sunflower Oil 1L,Groceries,44
2025-07-24,P011,Fortune Sunflower Oil 1L,Groceries,27
2025-07-25,P011,Fortune Sunflower Oil 1L,Groceries,40
2025-07-26,P011,Fortune Sunflower Oil 1L,Groceries,32
2025-07-27,P011,Fortune Sunflower Oil 1L,Groceries,15
2025-07-28,P011,Fortune Sunflower Oil 1L,Groceries,37
2025-07-29,P011,Fortune Sunflower Oil 1L,Groceries,75
2025-07-30,P011,Fortune Sunflower Oil 1L,Groceries,31
2025-07-31,P011,Fortune Sunflower Oil 1L,Groceries,36
2025-08-01,P011,Fortune Sunflower Oil 1L,Groceries,27
2025-08-02,P011,Fortune Sunflower Oil 1L,Groceries,26
2025-08-03,P011,Fortune Sunflower Oil 1L,Groceries,31
2025-08-04,P011,Fortune Sunflower Oil 1L,Groceries,38
2025-08-05,P011,Fortune Sunflower Oil 1L,Groceries,38
2025-08-06,P011,Fortune Sunflower Oil 1L,Groceries,38
2025-08-07,P011,Fortune Sunflower Oil 1L,Groceries,25
2025-08-08,P011,Fortune Sunflower Oil 1L,Groceries,35
2025-08-09,P011,Fortune Sunflower Oil 1L,Groceries,30
2025-08-10,P011,Fortune Sunflower Oil 1L,Groceries,28
2025-08-11,P011,Fortune Sunflower Oil 1L,Groceries,30
2025-08-12,P011,Fortune Sunflower Oil 1L,Groceries,43
2025-08-13,P011,Fortune Sunflower Oil 1L,Groceries,37
2025-08-14,P011,Fortune Sunflower Oil 1L,Groceries,34
2025-08-15,P011,Fortune Sunflower Oil 1L,Groceries,27
2025-08-16,P011,Fortune Sunflower Oil 1L,Groceries,33
2025-08-17,P011,Fortune Sunflower Oil 1L,Groceries,30
2025-08-18,P011,Fortune Sunflower Oil 1L,Groceries,27
2025-08-19,P011,Fortune Sunflower Oil 1L,Groceries,38
2025-08-20,P011,Fortune Sunflower Oil 1L,Groceries,27
2025-08-21,P011,Fortune Sunflower Oil 1L,Groceries,25
2025-08-22,P011,Fortune Sunflower Oil 1L,Groceries,21
2025-08-23,P011,Fortune Sunflower Oil 1L,Groceries,40
2025-08-24,P011,Fortune Sunflower Oil 1L,Groceries,21
2025-08-25,P011,Fortune Sunflower Oil 1L,Groceries,46
2025-08-26,P011,Fortune Sunflower Oil 1L,Groceries,41
2025-08-27,P011,Fortune Sunflower Oil 1L,Groceries,35
2025-08-28,P011,Fortune Sunflower Oil 1L,Groceries,33
2025-08-29,P011,Fortune Sunflower Oil 1L,Groceries,26
2025-08-30,P011,Fortune Sunflower Oil 1L,Groceries,22
2025-08-31,P011,Fortune Sunflower Oil 1L,Groceries,30
2025-09-01,P011,Fortune Sunflower Oil 1L,Groceries,36
2025-09-02,P011,Fortune Sunflower Oil 1L,Groceries,45
2025-09-03,P011,Fortune Sunflower Oil 1L,Groceries,41
2025-09-04,P011,Fortune Sunflower Oil 1L,Groceries,26
2025-09-05,P011,Fortune Sunflower Oil 1L,Groceries,36
2025-09-06,P011,Fortune Sunflower Oil 1L,Groceries,35
2025-09-07,P011,Fortune Sunflower Oil 1L,Groceries,31
2025-09-08,P011,Fortune Sunflower Oil 1L,Groceries,39
2025-09-09,P011,Fortune Sunflower Oil 1L,Groceries,50
2025-09-10,P011,Fortune Sunflower Oil 1L,Groceries,35
2025-09-11,P011,Fortune Sunflower Oil 1L,Groceries,25
2025-09-12,P011,Fortune Sunflower Oil 1L,Groceries,26
2025-09-13,P011,Fortune Sunflower Oil 1L,Groceries,22
2025-09-14,P011,Fortune Sunflower Oil 1L,Groceries,32
2025-09-15,P011,Fortune Sunflower Oil 1L,Groceries,24
2025-09-16,P011,Fortune Sunflower Oil 1L,Groceries,45
2025-09-17,P011,Fortune Sunflower Oil 1L,Groceries,35
2025-09-18,P011,Fortune Sunflower Oil 1L,Groceries,36
2025-09-19,P011,Fortune Sunflower Oil 1L,Groceries,47
2025-09-20,P011,Fortune Sunflower Oil 1L,Groceries,27
2025-09-21,P011,Fortune Sunflower Oil 1L,Groceries,23
2025-09-22,P011,Fortune Sunflower Oil 1L,Groceries,39
2025-09-23,P011,Fortune Sunflower Oil 1L,Groceries,47
2025-09-24,P011,Fortune Sunflower Oil 1L,Groceries,26
2025-09-25,P011,Fortune Sunflower Oil 1L,Groceries,34
2025-09-26,P011,Fortune Sunflower Oil 1L,Groceries,35
2025-09-27,P011,Fortune Sunflower Oil 1L,Groceries,31
2025-09-28,P011,Fortune Sunflower Oil 1L,Groceries,32
2025-09-29,P011,Fortune Sunflower Oil 1L,Groceries,35
2025-09-30,P011,Fortune Sunflower Oil 1L,Groceries,43
2025-10-01,P011,Fortune Sunflower Oil 1L,Groceries,33
2025-10-02,P011,Fortune Sunflower Oil 1L,Groceries,36
2025-10-03,P011,Fortune Sunflower Oil 1L,Groceries,31
2025-10-04,P011,Fortune Sunflower Oil 1L,Groceries,30
2025-10-05,P011,Fortune Sunflower Oil 1L,Groceries,32
2025-10-06,P011,Fortune Sunflower Oil 1L,Groceries,26
2025-10-07,P011,Fortune Sunflower Oil 1L,Groceries,30
2025-10-08,P011,Fortune Sunflower Oil 1L,Groceries,38
2025-10-09,P011,Fortune Sunflower Oil 1L,Groceries,38
2025-10-10,P011,Fortune Sunflower Oil 1L,Groceries,23
2025-10-11,P011,Fortune Sunflower Oil 1L,Groceries,30
2025-10-12,P011,Fortune Sunflower Oil 1L,Groceries,26
2025-10-13,P011,Fortune Sunflower Oil 1L,Groceries,28
2025-10-14,P011,Fortune Sunflower Oil 1L,Groceries,41
2025-10-15,P011,Fortune Sunflower Oil 1L,Groceries,42
2025-10-16,P011,Fortune Sunflower Oil 1L,Groceries,25
2025-10-17,P011,Fortune Sunflower Oil 1L,Groceries,37
2025-10-18,P011,Fortune Sunflower Oil 1L,Groceries,32
2025-10-19,P011,Fortune Sunflower Oil 1L,Groceries,28
2025-10-20,P011,Fortune Sunflower Oil 1L,Groceries,34
2025-10-21,P011,Fortune Sunflower Oil 1L,Groceries,49
2025-10-22,P011,Fortune Sunflower Oil 1L,Groceries,43
2025-10-23,P011,Fortune Sunflower Oil 1L,Groceries,26
2025-10-24,P011,Fortune Sunflower Oil 1L,Groceries,29
2025-10-25,P011,Fortune Sunflower Oil 1L,Groceries,30
2025-10-26,P011,Fortune Sunflower Oil 1L,Groceries,33
2025-10-27,P011,Fortune Sunflower Oil 1L,Groceries,34
2025-10-28,P011,Fortune Sunflower Oil 1L,Groceries,49
2025-10-29,P011,Fortune Sunflower Oil 1L,Groceries,37
2025-10-30,P011,Fortune Sunflower Oil 1L,Groceries,21
2025-10-31,P011,Fortune Sunflower Oil 1L,Groceries,31
2025-11-01,P011,Fortune Sunflower Oil 1L,Groceries,27
2025-11-02,P011,Fortune Sunflower Oil 1L,Groceries,22
2025-11-03,P011,Fortune Sunflower Oil 1L,Groceries,29
2025-11-04,P011,Fortune Sunflower Oil 1L,Groceries,37
2025-11-05,P011,Fortune Sunflower Oil 1L,Groceries,45
2025-11-06,P011,Fortune Sunflower Oil 1L,Groceries,22
2025-11-07,P011,Fortune Sunflower Oil 1L,Groceries,32
2025-11-08,P011,Fortune Sunflower Oil 1L,Groceries,41
2025-11-09,P011,Fortune Sunflower Oil 1L,Groceries,29
2025-11-10,P011,Fortune Sunflower Oil 1L,Groceries,32
2025-11-11,P011,Fortune Sunflower Oil 1L,Groceries,43
2025-11-12,P011,Fortune Sunflower Oil 1L,Groceries,42
2025-11-13,P011,Fortune Sunflower Oil 1L,Groceries,37
2025-11-14,P011,Fortune Sunflower Oil 1L,Groceries,29
2025-11-15,P011,Fortune Sunflower Oil 1L,Groceries,33
2025-11-16,P011,Fortune Sunflower Oil 1L,Groceries,33
2025-11-17,P011,Fortune Sunflower Oil 1L,Groceries,31
2025-11-18,P011,Fortune Sunflower Oil 1L,Groceries,38
2025-11-19,P011,Fortune Sunflower Oil 1L,Groceries,39
2025-11-20,P011,Fortune Sunflower Oil 1L,Groceries,23
2025-11-21,P011,Fortune Sunflower Oil 1L,Groceries,28
2025-11-22,P011,Fortune Sunflower Oil 1L,Groceries,38
2025-11-23,P011,Fortune Sunflower Oil 1L,Groceries,35
2025-11-24,P011,Fortune Sunflower Oil 1L,Groceries,30
2025-11-25,P011,Fortune Sunflower Oil 1L,Groceries,39
2025-11-26,P011,Fortune Sunflower Oil 1L,Groceries,44
2025-11-27,P011,Fortune Sunflower Oil 1L,Groceries,32
2025-11-28,P011,Fortune Sunflower Oil 1L,Groceries,34
2025-11-29,P011,Fortune Sunflower Oil 1L,Groceries,33
2025-11-30,P011,Fortune Sunflower Oil 1L,Groceries,31
2025-12-01,P011,Fortune Sunflower Oil 1L,Groceries,32
2025-12-02,P011,Fortune Sunflower Oil 1L,Groceries,33
2025-12-03,P011,Fortune Sunflower Oil 1L,Groceries,43
2025-12-04,P011,Fortune Sunflower Oil 1L,Groceries,29
2025-12-05,P011,Fortune Sunflower Oil 1L,Groceries,21
2025-12-06,P011,Fortune Sunflower Oil 1L,Groceries,27
2025-12-07,P011,Fortune Sunflower Oil 1L,Groceries,34
2025-12-08,P011,Fortune Sunflower Oil 1L,Groceries,23
2025-12-09,P011,Fortune Sunflower Oil 1L,Groceries,34
2025-12-10,P011,Fortune Sunflower Oil 1L,Groceries,40
2025-12-11,P011,Fortune Sunflower Oil 1L,Groceries,37
2025-12-12,P011,Fortune Sunflower Oil 1L,Groceries,35
2025-12-13,P011,Fortune Sunflower Oil 1L,Groceries,38
2025-12-14,P011,Fortune Sunflower Oil 1L,Groceries,31
2025-12-15,P011,Fortune Sunflower Oil 1L,Groceries,32
2025-12-16,P011,Fortune Sunflower Oil 1L,Groceries,44
2025-12-17,P011,Fortune Sunflower Oil 1L,Groceries,34
2025-12-18,P011,Fortune Sunflower Oil 1L,Groceries,25
2025-12-19,P011,Fortune Sunflower Oil 1L,Groceries,24
2025-12-20,P011,Fortune Sunflower Oil 1L,Groceries,36
2025-12-21,P011,Fortune Sunflower Oil 1L,Groceries,68
2025-12-22,P011,Fortune Sunflower Oil 1L,Groceries,38
2025-12-23,P011,Fortune Sunflower Oil 1L,Groceries,40
2025-12-24,P011,Fortune Sunflower Oil 1L,Groceries,45
2025-12-25,P011,Fortune Sunflower Oil 1L,Groceries,24
2025-12-26,P011,Fortune Sunflower Oil 1L,Groceries,27
2025-12-27,P011,Fortune Sunflower Oil 1L,Groceries,32
2025-12-28,P011,Fortune Sunflower Oil 1L,Groceries,28
2025-12-29,P011,Fortune Sunflower Oil 1L,Groceries,20
2025-12-30,P011,Fortune Sunflower Oil 1L,Groceries,32
2025-12-31,P011,Fortune Sunflower Oil 1L,Groceries,33
2026-01-01,P011,Fortune Sunflower Oil 1L,Groceries,25
2026-01-02,P011,Fortune Sunflower Oil 1L,Groceries,34
2026-01-03,P011,Fortune Sunflower Oil 1L,Groceries,70
2026-01-04,P011,Fortune Sunflower Oil 1L,Groceries,31
2026-01-05,P011,Fortune Sunflower Oil 1L,Groceries,79
2026-01-06,P011,Fortune Sunflower Oil 1L,Groceries,45
2026-01-07,P011,Fortune Sunflower Oil 1L,Groceries,43
2026-01-08,P011,Fortune Sunflower Oil 1L,Groceries,22
2026-01-09,P011,Fortune Sunflower Oil 1L,Groceries,30
2026-01-10,P011,Fortune Sunflower Oil 1L,Groceries,32
2026-01-11,P011,Fortune Sunflower Oil 1L,Groceries,28
2026-01-12,P011,Fortune Sunflower Oil 1L,Groceries,42
2026-01-13,P011,Fortune Sunflower Oil 1L,Groceries,40
2026-01-14,P011,Fortune Sunflower Oil 1L,Groceries,33
2026-01-15,P011,Fortune Sunflower Oil 1L,Groceries,25
2026-01-16,P011,Fortune Sunflower Oil 1L,Groceries,73
2026-01-17,P011,Fortune Sunflower Oil 1L,Groceries,28
2026-01-18,P011,Fortune Sunflower Oil 1L,Groceries,19
2026-01-19,P011,Fortune Sunflower Oil 1L,Groceries,30
2026-01-20,P011,Fortune Sunflower Oil 1L,Groceries,30
2026-01-21,P011,Fortune Sunflower Oil 1L,Groceries,44
2026-01-22,P011,Fortune Sunflower Oil 1L,Groceries,20
2026-01-23,P011,Fortune Sunflower Oil 1L,Groceries,23
2026-01-24,P011,Fortune Sunflower Oil 1L,Groceries,30
2026-01-25,P011,Fortune Sunflower Oil 1L,Groceries,36
2026-01-26,P011,Fortune Sunflower Oil 1L,Groceries,33
2026-01-27,P011,Fortune Sunflower Oil 1L,Groceries,33
2026-01-28,P011,Fortune Sunflower Oil 1L,Groceries,40
2026-01-29,P011,Fortune Sunflower Oil 1L,Groceries,28
2026-01-30,P011,Fortune Sunflower Oil 1L,Groceries,36
2026-01-31,P011,Fortune Sunflower Oil 1L,Groceries,35
2026-02-01,P011,Fortune Sunflower Oil 1L,Groceries,28
2026-02-02,P011,Fortune Sunflower Oil 1L,Groceries,37
2026-02-03,P011,Fortune Sunflower Oil 1L,Groceries,41
2026-02-04,P011,Fortune Sunflower Oil 1L,Groceries,47
2026-02-05,P011,Fortune Sunflower Oil 1L,Groceries,34
2026-02-06,P011,Fortune Sunflower Oil 1L,Groceries,33
2026-02-07,P011,Fortune Sunflower Oil 1L,Groceries,37
2026-02-08,P011,Fortune Sunflower Oil 1L,Groceries,30
2026-02-09,P011,Fortune Sunflower Oil 1L,Groceries,29
2026-02-10,P011,Fortune Sunflower Oil 1L,Groceries,41
2026-02-11,P011,Fortune Sunflower Oil 1L,Groceries,38
2026-02-12,P011,Fortune Sunflower Oil 1L,Groceries,34
2026-02-13,P011,Fortune Sunflower Oil 1L,Groceries,31
2026-02-14,P011,Fortune Sunflower Oil 1L,Groceries,32
2026-02-15,P011,Fortune Sunflower Oil 1L,Groceries,24
2026-02-16,P011,Fortune Sunflower Oil 1L,Groceries,36
2026-02-17,P011,Fortune Sunflower Oil 1L,Groceries,33
2026-02-18,P011,Fortune Sunflower Oil 1L,Groceries,45
2026-02-19,P011,Fortune Sunflower Oil 1L,Groceries,35
2026-02-20,P011,Fortune Sunflower Oil 1L,Groceries,32
2026-02-21,P011,Fortune Sunflower Oil 1L,Groceries,32
2026-02-22,P011,Fortune Sunflower Oil 1L,Groceries,29
2026-02-23,P011,Fortune Sunflower Oil 1L,Groceries,30
2026-02-24,P011,Fortune Sunflower Oil 1L,Groceries,40
2026-02-25,P011,Fortune Sunflower Oil 1L,Groceries,50
2026-02-26,P011,Fortune Sunflower Oil 1L,Groceries,32
2026-02-27,P011,Fortune Sunflower Oil 1L,Groceries,23
2026-02-28,P011,Fortune Sunflower Oil 1L,Groceries,22
2026-03-01,P011,Fortune Sunflower Oil 1L,Groceries,23
2026-03-02,P011,Fortune Sunflower Oil 1L,Groceries,32
2026-03-03,P011,Fortune Sunflower Oil 1L,Groceries,46
2026-03-04,P011,Fortune Sunflower Oil 1L,Groceries,35
2026-03-05,P011,Fortune Sunflower Oil 1L,Groceries,38
2026-03-06,P011,Fortune Sunflower Oil 1L,Groceries,31
2026-03-07,P011,Fortune Sunflower Oil 1L,Groceries,33
2026-03-08,P011,Fortune Sunflower Oil 1L,Groceries,33
2026-03-09,P011,Fortune Sunflower Oil 1L,Groceries,37
2026-03-10,P011,Fortune Sunflower Oil 1L,Groceries,72
2026-03-11,P011,Fortune Sunflower Oil 1L,Groceries,28
2026-03-12,P011,Fortune Sunflower Oil 1L,Groceries,28
2026-03-13,P011,Fortune Sunflower Oil 1L,Groceries,26
2026-03-14,P011,Fortune Sunflower Oil 1L,Groceries,32
2026-03-15,P011,Fortune Sunflower Oil 1L,Groceries,32
2026-03-16,P011,Fortune Sunflower Oil 1L,Groceries,32
2026-03-17,P011,Fortune Sunflower Oil 1L,Groceries,49
2026-03-18,P011,Fortune Sunflower Oil 1L,Groceries,37
2026-03-19,P011,Fortune Sunflower Oil 1L,Groceries,19
2026-03-20,P011,Fortune Sunflower Oil 1L,Groceries,31
2026-03-21,P011,Fortune Sunflower Oil 1L,Groceries,37
2026-03-22,P011,Fortune Sunflower Oil 1L,Groceries,32
2026-03-23,P011,Fortune Sunflower Oil 1L,Groceries,32
2026-03-24,P011,Fortune Sunflower Oil 1L,Groceries,41
2026-03-25,P011,Fortune Sunflower Oil 1L,Groceries,50
2026-03-26,P011,Fortune Sunflower Oil 1L,Groceries,26
2026-03-27,P011,Fortune Sunflower Oil 1L,Groceries,31
2026-03-28,P011,Fortune Sunflower Oil 1L,Groceries,34
2024-03-28,P012,Lays Classic Salted 50g,Snacks,6
2024-03-29,P012,Lays Classic Salted 50g,Snacks,5
2024-03-30,P012,Lays Classic Salted 50g,Snacks,6
2024-03-31,P012,Lays Classic Salted 50g,Snacks,8
2024-04-01,P012,Lays Classic Salted 50g,Snacks,7
2024-04-02,P012,Lays Classic Salted 50g,Snacks,8
2024-04-03,P012,Lays Classic Salted 50g,Snacks,7
2024-04-04,P012,Lays Classic Salted 50g,Snacks,4
2024-04-05,P012,Lays Classic Salted 50g,Snacks,5
2024-04-06,P012,Lays Classic Salted 50g,Snacks,5
2024-04-07,P012,Lays Classic Salted 50g,Snacks,4
2024-04-08,P012,Lays Classic Salted 50g,Snacks,7
2024-04-09,P012,Lays Classic Salted 50g,Snacks,9
2024-04-10,P012,Lays Classic Salted 50g,Snacks,7
2024-04-11,P012,Lays Classic Salted 50g,Snacks,7
2024-04-12,P012,Lays Classic Salted 50g,Snacks,7
2024-04-13,P012,Lays Classic Salted 50g,Snacks,4
2024-04-14,P012,Lays Classic Salted 50g,Snacks,3
2024-04-15,P012,Lays Classic Salted 50g,Snacks,6
2024-04-16,P012,Lays Classic Salted 50g,Snacks,7
2024-04-17,P012,Lays Classic Salted 50g,Snacks,6
2024-04-18,P012,Lays Classic Salted 50g,Snacks,7
2024-04-19,P012,Lays Classic Salted 50g,Snacks,8
2024-04-20,P012,Lays Classic Salted 50g,Snacks,6
2024-04-21,P012,Lays Classic Salted 50g,Snacks,4
2024-04-22,P012,Lays Classic Salted 50g,Snacks,7
2024-04-23,P012,Lays Classic Salted 50g,Snacks,6
2024-04-24,P012,Lays Classic Salted 50g,Snacks,9
2024-04-25,P012,Lays Classic Salted 50g,Snacks,5
2024-04-26,P012,Lays Classic Salted 50g,Snacks,6
2024-04-27,P012,Lays Classic Salted 50g,Snacks,7
2024-04-28,P012,Lays Classic Salted 50g,Snacks,6
2024-04-29,P012,Lays Classic Salted 50g,Snacks,8
2024-04-30,P012,Lays Classic Salted 50g,Snacks,8
2024-05-01,P012,Lays Classic Salted 50g,Snacks,7
2024-05-02,P012,Lays Classic Salted 50g,Snacks,3
2024-05-03,P012,Lays Classic Salted 50g,Snacks,3
2024-05-04,P012,Lays Classic Salted 50g,Snacks,6
2024-05-05,P012,Lays Classic Salted 50g,Snacks,5
2024-05-06,P012,Lays Classic Salted 50g,Snacks,5
2024-05-07,P012,Lays Classic Salted 50g,Snacks,6
2024-05-08,P012,Lays Classic Salted 50g,Snacks,8
2024-05-09,P012,Lays Classic Salted 50g,Snacks,4
2024-05-10,P012,Lays Classic Salted 50g,Snacks,8
2024-05-11,P012,Lays Classic Salted 50g,Snacks,8
2024-05-12,P012,Lays Classic Salted 50g,Snacks,4
2024-05-13,P012,Lays Classic Salted 50g,Snacks,7
2024-05-14,P012,Lays Classic Salted 50g,Snacks,8
2024-05-15,P012,Lays Classic Salted 50g,Snacks,6
2024-05-16,P012,Lays Classic Salted 50g,Snacks,4
2024-05-17,P012,Lays Classic Salted 50g,Snacks,5
2024-05-18,P012,Lays Classic Salted 50g,Snacks,4
2024-05-19,P012,Lays Classic Salted 50g,Snacks,7
2024-05-20,P012,Lays Classic Salted 50g,Snacks,6
2024-05-21,P012,Lays Classic Salted 50g,Snacks,6
2024-05-22,P012,Lays Classic Salted 50g,Snacks,7
2024-05-23,P012,Lays Classic Salted 50g,Snacks,6
2024-05-24,P012,Lays Classic Salted 50g,Snacks,5
2024-05-25,P012,Lays Classic Salted 50g,Snacks,3
2024-05-26,P012,Lays Classic Salted 50g,Snacks,6
2024-05-27,P012,Lays Classic Salted 50g,Snacks,5
2024-05-28,P012,Lays Classic Salted 50g,Snacks,6
2024-05-29,P012,Lays Classic Salted 50g,Snacks,8
2024-05-30,P012,Lays Classic Salted 50g,Snacks,5
2024-05-31,P012,Lays Classic Salted 50g,Snacks,5
2024-06-01,P012,Lays Classic Salted 50g,Snacks,7
2024-06-02,P012,Lays Classic Salted 50g,Snacks,5
2024-06-03,P012,Lays Classic Salted 50g,Snacks,9
2024-06-04,P012,Lays Classic Salted 50g,Snacks,8
2024-06-05,P012,Lays Classic Salted 50g,Snacks,6
2024-06-06,P012,Lays Classic Salted 50g,Snacks,5
2024-06-07,P012,Lays Classic Salted 50g,Snacks,4
2024-06-08,P012,Lays Classic Salted 50g,Snacks,6
2024-06-09,P012,Lays Classic Salted 50g,Snacks,7
2024-06-10,P012,Lays Classic Salted 50g,Snacks,6
2024-06-11,P012,Lays Classic Salted 50g,Snacks,5
2024-06-12,P012,Lays Classic Salted 50g,Snacks,8
2024-06-13,P012,Lays Classic Salted 50g,Snacks,5
2024-06-14,P012,Lays Classic Salted 50g,Snacks,5
2024-06-15,P012,Lays Classic Salted 50g,Snacks,6
2024-06-16,P012,Lays Classic Salted 50g,Snacks,7
2024-06-17,P012,Lays Classic Salted 50g,Snacks,7
2024-06-18,P012,Lays Classic Salted 50g,Snacks,8
2024-06-19,P012,Lays Classic Salted 50g,Snacks,7
2024-06-20,P012,Lays Classic Salted 50g,Snacks,4
2024-06-21,P012,Lays Classic Salted 50g,Snacks,6
2024-06-22,P012,Lays Classic Salted 50g,Snacks,7
2024-06-23,P012,Lays Classic Salted 50g,Snacks,5
2024-06-24,P012,Lays Classic Salted 50g,Snacks,6
2024-06-25,P012,Lays Classic Salted 50g,Snacks,9
2024-06-26,P012,Lays Classic Salted 50g,Snacks,7
2024-06-27,P012,Lays Classic Salted 50g,Snacks,5
2024-06-28,P012,Lays Classic Salted 50g,Snacks,6
2024-06-29,P012,Lays Classic Salted 50g,Snacks,6
2024-06-30,P012,Lays Classic Salted 50g,Snacks,6
2024-07-01,P012,Lays Classic Salted 50g,Snacks,7
2024-07-02,P012,Lays Classic Salted 50g,Snacks,9
2024-07-03,P012,Lays Classic Salted 50g,Snacks,7
2024-07-04,P012,Lays Classic Salted 50g,Snacks,5
2024-07-05,P012,Lays Classic Salted 50g,Snacks,7
2024-07-06,P012,Lays Classic Salted 50g,Snacks,6
2024-07-07,P012,Lays Classic Salted 50g,Snacks,5
2024-07-08,P012,Lays Classic Salted 50g,Snacks,6
2024-07-09,P012,Lays Classic Salted 50g,Snacks,6
2024-07-10,P012,Lays Classic Salted 50g,Snacks,8
2024-07-11,P012,Lays Classic Salted 50g,Snacks,4
2024-07-12,P012,Lays Classic Salted 50g,Snacks,6
2024-07-13,P012,Lays Classic Salted 50g,Snacks,5
2024-07-14,P012,Lays Classic Salted 50g,Snacks,4
2024-07-15,P012,Lays Classic Salted 50g,Snacks,8
2024-07-16,P012,Lays Classic Salted 50g,Snacks,10
2024-07-17,P012,Lays Classic Salted 50g,Snacks,8
2024-07-18,P012,Lays Classic Salted 50g,Snacks,5
2024-07-19,P012,Lays Classic Salted 50g,Snacks,5
2024-07-20,P012,Lays Classic Salted 50g,Snacks,6
2024-07-21,P012,Lays Classic Salted 50g,Snacks,6
2024-07-22,P012,Lays Classic Salted 50g,Snacks,6
2024-07-23,P012,Lays Classic Salted 50g,Snacks,9
2024-07-24,P012,Lays Classic Salted 50g,Snacks,9
2024-07-25,P012,Lays Classic Salted 50g,Snacks,4
2024-07-26,P012,Lays Classic Salted 50g,Snacks,6
2024-07-27,P012,Lays Classic Salted 50g,Snacks,3
2024-07-28,P012,Lays Classic Salted 50g,Snacks,5
2024-07-29,P012,Lays Classic Salted 50g,Snacks,7
2024-07-30,P012,Lays Classic Salted 50g,Snacks,8
2024-07-31,P012,Lays Classic Salted 50g,Snacks,6
2024-08-01,P012,Lays Classic Salted 50g,Snacks,7
2024-08-02,P012,Lays Classic Salted 50g,Snacks,5
2024-08-03,P012,Lays Classic Salted 50g,Snacks,7
2024-08-04,P012,Lays Classic Salted 50g,Snacks,6
2024-08-05,P012,Lays Classic Salted 50g,Snacks,5
2024-08-06,P012,Lays Classic Salted 50g,Snacks,9
2024-08-07,P012,Lays Classic Salted 50g,Snacks,8
2024-08-08,P012,Lays Classic Salted 50g,Snacks,6
2024-08-09,P012,Lays Classic Salted 50g,Snacks,5
2024-08-10,P012,Lays Classic Salted 50g,Snacks,4
2024-08-11,P012,Lays Classic Salted 50g,Snacks,5
2024-08-12,P012,Lays Classic Salted 50g,Snacks,6
2024-08-13,P012,Lays Classic Salted 50g,Snacks,9
2024-08-14,P012,Lays Classic Salted 50g,Snacks,6
2024-08-15,P012,Lays Classic Salted 50g,Snacks,7
2024-08-16,P012,Lays Classic Salted 50g,Snacks,8
2024-08-17,P012,Lays Classic Salted 50g,Snacks,5
2024-08-18,P012,Lays Classic Salted 50g,Snacks,7
2024-08-19,P012,Lays Classic Salted 50g,Snacks,5
2024-08-20,P012,Lays Classic Salted 50g,Snacks,9
2024-08-21,P012,Lays Classic Salted 50g,Snacks,7
2024-08-22,P012,Lays Classic Salted 50g,Snacks,7
2024-08-23,P012,Lays Classic Salted 50g,Snacks,4
2024-08-24,P012,Lays Classic Salted 50g,Snacks,7
2024-08-25,P012,Lays Classic Salted 50g,Snacks,7
2024-08-26,P012,Lays Classic Salted 50g,Snacks,5
2024-08-27,P012,Lays Classic Salted 50g,Snacks,10
2024-08-28,P012,Lays Classic Salted 50g,Snacks,9
2024-08-29,P012,Lays Classic Salted 50g,Snacks,3
2024-08-30,P012,Lays Classic Salted 50g,Snacks,5
2024-08-31,P012,Lays Classic Salted 50g,Snacks,7
2024-09-01,P012,Lays Classic Salted 50g,Snacks,7
2024-09-02,P012,Lays Classic Salted 50g,Snacks,7
2024-09-03,P012,Lays Classic Salted 50g,Snacks,9
2024-09-04,P012,Lays Classic Salted 50g,Snacks,7
2024-09-05,P012,Lays Classic Salted 50g,Snacks,6
2024-09-06,P012,Lays Classic Salted 50g,Snacks,5
2024-09-07,P012,Lays Classic Salted 50g,Snacks,6
2024-09-08,P012,Lays Classic Salted 50g,Snacks,7
2024-09-09,P012,Lays Classic Salted 50g,Snacks,7
2024-09-10,P012,Lays Classic Salted 50g,Snacks,8
2024-09-11,P012,Lays Classic Salted 50g,Snacks,9
2024-09-12,P012,Lays Classic Salted 50g,Snacks,7
2024-09-13,P012,Lays Classic Salted 50g,Snacks,8
2024-09-14,P012,Lays Classic Salted 50g,Snacks,7
2024-09-15,P012,Lays Classic Salted 50g,Snacks,7
2024-09-16,P012,Lays Classic Salted 50g,Snacks,8
2024-09-17,P012,Lays Classic Salted 50g,Snacks,8
2024-09-18,P012,Lays Classic Salted 50g,Snacks,7
2024-09-19,P012,Lays Classic Salted 50g,Snacks,7
2024-09-20,P012,Lays Classic Salted 50g,Snacks,7
2024-09-21,P012,Lays Classic Salted 50g,Snacks,6
2024-09-22,P012,Lays Classic Salted 50g,Snacks,6
2024-09-23,P012,Lays Classic Salted 50g,Snacks,6
2024-09-24,P012,Lays Classic Salted 50g,Snacks,7
2024-09-25,P012,Lays Classic Salted 50g,Snacks,9
2024-09-26,P012,Lays Classic Salted 50g,Snacks,7
2024-09-27,P012,Lays Classic Salted 50g,Snacks,7
2024-09-28,P012,Lays Classic Salted 50g,Snacks,5
2024-09-29,P012,Lays Classic Salted 50g,Snacks,5
2024-09-30,P012,Lays Classic Salted 50g,Snacks,6
2024-10-01,P012,Lays Classic Salted 50g,Snacks,7
2024-10-02,P012,Lays Classic Salted 50g,Snacks,10
2024-10-03,P012,Lays Classic Salted 50g,Snacks,6
2024-10-04,P012,Lays Classic Salted 50g,Snacks,6
2024-10-05,P012,Lays Classic Salted 50g,Snacks,5
2024-10-06,P012,Lays Classic Salted 50g,Snacks,7
2024-10-07,P012,Lays Classic Salted 50g,Snacks,9
2024-10-08,P012,Lays Classic Salted 50g,Snacks,8
2024-10-09,P012,Lays Classic Salted 50g,Snacks,7
2024-10-10,P012,Lays Classic Salted 50g,Snacks,6
2024-10-11,P012,Lays Classic Salted 50g,Snacks,5
2024-10-12,P012,Lays Classic Salted 50g,Snacks,6
2024-10-13,P012,Lays Classic Salted 50g,Snacks,5
2024-10-14,P012,Lays Classic Salted 50g,Snacks,5
2024-10-15,P012,Lays Classic Salted 50g,Snacks,8
2024-10-16,P012,Lays Classic Salted 50g,Snacks,8
2024-10-17,P012,Lays Classic Salted 50g,Snacks,6
2024-10-18,P012,Lays Classic Salted 50g,Snacks,8
2024-10-19,P012,Lays Classic Salted 50g,Snacks,6
2024-10-20,P012,Lays Classic Salted 50g,Snacks,7
2024-10-21,P012,Lays Classic Salted 50g,Snacks,7
2024-10-22,P012,Lays Classic Salted 50g,Snacks,8
2024-10-23,P012,Lays Classic Salted 50g,Snacks,8
2024-10-24,P012,Lays Classic Salted 50g,Snacks,5
2024-10-25,P012,Lays Classic Salted 50g,Snacks,7
2024-10-26,P012,Lays Classic Salted 50g,Snacks,5
2024-10-27,P012,Lays Classic Salted 50g,Snacks,5
2024-10-28,P012,Lays Classic Salted 50g,Snacks,8
2024-10-29,P012,Lays Classic Salted 50g,Snacks,6
2024-10-30,P012,Lays Classic Salted 50g,Snacks,10
2024-10-31,P012,Lays Classic Salted 50g,Snacks,8
2024-11-01,P012,Lays Classic Salted 50g,Snacks,6
2024-11-02,P012,Lays Classic Salted 50g,Snacks,8
2024-11-03,P012,Lays Classic Salted 50g,Snacks,5
2024-11-04,P012,Lays Classic Salted 50g,Snacks,8
2024-11-05,P012,Lays Classic Salted 50g,Snacks,8
2024-11-06,P012,Lays Classic Salted 50g,Snacks,6
2024-11-07,P012,Lays Classic Salted 50g,Snacks,5
2024-11-08,P012,Lays Classic Salted 50g,Snacks,6
2024-11-09,P012,Lays Classic Salted 50g,Snacks,7
2024-11-10,P012,Lays Classic Salted 50g,Snacks,5
2024-11-11,P012,Lays Classic Salted 50g,Snacks,6
2024-11-12,P012,Lays Classic Salted 50g,Snacks,8
2024-11-13,P012,Lays Classic Salted 50g,Snacks,8
2024-11-14,P012,Lays Classic Salted 50g,Snacks,6
2024-11-15,P012,Lays Classic Salted 50g,Snacks,6
2024-11-16,P012,Lays Classic Salted 50g,Snacks,7
2024-11-17,P012,Lays Classic Salted 50g,Snacks,6
2024-11-18,P012,Lays Classic Salted 50g,Snacks,42
2024-11-19,P012,Lays Classic Salted 50g,Snacks,7
2024-11-20,P012,Lays Classic Salted 50g,Snacks,8
2024-11-21,P012,Lays Classic Salted 50g,Snacks,6
2024-11-22,P012,Lays Classic Salted 50g,Snacks,5
2024-11-23,P012,Lays Classic Salted 50g,Snacks,4
2024-11-24,P012,Lays Classic Salted 50g,Snacks,6
2024-11-25,P012,Lays Classic Salted 50g,Snacks,7
2024-11-26,P012,Lays Classic Salted 50g,Snacks,7
2024-11-27,P012,Lays Classic Salted 50g,Snacks,8
2024-11-28,P012,Lays Classic Salted 50g,Snacks,5
2024-11-29,P012,Lays Classic Salted 50g,Snacks,6
2024-11-30,P012,Lays Classic Salted 50g,Snacks,8
2024-12-01,P012,Lays Classic Salted 50g,Snacks,6
2024-12-02,P012,Lays Classic Salted 50g,Snacks,5
2024-12-03,P012,Lays Classic Salted 50g,Snacks,8
2024-12-04,P012,Lays Classic Salted 50g,Snacks,9
2024-12-05,P012,Lays Classic Salted 50g,Snacks,4
2024-12-06,P012,Lays Classic Salted 50g,Snacks,5
2024-12-07,P012,Lays Classic Salted 50g,Snacks,6
2024-12-08,P012,Lays Classic Salted 50g,Snacks,6
2024-12-09,P012,Lays Classic Salted 50g,Snacks,8
2024-12-10,P012,Lays Classic Salted 50g,Snacks,8
2024-12-11,P012,Lays Classic Salted 50g,Snacks,9
2024-12-12,P012,Lays Classic Salted 50g,Snacks,8
2024-12-13,P012,Lays Classic Salted 50g,Snacks,5
2024-12-14,P012,Lays Classic Salted 50g,Snacks,7
2024-12-15,P012,Lays Classic Salted 50g,Snacks,5
2024-12-16,P012,Lays Classic Salted 50g,Snacks,4
2024-12-17,P012,Lays Classic Salted 50g,Snacks,8
2024-12-18,P012,Lays Classic Salted 50g,Snacks,9
2024-12-19,P012,Lays Classic Salted 50g,Snacks,4
2024-12-20,P012,Lays Classic Salted 50g,Snacks,5
2024-12-21,P012,Lays Classic Salted 50g,Snacks,5
2024-12-22,P012,Lays Classic Salted 50g,Snacks,7
2024-12-23,P012,Lays Classic Salted 50g,Snacks,5
2024-12-24,P012,Lays Classic Salted 50g,Snacks,8
2024-12-25,P012,Lays Classic Salted 50g,Snacks,5
2024-12-26,P012,Lays Classic Salted 50g,Snacks,6
2024-12-27,P012,Lays Classic Salted 50g,Snacks,6
2024-12-28,P012,Lays Classic Salted 50g,Snacks,5
2024-12-29,P012,Lays Classic Salted 50g,Snacks,8
2024-12-30,P012,Lays Classic Salted 50g,Snacks,3
2024-12-31,P012,Lays Classic Salted 50g,Snacks,8
2025-01-01,P012,Lays Classic Salted 50g,Snacks,9
2025-01-02,P012,Lays Classic Salted 50g,Snacks,30
2025-01-03,P012,Lays Classic Salted 50g,Snacks,8
2025-01-04,P012,Lays Classic Salted 50g,Snacks,5
2025-01-05,P012,Lays Classic Salted 50g,Snacks,6
2025-01-06,P012,Lays Classic Salted 50g,Snacks,8
2025-01-07,P012,Lays Classic Salted 50g,Snacks,9
2025-01-08,P012,Lays Classic Salted 50g,Snacks,11
2025-01-09,P012,Lays Classic Salted 50g,Snacks,6
2025-01-10,P012,Lays Classic Salted 50g,Snacks,6
2025-01-11,P012,Lays Classic Salted 50g,Snacks,5
2025-01-12,P012,Lays Classic Salted 50g,Snacks,6
2025-01-13,P012,Lays Classic Salted 50g,Snacks,8
2025-01-14,P012,Lays Classic Salted 50g,Snacks,8
2025-01-15,P012,Lays Classic Salted 50g,Snacks,7
2025-01-16,P012,Lays Classic Salted 50g,Snacks,6
2025-01-17,P012,Lays Classic Salted 50g,Snacks,6
2025-01-18,P012,Lays Classic Salted 50g,Snacks,5
2025-01-19,P012,Lays Classic Salted 50g,Snacks,5
2025-01-20,P012,Lays Classic Salted 50g,Snacks,5
2025-01-21,P012,Lays Classic Salted 50g,Snacks,7
2025-01-22,P012,Lays Classic Salted 50g,Snacks,9
2025-01-23,P012,Lays Classic Salted 50g,Snacks,6
2025-01-24,P012,Lays Classic Salted 50g,Snacks,9
2025-01-25,P012,Lays Classic Salted 50g,Snacks,5
2025-01-26,P012,Lays Classic Salted 50g,Snacks,7
2025-01-27,P012,Lays Classic Salted 50g,Snacks,7
2025-01-28,P012,Lays Classic Salted 50g,Snacks,9
2025-01-29,P012,Lays Classic Salted 50g,Snacks,7
2025-01-30,P012,Lays Classic Salted 50g,Snacks,6
2025-01-31,P012,Lays Classic Salted 50g,Snacks,6
2025-02-01,P012,Lays Classic Salted 50g,Snacks,5
2025-02-02,P012,Lays Classic Salted 50g,Snacks,4
2025-02-03,P012,Lays Classic Salted 50g,Snacks,8
2025-02-04,P012,Lays Classic Salted 50g,Snacks,9
2025-02-05,P012,Lays Classic Salted 50g,Snacks,7
2025-02-06,P012,Lays Classic Salted 50g,Snacks,6
2025-02-07,P012,Lays Classic Salted 50g,Snacks,7
2025-02-08,P012,Lays Classic Salted 50g,Snacks,8
2025-02-09,P012,Lays Classic Salted 50g,Snacks,6
2025-02-10,P012,Lays Classic Salted 50g,Snacks,6
2025-02-11,P012,Lays Classic Salted 50g,Snacks,10
2025-02-12,P012,Lays Classic Salted 50g,Snacks,8
2025-02-13,P012,Lays Classic Salted 50g,Snacks,6
2025-02-14,P012,Lays Classic Salted 50g,Snacks,6
2025-02-15,P012,Lays Classic Salted 50g,Snacks,7
2025-02-16,P012,Lays Classic Salted 50g,Snacks,6
2025-02-17,P012,Lays Classic Salted 50g,Snacks,8
2025-02-18,P012,Lays Classic Salted 50g,Snacks,8
2025-02-19,P012,Lays Classic Salted 50g,Snacks,9
2025-02-20,P012,Lays Classic Salted 50g,Snacks,5
2025-02-21,P012,Lays Classic Salted 50g,Snacks,7
2025-02-22,P012,Lays Classic Salted 50g,Snacks,5
2025-02-23,P012,Lays Classic Salted 50g,Snacks,7
2025-02-24,P012,Lays Classic Salted 50g,Snacks,5
2025-02-25,P012,Lays Classic Salted 50g,Snacks,8
2025-02-26,P012,Lays Classic Salted 50g,Snacks,8
2025-02-27,P012,Lays Classic Salted 50g,Snacks,5
2025-02-28,P012,Lays Classic Salted 50g,Snacks,6
2025-03-01,P012,Lays Classic Salted 50g,Snacks,6
2025-03-02,P012,Lays Classic Salted 50g,Snacks,7
2025-03-03,P012,Lays Classic Salted 50g,Snacks,7
2025-03-04,P012,Lays Classic Salted 50g,Snacks,10
2025-03-05,P012,Lays Classic Salted 50g,Snacks,9
2025-03-06,P012,Lays Classic Salted 50g,Snacks,6
2025-03-07,P012,Lays Classic Salted 50g,Snacks,4
2025-03-08,P012,Lays Classic Salted 50g,Snacks,5
2025-03-09,P012,Lays Classic Salted 50g,Snacks,3
2025-03-10,P012,Lays Classic Salted 50g,Snacks,7
2025-03-11,P012,Lays Classic Salted 50g,Snacks,10
2025-03-12,P012,Lays Classic Salted 50g,Snacks,9
2025-03-13,P012,Lays Classic Salted 50g,Snacks,6
2025-03-14,P012,Lays Classic Salted 50g,Snacks,5
2025-03-15,P012,Lays Classic Salted 50g,Snacks,6
2025-03-16,P012,Lays Classic Salted 50g,Snacks,9
2025-03-17,P012,Lays Classic Salted 50g,Snacks,9
2025-03-18,P012,Lays Classic Salted 50g,Snacks,8
2025-03-19,P012,Lays Classic Salted 50g,Snacks,6
2025-03-20,P012,Lays Classic Salted 50g,Snacks,9
2025-03-21,P012,Lays Classic Salted 50g,Snacks,5
2025-03-22,P012,Lays Classic Salted 50g,Snacks,7
2025-03-23,P012,Lays Classic Salted 50g,Snacks,4
2025-03-24,P012,Lays Classic Salted 50g,Snacks,6
2025-03-25,P012,Lays Classic Salted 50g,Snacks,6
2025-03-26,P012,Lays Classic Salted 50g,Snacks,7
2025-03-27,P012,Lays Classic Salted 50g,Snacks,5
2025-03-28,P012,Lays Classic Salted 50g,Snacks,7
2025-03-29,P012,Lays Classic Salted 50g,Snacks,6
2025-03-30,P012,Lays Classic Salted 50g,Snacks,9
2025-03-31,P012,Lays Classic Salted 50g,Snacks,8
2025-04-01,P012,Lays Classic Salted 50g,Snacks,9
2025-04-02,P012,Lays Classic Salted 50g,Snacks,9
2025-04-03,P012,Lays Classic Salted 50g,Snacks,6
2025-04-04,P012,Lays Classic Salted 50g,Snacks,8
2025-04-05,P012,Lays Classic Salted 50g,Snacks,3
2025-04-06,P012,Lays Classic Salted 50g,Snacks,5
2025-04-07,P012,Lays Classic Salted 50g,Snacks,5
2025-04-08,P012,Lays Classic Salted 50g,Snacks,6
2025-04-09,P012,Lays Classic Salted 50g,Snacks,7
2025-04-10,P012,Lays Classic Salted 50g,Snacks,5
2025-04-11,P012,Lays Classic Salted 50g,Snacks,8
2025-04-12,P012,Lays Classic Salted 50g,Snacks,6
2025-04-13,P012,Lays Classic Salted 50g,Snacks,4
2025-04-14,P012,Lays Classic Salted 50g,Snacks,7
2025-04-15,P012,Lays Classic Salted 50g,Snacks,7
2025-04-16,P012,Lays Classic Salted 50g,Snacks,8
2025-04-17,P012,Lays Classic Salted 50g,Snacks,7
2025-04-18,P012,Lays Classic Salted 50g,Snacks,5
2025-04-19,P012,Lays Classic Salted 50g,Snacks,6
2025-04-20,P012,Lays Classic Salted 50g,Snacks,7
2025-04-21,P012,Lays Classic Salted 50g,Snacks,7
2025-04-22,P012,Lays Classic Salted 50g,Snacks,7
2025-04-23,P012,Lays Classic Salted 50g,Snacks,8
2025-04-24,P012,Lays Classic Salted 50g,Snacks,50
2025-04-25,P012,Lays Classic Salted 50g,Snacks,7
2025-04-26,P012,Lays Classic Salted 50g,Snacks,6
2025-04-27,P012,Lays Classic Salted 50g,Snacks,5
2025-04-28,P012,Lays Classic Salted 50g,Snacks,7
2025-04-29,P012,Lays Classic Salted 50g,Snacks,9
2025-04-30,P012,Lays Classic Salted 50g,Snacks,8
2025-05-01,P012,Lays Classic Salted 50g,Snacks,6
2025-05-02,P012,Lays Classic Salted 50g,Snacks,6
2025-05-03,P012,Lays Classic Salted 50g,Snacks,6
2025-05-04,P012,Lays Classic Salted 50g,Snacks,6
2025-05-05,P012,Lays Classic Salted 50g,Snacks,8
2025-05-06,P012,Lays Classic Salted 50g,Snacks,7
2025-05-07,P012,Lays Classic Salted 50g,Snacks,8
2025-05-08,P012,Lays Classic Salted 50g,Snacks,5
2025-05-09,P012,Lays Classic Salted 50g,Snacks,7
2025-05-10,P012,Lays Classic Salted 50g,Snacks,6
2025-05-11,P012,Lays Classic Salted 50g,Snacks,5
2025-05-12,P012,Lays Classic Salted 50g,Snacks,7
2025-05-13,P012,Lays Classic Salted 50g,Snacks,5
2025-05-14,P012,Lays Classic Salted 50g,Snacks,7
2025-05-15,P012,Lays Classic Salted 50g,Snacks,7
2025-05-16,P012,Lays Classic Salted 50g,Snacks,7
2025-05-17,P012,Lays Classic Salted 50g,Snacks,7
2025-05-18,P012,Lays Classic Salted 50g,Snacks,6
2025-05-19,P012,Lays Classic Salted 50g,Snacks,10
2025-05-20,P012,Lays Classic Salted 50g,Snacks,9
2025-05-21,P012,Lays Classic Salted 50g,Snacks,7
2025-05-22,P012,Lays Classic Salted 50g,Snacks,7
2025-05-23,P012,Lays Classic Salted 50g,Snacks,5
2025-05-24,P012,Lays Classic Salted 50g,Snacks,5
2025-05-25,P012,Lays Classic Salted 50g,Snacks,5
2025-05-26,P012,Lays Classic Salted 50g,Snacks,6
2025-05-27,P012,Lays Classic Salted 50g,Snacks,7
2025-05-28,P012,Lays Classic Salted 50g,Snacks,9
2025-05-29,P012,Lays Classic Salted 50g,Snacks,6
2025-05-30,P012,Lays Classic Salted 50g,Snacks,5
2025-05-31,P012,Lays Classic Salted 50g,Snacks,6
2025-06-01,P012,Lays Classic Salted 50g,Snacks,7
2025-06-02,P012,Lays Classic Salted 50g,Snacks,9
2025-06-03,P012,Lays Classic Salted 50g,Snacks,36
2025-06-04,P012,Lays Classic Salted 50g,Snacks,7
2025-06-05,P012,Lays Classic Salted 50g,Snacks,5
2025-06-06,P012,Lays Classic Salted 50g,Snacks,7
2025-06-07,P012,Lays Classic Salted 50g,Snacks,5
2025-06-08,P012,Lays Classic Salted 50g,Snacks,7
2025-06-09,P012,Lays Classic Salted 50g,Snacks,8
2025-06-10,P012,Lays Classic Salted 50g,Snacks,41
2025-06-11,P012,Lays Classic Salted 50g,Snacks,7
2025-06-12,P012,Lays Classic Salted 50g,Snacks,5
2025-06-13,P012,Lays Classic Salted 50g,Snacks,6
2025-06-14,P012,Lays Classic Salted 50g,Snacks,8
2025-06-15,P012,Lays Classic Salted 50g,Snacks,4
2025-06-16,P012,Lays Classic Salted 50g,Snacks,7
2025-06-17,P012,Lays Classic Salted 50g,Snacks,7
2025-06-18,P012,Lays Classic Salted 50g,Snacks,8
2025-06-19,P012,Lays Classic Salted 50g,Snacks,7
2025-06-20,P012,Lays Classic Salted 50g,Snacks,4
2025-06-21,P012,Lays Classic Salted 50g,Snacks,6
2025-06-22,P012,Lays Classic Salted 50g,Snacks,6
2025-06-23,P012,Lays Classic Salted 50g,Snacks,7
2025-06-24,P012,Lays Classic Salted 50g,Snacks,8
2025-06-25,P012,Lays Classic Salted 50g,Snacks,9
2025-06-26,P012,Lays Classic Salted 50g,Snacks,6
2025-06-27,P012,Lays Classic Salted 50g,Snacks,7
2025-06-28,P012,Lays Classic Salted 50g,Snacks,7
2025-06-29,P012,Lays Classic Salted 50g,Snacks,7
2025-06-30,P012,Lays Classic Salted 50g,Snacks,8
2025-07-01,P012,Lays Classic Salted 50g,Snacks,9
2025-07-02,P012,Lays Classic Salted 50g,Snacks,30
2025-07-03,P012,Lays Classic Salted 50g,Snacks,5
2025-07-04,P012,Lays Classic Salted 50g,Snacks,8
2025-07-05,P012,Lays Classic Salted 50g,Snacks,8
2025-07-06,P012,Lays Classic Salted 50g,Snacks,6
2025-07-07,P012,Lays Classic Salted 50g,Snacks,7
2025-07-08,P012,Lays Classic Salted 50g,Snacks,8
2025-07-09,P012,Lays Classic Salted 50g,Snacks,7
2025-07-10,P012,Lays Classic Salted 50g,Snacks,6
2025-07-11,P012,Lays Classic Salted 50g,Snacks,10
2025-07-12,P012,Lays Classic Salted 50g,Snacks,8
2025-07-13,P012,Lays Classic Salted 50g,Snacks,8
2025-07-14,P012,Lays Classic Salted 50g,Snacks,8
2025-07-15,P012,Lays Classic Salted 50g,Snacks,7
2025-07-16,P012,Lays Classic Salted 50g,Snacks,10
2025-07-17,P012,Lays Classic Salted 50g,Snacks,3
2025-07-18,P012,Lays Classic Salted 50g,Snacks,7
2025-07-19,P012,Lays Classic Salted 50g,Snacks,8
2025-07-20,P012,Lays Classic Salted 50g,Snacks,6
2025-07-21,P012,Lays Classic Salted 50g,Snacks,9
2025-07-22,P012,Lays Classic Salted 50g,Snacks,7
2025-07-23,P012,Lays Classic Salted 50g,Snacks,10
2025-07-24,P012,Lays Classic Salted 50g,Snacks,6
2025-07-25,P012,Lays Classic Salted 50g,Snacks,8
2025-07-26,P012,Lays Classic Salted 50g,Snacks,8
2025-07-27,P012,Lays Classic Salted 50g,Snacks,8
2025-07-28,P012,Lays Classic Salted 50g,Snacks,8
2025-07-29,P012,Lays Classic Salted 50g,Snacks,9
2025-07-30,P012,Lays Classic Salted 50g,Snacks,10
2025-07-31,P012,Lays Classic Salted 50g,Snacks,6
2025-08-01,P012,Lays Classic Salted 50g,Snacks,7
2025-08-02,P012,Lays Classic Salted 50g,Snacks,6
2025-08-03,P012,Lays Classic Salted 50g,Snacks,5
2025-08-04,P012,Lays Classic Salted 50g,Snacks,8
2025-08-05,P012,Lays Classic Salted 50g,Snacks,9
2025-08-06,P012,Lays Classic Salted 50g,Snacks,10
2025-08-07,P012,Lays Classic Salted 50g,Snacks,6
2025-08-08,P012,Lays Classic Salted 50g,Snacks,5
2025-08-09,P012,Lays Classic Salted 50g,Snacks,8
2025-08-10,P012,Lays Classic Salted 50g,Snacks,6
2025-08-11,P012,Lays Classic Salted 50g,Snacks,6
2025-08-12,P012,Lays Classic Salted 50g,Snacks,10
2025-08-13,P012,Lays Classic Salted 50g,Snacks,9
2025-08-14,P012,Lays Classic Salted 50g,Snacks,9
2025-08-15,P012,Lays Classic Salted 50g,Snacks,6
2025-08-16,P012,Lays Classic Salted 50g,Snacks,6
2025-08-17,P012,Lays Classic Salted 50g,Snacks,5
2025-08-18,P012,Lays Classic Salted 50g,Snacks,6
2025-08-19,P012,Lays Classic Salted 50g,Snacks,8
2025-08-20,P012,Lays Classic Salted 50g,Snacks,9
2025-08-21,P012,Lays Classic Salted 50g,Snacks,5
2025-08-22,P012,Lays Classic Salted 50g,Snacks,6
2025-08-23,P012,Lays Classic Salted 50g,Snacks,8
2025-08-24,P012,Lays Classic Salted 50g,Snacks,3
2025-08-25,P012,Lays Classic Salted 50g,Snacks,45
2025-08-26,P012,Lays Classic Salted 50g,Snacks,7
2025-08-27,P012,Lays Classic Salted 50g,Snacks,7
2025-08-28,P012,Lays Classic Salted 50g,Snacks,8
2025-08-29,P012,Lays Classic Salted 50g,Snacks,6
2025-08-30,P012,Lays Classic Salted 50g,Snacks,10
2025-08-31,P012,Lays Classic Salted 50g,Snacks,7
2025-09-01,P012,Lays Classic Salted 50g,Snacks,6
2025-09-02,P012,Lays Classic Salted 50g,Snacks,9
2025-09-03,P012,Lays Classic Salted 50g,Snacks,10
2025-09-04,P012,Lays Classic Salted 50g,Snacks,7
2025-09-05,P012,Lays Classic Salted 50g,Snacks,6
2025-09-06,P012,Lays Classic Salted 50g,Snacks,41
2025-09-07,P012,Lays Classic Salted 50g,Snacks,6
2025-09-08,P012,Lays Classic Salted 50g,Snacks,9
2025-09-09,P012,Lays Classic Salted 50g,Snacks,7
2025-09-10,P012,Lays Classic Salted 50g,Snacks,8
2025-09-11,P012,Lays Classic Salted 50g,Snacks,8
2025-09-12,P012,Lays Classic Salted 50g,Snacks,7
2025-09-13,P012,Lays Classic Salted 50g,Snacks,5
2025-09-14,P012,Lays Classic Salted 50g,Snacks,6
2025-09-15,P012,Lays Classic Salted 50g,Snacks,9
2025-09-16,P012,Lays Classic Salted 50g,Snacks,8
2025-09-17,P012,Lays Classic Salted 50g,Snacks,10
2025-09-18,P012,Lays Classic Salted 50g,Snacks,8
2025-09-19,P012,Lays Classic Salted 50g,Snacks,5
2025-09-20,P012,Lays Classic Salted 50g,Snacks,6
2025-09-21,P012,Lays Classic Salted 50g,Snacks,7
2025-09-22,P012,Lays Classic Salted 50g,Snacks,5
2025-09-23,P012,Lays Classic Salted 50g,Snacks,8
2025-09-24,P012,Lays Classic Salted 50g,Snacks,9
2025-09-25,P012,Lays Classic Salted 50g,Snacks,6
2025-09-26,P012,Lays Classic Salted 50g,Snacks,7
2025-09-27,P012,Lays Classic Salted 50g,Snacks,6
2025-09-28,P012,Lays Classic Salted 50g,Snacks,6
2025-09-29,P012,Lays Classic Salted 50g,Snacks,8
2025-09-30,P012,Lays Classic Salted 50g,Snacks,10
2025-10-01,P012,Lays Classic Salted 50g,Snacks,8
2025-10-02,P012,Lays Classic Salted 50g,Snacks,5
2025-10-03,P012,Lays Classic Salted 50g,Snacks,6
2025-10-04,P012,Lays Classic Salted 50g,Snacks,7
2025-10-05,P012,Lays Classic Salted 50g,Snacks,6
2025-10-06,P012,Lays Classic Salted 50g,Snacks,9
2025-10-07,P012,Lays Classic Salted 50g,Snacks,8
2025-10-08,P012,Lays Classic Salted 50g,Snacks,8
2025-10-09,P012,Lays Classic Salted 50g,Snacks,9
2025-10-10,P012,Lays Classic Salted 50g,Snacks,8
2025-10-11,P012,Lays Classic Salted 50g,Snacks,6
2025-10-12,P012,Lays Classic Salted 50g,Snacks,8
2025-10-13,P012,Lays Classic Salted 50g,Snacks,6
2025-10-14,P012,Lays Classic Salted 50g,Snacks,9
2025-10-15,P012,Lays Classic Salted 50g,Snacks,11
2025-10-16,P012,Lays Classic Salted 50g,Snacks,5
2025-10-17,P012,Lays Classic Salted 50g,Snacks,6
2025-10-18,P012,Lays Classic Salted 50g,Snacks,6
2025-10-19,P012,Lays Classic Salted 50g,Snacks,7
2025-10-20,P012,Lays Classic Salted 50g,Snacks,8
2025-10-21,P012,Lays Classic Salted 50g,Snacks,8
2025-10-22,P012,Lays Classic Salted 50g,Snacks,7
2025-10-23,P012,Lays Classic Salted 50g,Snacks,5
2025-10-24,P012,Lays Classic Salted 50g,Snacks,5
2025-10-25,P012,Lays Classic Salted 50g,Snacks,7
2025-10-26,P012,Lays Classic Salted 50g,Snacks,5
2025-10-27,P012,Lays Classic Salted 50g,Snacks,6
2025-10-28,P012,Lays Classic Salted 50g,Snacks,7
2025-10-29,P012,Lays Classic Salted 50g,Snacks,9
2025-10-30,P012,Lays Classic Salted 50g,Snacks,8
2025-10-31,P012,Lays Classic Salted 50g,Snacks,7
2025-11-01,P012,Lays Classic Salted 50g,Snacks,9
2025-11-02,P012,Lays Classic Salted 50g,Snacks,7
2025-11-03,P012,Lays Classic Salted 50g,Snacks,7
2025-11-04,P012,Lays Classic Salted 50g,Snacks,8
2025-11-05,P012,Lays Classic Salted 50g,Snacks,9
2025-11-06,P012,Lays Classic Salted 50g,Snacks,5
2025-11-07,P012,Lays Classic Salted 50g,Snacks,5
2025-11-08,P012,Lays Classic Salted 50g,Snacks,5
2025-11-09,P012,Lays Classic Salted 50g,Snacks,6
2025-11-10,P012,Lays Classic Salted 50g,Snacks,7
2025-11-11,P012,Lays Classic Salted 50g,Snacks,12
2025-11-12,P012,Lays Classic Salted 50g,Snacks,9
2025-11-13,P012,Lays Classic Salted 50g,Snacks,7
2025-11-14,P012,Lays Classic Salted 50g,Snacks,6
2025-11-15,P012,Lays Classic Salted 50g,Snacks,10
2025-11-16,P012,Lays Classic Salted 50g,Snacks,41
2025-11-17,P012,Lays Classic Salted 50g,Snacks,7
2025-11-18,P012,Lays Classic Salted 50g,Snacks,10
2025-11-19,P012,Lays Classic Salted 50g,Snacks,9
2025-11-20,P012,Lays Classic Salted 50g,Snacks,5
2025-11-21,P012,Lays Classic Salted 50g,Snacks,7
2025-11-22,P012,Lays Classic Salted 50g,Snacks,7
2025-11-23,P012,Lays Classic Salted 50g,Snacks,7
2025-11-24,P012,Lays Classic Salted 50g,Snacks,8
2025-11-25,P012,Lays Classic Salted 50g,Snacks,11
2025-11-26,P012,Lays Classic Salted 50g,Snacks,9
2025-11-27,P012,Lays Classic Salted 50g,Snacks,7
2025-11-28,P012,Lays Classic Salted 50g,Snacks,4
2025-11-29,P012,Lays Classic Salted 50g,Snacks,9
2025-11-30,P012,Lays Classic Salted 50g,Snacks,40
2025-12-01,P012,Lays Classic Salted 50g,Snacks,6
2025-12-02,P012,Lays Classic Salted 50g,Snacks,8
2025-12-03,P012,Lays Classic Salted 50g,Snacks,9
2025-12-04,P012,Lays Classic Salted 50g,Snacks,8
2025-12-05,P012,Lays Classic Salted 50g,Snacks,6
2025-12-06,P012,Lays Classic Salted 50g,Snacks,7
2025-12-07,P012,Lays Classic Salted 50g,Snacks,6
2025-12-08,P012,Lays Classic Salted 50g,Snacks,8
2025-12-09,P012,Lays Classic Salted 50g,Snacks,9
2025-12-10,P012,Lays Classic Salted 50g,Snacks,9
2025-12-11,P012,Lays Classic Salted 50g,Snacks,6
2025-12-12,P012,Lays Classic Salted 50g,Snacks,7
2025-12-13,P012,Lays Classic Salted 50g,Snacks,6
2025-12-14,P012,Lays Classic Salted 50g,Snacks,7
2025-12-15,P012,Lays Classic Salted 50g,Snacks,6
2025-12-16,P012,Lays Classic Salted 50g,Snacks,7
2025-12-17,P012,Lays Classic Salted 50g,Snacks,8
2025-12-18,P012,Lays Classic Salted 50g,Snacks,6
2025-12-19,P012,Lays Classic Salted 50g,Snacks,6
2025-12-20,P012,Lays Classic Salted 50g,Snacks,7
2025-12-21,P012,Lays Classic Salted 50g,Snacks,7
2025-12-22,P012,Lays Classic Salted 50g,Snacks,8
2025-12-23,P012,Lays Classic Salted 50g,Snacks,9
2025-12-24,P012,Lays Classic Salted 50g,Snacks,9
2025-12-25,P012,Lays Classic Salted 50g,Snacks,9
2025-12-26,P012,Lays Classic Salted 50g,Snacks,6
2025-12-27,P012,Lays Classic Salted 50g,Snacks,6
2025-12-28,P012,Lays Classic Salted 50g,Snacks,8
2025-12-29,P012,Lays Classic Salted 50g,Snacks,6
2025-12-30,P012,Lays Classic Salted 50g,Snacks,10
2025-12-31,P012,Lays Classic Salted 50g,Snacks,8
2026-01-01,P012,Lays Classic Salted 50g,Snacks,6
2026-01-02,P012,Lays Classic Salted 50g,Snacks,8
2026-01-03,P012,Lays Classic Salted 50g,Snacks,6
2026-01-04,P012,Lays Classic Salted 50g,Snacks,9
2026-01-05,P012,Lays Classic Salted 50g,Snacks,7
2026-01-06,P012,Lays Classic Salted 50g,Snacks,9
2026-01-07,P012,Lays Classic Salted 50g,Snacks,8
2026-01-08,P012,Lays Classic Salted 50g,Snacks,6
2026-01-09,P012,Lays Classic Salted 50g,Snacks,6
2026-01-10,P012,Lays Classic Salted 50g,Snacks,8
2026-01-11,P012,Lays Classic Salted 50g,Snacks,7
2026-01-12,P012,Lays Classic Salted 50g,Snacks,8
2026-01-13,P012,Lays Classic Salted 50g,Snacks,9
2026-01-14,P012,Lays Classic Salted 50g,Snacks,8
2026-01-15,P012,Lays Classic Salted 50g,Snacks,7
2026-01-16,P012,Lays Classic Salted 50g,Snacks,8
2026-01-17,P012,Lays Classic Salted 50g,Snacks,5
2026-01-18,P012,Lays Classic Salted 50g,Snacks,7
2026-01-19,P012,Lays Classic Salted 50g,Snacks,9
2026-01-20,P012,Lays Classic Salted 50g,Snacks,8
2026-01-21,P012,Lays Classic Salted 50g,Snacks,10
2026-01-22,P012,Lays Classic Salted 50g,Snacks,8
2026-01-23,P012,Lays Classic Salted 50g,Snacks,5
2026-01-24,P012,Lays Classic Salted 50g,Snacks,8
2026-01-25,P012,Lays Classic Salted 50g,Snacks,6
2026-01-26,P012,Lays Classic Salted 50g,Snacks,8
2026-01-27,P012,Lays Classic Salted 50g,Snacks,10
2026-01-28,P012,Lays Classic Salted 50g,Snacks,10
2026-01-29,P012,Lays Classic Salted 50g,Snacks,5
2026-01-30,P012,Lays Classic Salted 50g,Snacks,9
2026-01-31,P012,Lays Classic Salted 50g,Snacks,8
2026-02-01,P012,Lays Classic Salted 50g,Snacks,8
2026-02-02,P012,Lays Classic Salted 50g,Snacks,8
2026-02-03,P012,Lays Classic Salted 50g,Snacks,8
2026-02-04,P012,Lays Classic Salted 50g,Snacks,7
2026-02-05,P012,Lays Classic Salted 50g,Snacks,5
2026-02-06,P012,Lays Classic Salted 50g,Snacks,7
2026-02-07,P012,Lays Classic Salted 50g,Snacks,8
2026-02-08,P012,Lays Classic Salted 50g,Snacks,7
2026-02-09,P012,Lays Classic Salted 50g,Snacks,7
2026-02-10,P012,Lays Classic Salted 50g,Snacks,9
2026-02-11,P012,Lays Classic Salted 50g,Snacks,8
2026-02-12,P012,Lays Classic Salted 50g,Snacks,7
2026-02-13,P012,Lays Classic Salted 50g,Snacks,6
2026-02-14,P012,Lays Classic Salted 50g,Snacks,7
2026-02-15,P012,Lays Classic Salted 50g,Snacks,8
2026-02-16,P012,Lays Classic Salted 50g,Snacks,8
2026-02-17,P012,Lays Classic Salted 50g,Snacks,9
2026-02-18,P012,Lays Classic Salted 50g,Snacks,10
2026-02-19,P012,Lays Classic Salted 50g,Snacks,7
2026-02-20,P012,Lays Classic Salted 50g,Snacks,8
2026-02-21,P012,Lays Classic Salted 50g,Snacks,6
2026-02-22,P012,Lays Classic Salted 50g,Snacks,6
2026-02-23,P012,Lays Classic Salted 50g,Snacks,6
2026-02-24,P012,Lays Classic Salted 50g,Snacks,8
2026-02-25,P012,Lays Classic Salted 50g,Snacks,10
2026-02-26,P012,Lays Classic Salted 50g,Snacks,6
2026-02-27,P012,Lays Classic Salted 50g,Snacks,4
2026-02-28,P012,Lays Classic Salted 50g,Snacks,6
2026-03-01,P012,Lays Classic Salted 50g,Snacks,5
2026-03-02,P012,Lays Classic Salted 50g,Snacks,7
2026-03-03,P012,Lays Classic Salted 50g,Snacks,11
2026-03-04,P012,Lays Classic Salted 50g,Snacks,8
2026-03-05,P012,Lays Classic Salted 50g,Snacks,7
2026-03-06,P012,Lays Classic Salted 50g,Snacks,7
2026-03-07,P012,Lays Classic Salted 50g,Snacks,7
2026-03-08,P012,Lays Classic Salted 50g,Snacks,6
2026-03-09,P012,Lays Classic Salted 50g,Snacks,9
2026-03-10,P012,Lays Classic Salted 50g,Snacks,9
2026-03-11,P012,Lays Classic Salted 50g,Snacks,9
2026-03-12,P012,Lays Classic Salted 50g,Snacks,7
2026-03-13,P012,Lays Classic Salted 50g,Snacks,8
2026-03-14,P012,Lays Classic Salted 50g,Snacks,7
2026-03-15,P012,Lays Classic Salted 50g,Snacks,7
2026-03-16,P012,Lays Classic Salted 50g,Snacks,8
2026-03-17,P012,Lays Classic Salted 50g,Snacks,7
2026-03-18,P012,Lays Classic Salted 50g,Snacks,9
2026-03-19,P012,Lays Classic Salted 50g,Snacks,7
2026-03-20,P012,Lays Classic Salted 50g,Snacks,8
2026-03-21,P012,Lays Classic Salted 50g,Snacks,6
2026-03-22,P012,Lays Classic Salted 50g,Snacks,7
2026-03-23,P012,Lays Classic Salted 50g,Snacks,10
2026-03-24,P012,Lays Classic Salted 50g,Snacks,9
2026-03-25,P012,Lays Classic Salted 50g,Snacks,7
2026-03-26,P012,Lays Classic Salted 50g,Snacks,9
2026-03-27,P012,Lays Classic Salted 50g,Snacks,6
2026-03-28,P012,Lays Classic Salted 50g,Snacks,5
2024-03-28,P013,Coca Cola 1.25L,Beverages,15
2024-03-29,P013,Coca Cola 1.25L,Beverages,16
2024-03-30,P013,Coca Cola 1.25L,Beverages,20
2024-03-31,P013,Coca Cola 1.25L,Beverages,12
2024-04-01,P013,Coca Cola 1.25L,Beverages,15
2024-04-02,P013,Coca Cola 1.25L,Beverages,64
2024-04-03,P013,Coca Cola 1.25L,Beverages,20
2024-04-04,P013,Coca Cola 1.25L,Beverages,16
2024-04-05,P013,Coca Cola 1.25L,Beverages,12
2024-04-06,P013,Coca Cola 1.25L,Beverages,18
2024-04-07,P013,Coca Cola 1.25L,Beverages,20
2024-04-08,P013,Coca Cola 1.25L,Beverages,21
2024-04-09,P013,Coca Cola 1.25L,Beverages,20
2024-04-10,P013,Coca Cola 1.25L,Beverages,12
2024-04-11,P013,Coca Cola 1.25L,Beverages,16
2024-04-12,P013,Coca Cola 1.25L,Beverages,16
2024-04-13,P013,Coca Cola 1.25L,Beverages,12
2024-04-14,P013,Coca Cola 1.25L,Beverages,13
2024-04-15,P013,Coca Cola 1.25L,Beverages,14
2024-04-16,P013,Coca Cola 1.25L,Beverages,21
2024-04-17,P013,Coca Cola 1.25L,Beverages,18
2024-04-18,P013,Coca Cola 1.25L,Beverages,16
2024-04-19,P013,Coca Cola 1.25L,Beverages,23
2024-04-20,P013,Coca Cola 1.25L,Beverages,15
2024-04-21,P013,Coca Cola 1.25L,Beverages,12
2024-04-22,P013,Coca Cola 1.25L,Beverages,13
2024-04-23,P013,Coca Cola 1.25L,Beverages,22
2024-04-24,P013,Coca Cola 1.25L,Beverages,27
2024-04-25,P013,Coca Cola 1.25L,Beverages,13
2024-04-26,P013,Coca Cola 1.25L,Beverages,9
2024-04-27,P013,Coca Cola 1.25L,Beverages,21
2024-04-28,P013,Coca Cola 1.25L,Beverages,24
2024-04-29,P013,Coca Cola 1.25L,Beverages,20
2024-04-30,P013,Coca Cola 1.25L,Beverages,22
2024-05-01,P013,Coca Cola 1.25L,Beverages,21
2024-05-02,P013,Coca Cola 1.25L,Beverages,18
2024-05-03,P013,Coca Cola 1.25L,Beverages,18
2024-05-04,P013,Coca Cola 1.25L,Beverages,17
2024-05-05,P013,Coca Cola 1.25L,Beverages,13
2024-05-06,P013,Coca Cola 1.25L,Beverages,18
2024-05-07,P013,Coca Cola 1.25L,Beverages,20
2024-05-08,P013,Coca Cola 1.25L,Beverages,18
2024-05-09,P013,Coca Cola 1.25L,Beverages,17
2024-05-10,P013,Coca Cola 1.25L,Beverages,14
2024-05-11,P013,Coca Cola 1.25L,Beverages,16
2024-05-12,P013,Coca Cola 1.25L,Beverages,17
2024-05-13,P013,Coca Cola 1.25L,Beverages,19
2024-05-14,P013,Coca Cola 1.25L,Beverages,19
2024-05-15,P013,Coca Cola 1.25L,Beverages,22
2024-05-16,P013,Coca Cola 1.25L,Beverages,18
2024-05-17,P013,Coca Cola 1.25L,Beverages,19
2024-05-18,P013,Coca Cola 1.25L,Beverages,17
2024-05-19,P013,Coca Cola 1.25L,Beverages,18
2024-05-20,P013,Coca Cola 1.25L,Beverages,16
2024-05-21,P013,Coca Cola 1.25L,Beverages,29
2024-05-22,P013,Coca Cola 1.25L,Beverages,20
2024-05-23,P013,Coca Cola 1.25L,Beverages,19
2024-05-24,P013,Coca Cola 1.25L,Beverages,14
2024-05-25,P013,Coca Cola 1.25L,Beverages,17
2024-05-26,P013,Coca Cola 1.25L,Beverages,17
2024-05-27,P013,Coca Cola 1.25L,Beverages,19
2024-05-28,P013,Coca Cola 1.25L,Beverages,18
2024-05-29,P013,Coca Cola 1.25L,Beverages,22
2024-05-30,P013,Coca Cola 1.25L,Beverages,14
2024-05-31,P013,Coca Cola 1.25L,Beverages,18
2024-06-01,P013,Coca Cola 1.25L,Beverages,13
2024-06-02,P013,Coca Cola 1.25L,Beverages,17
2024-06-03,P013,Coca Cola 1.25L,Beverages,17
2024-06-04,P013,Coca Cola 1.25L,Beverages,27
2024-06-05,P013,Coca Cola 1.25L,Beverages,24
2024-06-06,P013,Coca Cola 1.25L,Beverages,20
2024-06-07,P013,Coca Cola 1.25L,Beverages,13
2024-06-08,P013,Coca Cola 1.25L,Beverages,15
2024-06-09,P013,Coca Cola 1.25L,Beverages,16
2024-06-10,P013,Coca Cola 1.25L,Beverages,21
2024-06-11,P013,Coca Cola 1.25L,Beverages,22
2024-06-12,P013,Coca Cola 1.25L,Beverages,18
2024-06-13,P013,Coca Cola 1.25L,Beverages,14
2024-06-14,P013,Coca Cola 1.25L,Beverages,20
2024-06-15,P013,Coca Cola 1.25L,Beverages,17
2024-06-16,P013,Coca Cola 1.25L,Beverages,16
2024-06-17,P013,Coca Cola 1.25L,Beverages,17
2024-06-18,P013,Coca Cola 1.25L,Beverages,24
2024-06-19,P013,Coca Cola 1.25L,Beverages,17
2024-06-20,P013,Coca Cola 1.25L,Beverages,16
2024-06-21,P013,Coca Cola 1.25L,Beverages,16
2024-06-22,P013,Coca Cola 1.25L,Beverages,12
2024-06-23,P013,Coca Cola 1.25L,Beverages,15
2024-06-24,P013,Coca Cola 1.25L,Beverages,25
2024-06-25,P013,Coca Cola 1.25L,Beverages,18
2024-06-26,P013,Coca Cola 1.25L,Beverages,21
2024-06-27,P013,Coca Cola 1.25L,Beverages,9
2024-06-28,P013,Coca Cola 1.25L,Beverages,15
2024-06-29,P013,Coca Cola 1.25L,Beverages,12
2024-06-30,P013,Coca Cola 1.25L,Beverages,15
2024-07-01,P013,Coca Cola 1.25L,Beverages,19
2024-07-02,P013,Coca Cola 1.25L,Beverages,17
2024-07-03,P013,Coca Cola 1.25L,Beverages,22
2024-07-04,P013,Coca Cola 1.25L,Beverages,13
2024-07-05,P013,Coca Cola 1.25L,Beverages,12
2024-07-06,P013,Coca Cola 1.25L,Beverages,19
2024-07-07,P013,Coca Cola 1.25L,Beverages,13
2024-07-08,P013,Coca Cola 1.25L,Beverages,16
2024-07-09,P013,Coca Cola 1.25L,Beverages,19
2024-07-10,P013,Coca Cola 1.25L,Beverages,22
2024-07-11,P013,Coca Cola 1.25L,Beverages,16
2024-07-12,P013,Coca Cola 1.25L,Beverages,15
2024-07-13,P013,Coca Cola 1.25L,Beverages,14
2024-07-14,P013,Coca Cola 1.25L,Beverages,15
2024-07-15,P013,Coca Cola 1.25L,Beverages,19
2024-07-16,P013,Coca Cola 1.25L,Beverages,21
2024-07-17,P013,Coca Cola 1.25L,Beverages,25
2024-07-18,P013,Coca Cola 1.25L,Beverages,18
2024-07-19,P013,Coca Cola 1.25L,Beverages,20
2024-07-20,P013,Coca Cola 1.25L,Beverages,20
2024-07-21,P013,Coca Cola 1.25L,Beverages,17
2024-07-22,P013,Coca Cola 1.25L,Beverages,20
2024-07-23,P013,Coca Cola 1.25L,Beverages,22
2024-07-24,P013,Coca Cola 1.25L,Beverages,25
2024-07-25,P013,Coca Cola 1.25L,Beverages,10
2024-07-26,P013,Coca Cola 1.25L,Beverages,15
2024-07-27,P013,Coca Cola 1.25L,Beverages,40
2024-07-28,P013,Coca Cola 1.25L,Beverages,18
2024-07-29,P013,Coca Cola 1.25L,Beverages,18
2024-07-30,P013,Coca Cola 1.25L,Beverages,16
2024-07-31,P013,Coca Cola 1.25L,Beverages,20
2024-08-01,P013,Coca Cola 1.25L,Beverages,19
2024-08-02,P013,Coca Cola 1.25L,Beverages,15
2024-08-03,P013,Coca Cola 1.25L,Beverages,16
2024-08-04,P013,Coca Cola 1.25L,Beverages,22
2024-08-05,P013,Coca Cola 1.25L,Beverages,17
2024-08-06,P013,Coca Cola 1.25L,Beverages,21
2024-08-07,P013,Coca Cola 1.25L,Beverages,22
2024-08-08,P013,Coca Cola 1.25L,Beverages,17
2024-08-09,P013,Coca Cola 1.25L,Beverages,17
2024-08-10,P013,Coca Cola 1.25L,Beverages,17
2024-08-11,P013,Coca Cola 1.25L,Beverages,12
2024-08-12,P013,Coca Cola 1.25L,Beverages,17
2024-08-13,P013,Coca Cola 1.25L,Beverages,17
2024-08-14,P013,Coca Cola 1.25L,Beverages,21
2024-08-15,P013,Coca Cola 1.25L,Beverages,18
2024-08-16,P013,Coca Cola 1.25L,Beverages,16
2024-08-17,P013,Coca Cola 1.25L,Beverages,13
2024-08-18,P013,Coca Cola 1.25L,Beverages,15
2024-08-19,P013,Coca Cola 1.25L,Beverages,24
2024-08-20,P013,Coca Cola 1.25L,Beverages,26
2024-08-21,P013,Coca Cola 1.25L,Beverages,19
2024-08-22,P013,Coca Cola 1.25L,Beverages,14
2024-08-23,P013,Coca Cola 1.25L,Beverages,16
2024-08-24,P013,Coca Cola 1.25L,Beverages,20
2024-08-25,P013,Coca Cola 1.25L,Beverages,11
2024-08-26,P013,Coca Cola 1.25L,Beverages,16
2024-08-27,P013,Coca Cola 1.25L,Beverages,22
2024-08-28,P013,Coca Cola 1.25L,Beverages,22
2024-08-29,P013,Coca Cola 1.25L,Beverages,15
2024-08-30,P013,Coca Cola 1.25L,Beverages,15
2024-08-31,P013,Coca Cola 1.25L,Beverages,17
2024-09-01,P013,Coca Cola 1.25L,Beverages,15
2024-09-02,P013,Coca Cola 1.25L,Beverages,37
2024-09-03,P013,Coca Cola 1.25L,Beverages,21
2024-09-04,P013,Coca Cola 1.25L,Beverages,49
2024-09-05,P013,Coca Cola 1.25L,Beverages,9
2024-09-06,P013,Coca Cola 1.25L,Beverages,17
2024-09-07,P013,Coca Cola 1.25L,Beverages,19
2024-09-08,P013,Coca Cola 1.25L,Beverages,15
2024-09-09,P013,Coca Cola 1.25L,Beverages,17
2024-09-10,P013,Coca Cola 1.25L,Beverages,19
2024-09-11,P013,Coca Cola 1.25L,Beverages,21
2024-09-12,P013,Coca Cola 1.25L,Beverages,14
2024-09-13,P013,Coca Cola 1.25L,Beverages,21
2024-09-14,P013,Coca Cola 1.25L,Beverages,17
2024-09-15,P013,Coca Cola 1.25L,Beverages,9
2024-09-16,P013,Coca Cola 1.25L,Beverages,20
2024-09-17,P013,Coca Cola 1.25L,Beverages,27
2024-09-18,P013,Coca Cola 1.25L,Beverages,23
2024-09-19,P013,Coca Cola 1.25L,Beverages,20
2024-09-20,P013,Coca Cola 1.25L,Beverages,18
2024-09-21,P013,Coca Cola 1.25L,Beverages,19
2024-09-22,P013,Coca Cola 1.25L,Beverages,19
2024-09-23,P013,Coca Cola 1.25L,Beverages,21
2024-09-24,P013,Coca Cola 1.25L,Beverages,22
2024-09-25,P013,Coca Cola 1.25L,Beverages,16
2024-09-26,P013,Coca Cola 1.25L,Beverages,13
2024-09-27,P013,Coca Cola 1.25L,Beverages,13
2024-09-28,P013,Coca Cola 1.25L,Beverages,8
2024-09-29,P013,Coca Cola 1.25L,Beverages,15
2024-09-30,P013,Coca Cola 1.25L,Beverages,23
2024-10-01,P013,Coca Cola 1.25L,Beverages,17
2024-10-02,P013,Coca Cola 1.25L,Beverages,24
2024-10-03,P013,Coca Cola 1.25L,Beverages,18
2024-10-04,P013,Coca Cola 1.25L,Beverages,17
2024-10-05,P013,Coca Cola 1.25L,Beverages,20
2024-10-06,P013,Coca Cola 1.25L,Beverages,16
2024-10-07,P013,Coca Cola 1.25L,Beverages,23
2024-10-08,P013,Coca Cola 1.25L,Beverages,21
2024-10-09,P013,Coca Cola 1.25L,Beverages,23
2024-10-10,P013,Coca Cola 1.25L,Beverages,16
2024-10-11,P013,Coca Cola 1.25L,Beverages,13
2024-10-12,P013,Coca Cola 1.25L,Beverages,12
2024-10-13,P013,Coca Cola 1.25L,Beverages,18
2024-10-14,P013,Coca Cola 1.25L,Beverages,22
2024-10-15,P013,Coca Cola 1.25L,Beverages,22
2024-10-16,P013,Coca Cola 1.25L,Beverages,23
2024-10-17,P013,Coca Cola 1.25L,Beverages,11
2024-10-18,P013,Coca Cola 1.25L,Beverages,18
2024-10-19,P013,Coca Cola 1.25L,Beverages,10
2024-10-20,P013,Coca Cola 1.25L,Beverages,13
2024-10-21,P013,Coca Cola 1.25L,Beverages,22
2024-10-22,P013,Coca Cola 1.25L,Beverages,22
2024-10-23,P013,Coca Cola 1.25L,Beverages,22
2024-10-24,P013,Coca Cola 1.25L,Beverages,18
2024-10-25,P013,Coca Cola 1.25L,Beverages,19
2024-10-26,P013,Coca Cola 1.25L,Beverages,16
2024-10-27,P013,Coca Cola 1.25L,Beverages,17
2024-10-28,P013,Coca Cola 1.25L,Beverages,18
2024-10-29,P013,Coca Cola 1.25L,Beverages,17
2024-10-30,P013,Coca Cola 1.25L,Beverages,20
2024-10-31,P013,Coca Cola 1.25L,Beverages,18
2024-11-01,P013,Coca Cola 1.25L,Beverages,15
2024-11-02,P013,Coca Cola 1.25L,Beverages,15
2024-11-03,P013,Coca Cola 1.25L,Beverages,19
2024-11-04,P013,Coca Cola 1.25L,Beverages,19
2024-11-05,P013,Coca Cola 1.25L,Beverages,23
2024-11-06,P013,Coca Cola 1.25L,Beverages,16
2024-11-07,P013,Coca Cola 1.25L,Beverages,18
2024-11-08,P013,Coca Cola 1.25L,Beverages,45
2024-11-09,P013,Coca Cola 1.25L,Beverages,16
2024-11-10,P013,Coca Cola 1.25L,Beverages,13
2024-11-11,P013,Coca Cola 1.25L,Beverages,21
2024-11-12,P013,Coca Cola 1.25L,Beverages,27
2024-11-13,P013,Coca Cola 1.25L,Beverages,21
2024-11-14,P013,Coca Cola 1.25L,Beverages,16
2024-11-15,P013,Coca Cola 1.25L,Beverages,20
2024-11-16,P013,Coca Cola 1.25L,Beverages,18
2024-11-17,P013,Coca Cola 1.25L,Beverages,16
2024-11-18,P013,Coca Cola 1.25L,Beverages,19
2024-11-19,P013,Coca Cola 1.25L,Beverages,28
2024-11-20,P013,Coca Cola 1.25L,Beverages,20
2024-11-21,P013,Coca Cola 1.25L,Beverages,15
2024-11-22,P013,Coca Cola 1.25L,Beverages,19
2024-11-23,P013,Coca Cola 1.25L,Beverages,23
2024-11-24,P013,Coca Cola 1.25L,Beverages,17
2024-11-25,P013,Coca Cola 1.25L,Beverages,13
2024-11-26,P013,Coca Cola 1.25L,Beverages,23
2024-11-27,P013,Coca Cola 1.25L,Beverages,20
2024-11-28,P013,Coca Cola 1.25L,Beverages,18
2024-11-29,P013,Coca Cola 1.25L,Beverages,12
2024-11-30,P013,Coca Cola 1.25L,Beverages,12
2024-12-01,P013,Coca Cola 1.25L,Beverages,16
2024-12-02,P013,Coca Cola 1.25L,Beverages,24
2024-12-03,P013,Coca Cola 1.25L,Beverages,17
2024-12-04,P013,Coca Cola 1.25L,Beverages,21
2024-12-05,P013,Coca Cola 1.25L,Beverages,12
2024-12-06,P013,Coca Cola 1.25L,Beverages,18
2024-12-07,P013,Coca Cola 1.25L,Beverages,17
2024-12-08,P013,Coca Cola 1.25L,Beverages,12
2024-12-09,P013,Coca Cola 1.25L,Beverages,22
2024-12-10,P013,Coca Cola 1.25L,Beverages,16
2024-12-11,P013,Coca Cola 1.25L,Beverages,27
2024-12-12,P013,Coca Cola 1.25L,Beverages,21
2024-12-13,P013,Coca Cola 1.25L,Beverages,18
2024-12-14,P013,Coca Cola 1.25L,Beverages,20
2024-12-15,P013,Coca Cola 1.25L,Beverages,16
2024-12-16,P013,Coca Cola 1.25L,Beverages,13
2024-12-17,P013,Coca Cola 1.25L,Beverages,23
2024-12-18,P013,Coca Cola 1.25L,Beverages,17
2024-12-19,P013,Coca Cola 1.25L,Beverages,17
2024-12-20,P013,Coca Cola 1.25L,Beverages,13
2024-12-21,P013,Coca Cola 1.25L,Beverages,20
2024-12-22,P013,Coca Cola 1.25L,Beverages,18
2024-12-23,P013,Coca Cola 1.25L,Beverages,21
2024-12-24,P013,Coca Cola 1.25L,Beverages,23
2024-12-25,P013,Coca Cola 1.25L,Beverages,28
2024-12-26,P013,Coca Cola 1.25L,Beverages,20
2024-12-27,P013,Coca Cola 1.25L,Beverages,22
2024-12-28,P013,Coca Cola 1.25L,Beverages,14
2024-12-29,P013,Coca Cola 1.25L,Beverages,15
2024-12-30,P013,Coca Cola 1.25L,Beverages,11
2024-12-31,P013,Coca Cola 1.25L,Beverages,21
2025-01-01,P013,Coca Cola 1.25L,Beverages,22
2025-01-02,P013,Coca Cola 1.25L,Beverages,18
2025-01-03,P013,Coca Cola 1.25L,Beverages,15
2025-01-04,P013,Coca Cola 1.25L,Beverages,19
2025-01-05,P013,Coca Cola 1.25L,Beverages,19
2025-01-06,P013,Coca Cola 1.25L,Beverages,17
2025-01-07,P013,Coca Cola 1.25L,Beverages,19
2025-01-08,P013,Coca Cola 1.25L,Beverages,22
2025-01-09,P013,Coca Cola 1.25L,Beverages,17
2025-01-10,P013,Coca Cola 1.25L,Beverages,15
2025-01-11,P013,Coca Cola 1.25L,Beverages,16
2025-01-12,P013,Coca Cola 1.25L,Beverages,12
2025-01-13,P013,Coca Cola 1.25L,Beverages,21
2025-01-14,P013,Coca Cola 1.25L,Beverages,24
2025-01-15,P013,Coca Cola 1.25L,Beverages,22
2025-01-16,P013,Coca Cola 1.25L,Beverages,19
2025-01-17,P013,Coca Cola 1.25L,Beverages,17
2025-01-18,P013,Coca Cola 1.25L,Beverages,22
2025-01-19,P013,Coca Cola 1.25L,Beverages,13
2025-01-20,P013,Coca Cola 1.25L,Beverages,19
2025-01-21,P013,Coca Cola 1.25L,Beverages,25
2025-01-22,P013,Coca Cola 1.25L,Beverages,27
2025-01-23,P013,Coca Cola 1.25L,Beverages,19
2025-01-24,P013,Coca Cola 1.25L,Beverages,14
2025-01-25,P013,Coca Cola 1.25L,Beverages,12
2025-01-26,P013,Coca Cola 1.25L,Beverages,16
2025-01-27,P013,Coca Cola 1.25L,Beverages,20
2025-01-28,P013,Coca Cola 1.25L,Beverages,25
2025-01-29,P013,Coca Cola 1.25L,Beverages,19
2025-01-30,P013,Coca Cola 1.25L,Beverages,19
2025-01-31,P013,Coca Cola 1.25L,Beverages,8
2025-02-01,P013,Coca Cola 1.25L,Beverages,14
2025-02-02,P013,Coca Cola 1.25L,Beverages,20
2025-02-03,P013,Coca Cola 1.25L,Beverages,15
2025-02-04,P013,Coca Cola 1.25L,Beverages,19
2025-02-05,P013,Coca Cola 1.25L,Beverages,20
2025-02-06,P013,Coca Cola 1.25L,Beverages,17
2025-02-07,P013,Coca Cola 1.25L,Beverages,13
2025-02-08,P013,Coca Cola 1.25L,Beverages,17
2025-02-09,P013,Coca Cola 1.25L,Beverages,16
2025-02-10,P013,Coca Cola 1.25L,Beverages,22
2025-02-11,P013,Coca Cola 1.25L,Beverages,21
2025-02-12,P013,Coca Cola 1.25L,Beverages,22
2025-02-13,P013,Coca Cola 1.25L,Beverages,17
2025-02-14,P013,Coca Cola 1.25L,Beverages,16
2025-02-15,P013,Coca Cola 1.25L,Beverages,19
2025-02-16,P013,Coca Cola 1.25L,Beverages,20
2025-02-17,P013,Coca Cola 1.25L,Beverages,17
2025-02-18,P013,Coca Cola 1.25L,Beverages,23
2025-02-19,P013,Coca Cola 1.25L,Beverages,19
2025-02-20,P013,Coca Cola 1.25L,Beverages,19
2025-02-21,P013,Coca Cola 1.25L,Beverages,18
2025-02-22,P013,Coca Cola 1.25L,Beverages,16
2025-02-23,P013,Coca Cola 1.25L,Beverages,18
2025-02-24,P013,Coca Cola 1.25L,Beverages,21
2025-02-25,P013,Coca Cola 1.25L,Beverages,26
2025-02-26,P013,Coca Cola 1.25L,Beverages,48
2025-02-27,P013,Coca Cola 1.25L,Beverages,20
2025-02-28,P013,Coca Cola 1.25L,Beverages,23
2025-03-01,P013,Coca Cola 1.25L,Beverages,14
2025-03-02,P013,Coca Cola 1.25L,Beverages,21
2025-03-03,P013,Coca Cola 1.25L,Beverages,16
2025-03-04,P013,Coca Cola 1.25L,Beverages,20
2025-03-05,P013,Coca Cola 1.25L,Beverages,22
2025-03-06,P013,Coca Cola 1.25L,Beverages,15
2025-03-07,P013,Coca Cola 1.25L,Beverages,14
2025-03-08,P013,Coca Cola 1.25L,Beverages,17
2025-03-09,P013,Coca Cola 1.25L,Beverages,16
2025-03-10,P013,Coca Cola 1.25L,Beverages,17
2025-03-11,P013,Coca Cola 1.25L,Beverages,19
2025-03-12,P013,Coca Cola 1.25L,Beverages,27
2025-03-13,P013,Coca Cola 1.25L,Beverages,13
2025-03-14,P013,Coca Cola 1.25L,Beverages,17
2025-03-15,P013,Coca Cola 1.25L,Beverages,21
2025-03-16,P013,Coca Cola 1.25L,Beverages,20
2025-03-17,P013,Coca Cola 1.25L,Beverages,20
2025-03-18,P013,Coca Cola 1.25L,Beverages,20
2025-03-19,P013,Coca Cola 1.25L,Beverages,22
2025-03-20,P013,Coca Cola 1.25L,Beverages,13
2025-03-21,P013,Coca Cola 1.25L,Beverages,16
2025-03-22,P013,Coca Cola 1.25L,Beverages,16
2025-03-23,P013,Coca Cola 1.25L,Beverages,16
2025-03-24,P013,Coca Cola 1.25L,Beverages,16
2025-03-25,P013,Coca Cola 1.25L,Beverages,17
2025-03-26,P013,Coca Cola 1.25L,Beverages,26
2025-03-27,P013,Coca Cola 1.25L,Beverages,20
2025-03-28,P013,Coca Cola 1.25L,Beverages,20
2025-03-29,P013,Coca Cola 1.25L,Beverages,18
2025-03-30,P013,Coca Cola 1.25L,Beverages,18
2025-03-31,P013,Coca Cola 1.25L,Beverages,17
2025-04-01,P013,Coca Cola 1.25L,Beverages,21
2025-04-02,P013,Coca Cola 1.25L,Beverages,27
2025-04-03,P013,Coca Cola 1.25L,Beverages,23
2025-04-04,P013,Coca Cola 1.25L,Beverages,17
2025-04-05,P013,Coca Cola 1.25L,Beverages,17
2025-04-06,P013,Coca Cola 1.25L,Beverages,19
2025-04-07,P013,Coca Cola 1.25L,Beverages,19
2025-04-08,P013,Coca Cola 1.25L,Beverages,23
2025-04-09,P013,Coca Cola 1.25L,Beverages,22
2025-04-10,P013,Coca Cola 1.25L,Beverages,14
2025-04-11,P013,Coca Cola 1.25L,Beverages,16
2025-04-12,P013,Coca Cola 1.25L,Beverages,17
2025-04-13,P013,Coca Cola 1.25L,Beverages,9
2025-04-14,P013,Coca Cola 1.25L,Beverages,19
2025-04-15,P013,Coca Cola 1.25L,Beverages,30
2025-04-16,P013,Coca Cola 1.25L,Beverages,21
2025-04-17,P013,Coca Cola 1.25L,Beverages,17
2025-04-18,P013,Coca Cola 1.25L,Beverages,15
2025-04-19,P013,Coca Cola 1.25L,Beverages,14
2025-04-20,P013,Coca Cola 1.25L,Beverages,16
2025-04-21,P013,Coca Cola 1.25L,Beverages,21
2025-04-22,P013,Coca Cola 1.25L,Beverages,22
2025-04-23,P013,Coca Cola 1.25L,Beverages,21
2025-04-24,P013,Coca Cola 1.25L,Beverages,19
2025-04-25,P013,Coca Cola 1.25L,Beverages,18
2025-04-26,P013,Coca Cola 1.25L,Beverages,18
2025-04-27,P013,Coca Cola 1.25L,Beverages,21
2025-04-28,P013,Coca Cola 1.25L,Beverages,22
2025-04-29,P013,Coca Cola 1.25L,Beverages,27
2025-04-30,P013,Coca Cola 1.25L,Beverages,19
2025-05-01,P013,Coca Cola 1.25L,Beverages,20
2025-05-02,P013,Coca Cola 1.25L,Beverages,23
2025-05-03,P013,Coca Cola 1.25L,Beverages,12
2025-05-04,P013,Coca Cola 1.25L,Beverages,17
2025-05-05,P013,Coca Cola 1.25L,Beverages,17
2025-05-06,P013,Coca Cola 1.25L,Beverages,23
2025-05-07,P013,Coca Cola 1.25L,Beverages,26
2025-05-08,P013,Coca Cola 1.25L,Beverages,13
2025-05-09,P013,Coca Cola 1.25L,Beverages,18
2025-05-10,P013,Coca Cola 1.25L,Beverages,15
2025-05-11,P013,Coca Cola 1.25L,Beverages,21
2025-05-12,P013,Coca Cola 1.25L,Beverages,20
2025-05-13,P013,Coca Cola 1.25L,Beverages,22
2025-05-14,P013,Coca Cola 1.25L,Beverages,20
2025-05-15,P013,Coca Cola 1.25L,Beverages,26
2025-05-16,P013,Coca Cola 1.25L,Beverages,18
2025-05-17,P013,Coca Cola 1.25L,Beverages,13
2025-05-18,P013,Coca Cola 1.25L,Beverages,15
2025-05-19,P013,Coca Cola 1.25L,Beverages,20
2025-05-20,P013,Coca Cola 1.25L,Beverages,20
2025-05-21,P013,Coca Cola 1.25L,Beverages,21
2025-05-22,P013,Coca Cola 1.25L,Beverages,20
2025-05-23,P013,Coca Cola 1.25L,Beverages,20
2025-05-24,P013,Coca Cola 1.25L,Beverages,16
2025-05-25,P013,Coca Cola 1.25L,Beverages,21
2025-05-26,P013,Coca Cola 1.25L,Beverages,17
2025-05-27,P013,Coca Cola 1.25L,Beverages,28
2025-05-28,P013,Coca Cola 1.25L,Beverages,24
2025-05-29,P013,Coca Cola 1.25L,Beverages,18
2025-05-30,P013,Coca Cola 1.25L,Beverages,16
2025-05-31,P013,Coca Cola 1.25L,Beverages,15
2025-06-01,P013,Coca Cola 1.25L,Beverages,10
2025-06-02,P013,Coca Cola 1.25L,Beverages,18
2025-06-03,P013,Coca Cola 1.25L,Beverages,23
2025-06-04,P013,Coca Cola 1.25L,Beverages,17
2025-06-05,P013,Coca Cola 1.25L,Beverages,20
2025-06-06,P013,Coca Cola 1.25L,Beverages,17
2025-06-07,P013,Coca Cola 1.25L,Beverages,21
2025-06-08,P013,Coca Cola 1.25L,Beverages,15
2025-06-09,P013,Coca Cola 1.25L,Beverages,23
2025-06-10,P013,Coca Cola 1.25L,Beverages,21
2025-06-11,P013,Coca Cola 1.25L,Beverages,23
2025-06-12,P013,Coca Cola 1.25L,Beverages,18
2025-06-13,P013,Coca Cola 1.25L,Beverages,17
2025-06-14,P013,Coca Cola 1.25L,Beverages,18
2025-06-15,P013,Coca Cola 1.25L,Beverages,11
2025-06-16,P013,Coca Cola 1.25L,Beverages,19
2025-06-17,P013,Coca Cola 1.25L,Beverages,23
2025-06-18,P013,Coca Cola 1.25L,Beverages,16
2025-06-19,P013,Coca Cola 1.25L,Beverages,20
2025-06-20,P013,Coca Cola 1.25L,Beverages,15
2025-06-21,P013,Coca Cola 1.25L,Beverages,20
2025-06-22,P013,Coca Cola 1.25L,Beverages,18
2025-06-23,P013,Coca Cola 1.25L,Beverages,17
2025-06-24,P013,Coca Cola 1.25L,Beverages,26
2025-06-25,P013,Coca Cola 1.25L,Beverages,28
2025-06-26,P013,Coca Cola 1.25L,Beverages,18
2025-06-27,P013,Coca Cola 1.25L,Beverages,22
2025-06-28,P013,Coca Cola 1.25L,Beverages,17
2025-06-29,P013,Coca Cola 1.25L,Beverages,21
2025-06-30,P013,Coca Cola 1.25L,Beverages,18
2025-07-01,P013,Coca Cola 1.25L,Beverages,29
2025-07-02,P013,Coca Cola 1.25L,Beverages,26
2025-07-03,P013,Coca Cola 1.25L,Beverages,19
2025-07-04,P013,Coca Cola 1.25L,Beverages,9
2025-07-05,P013,Coca Cola 1.25L,Beverages,19
2025-07-06,P013,Coca Cola 1.25L,Beverages,14
2025-07-07,P013,Coca Cola 1.25L,Beverages,20
2025-07-08,P013,Coca Cola 1.25L,Beverages,27
2025-07-09,P013,Coca Cola 1.25L,Beverages,25
2025-07-10,P013,Coca Cola 1.25L,Beverages,20
2025-07-11,P013,Coca Cola 1.25L,Beverages,16
2025-07-12,P013,Coca Cola 1.25L,Beverages,13
2025-07-13,P013,Coca Cola 1.25L,Beverages,15
2025-07-14,P013,Coca Cola 1.25L,Beverages,18
2025-07-15,P013,Coca Cola 1.25L,Beverages,23
2025-07-16,P013,Coca Cola 1.25L,Beverages,27
2025-07-17,P013,Coca Cola 1.25L,Beverages,20
2025-07-18,P013,Coca Cola 1.25L,Beverages,25
2025-07-19,P013,Coca Cola 1.25L,Beverages,14
2025-07-20,P013,Coca Cola 1.25L,Beverages,21
2025-07-21,P013,Coca Cola 1.25L,Beverages,22
2025-07-22,P013,Coca Cola 1.25L,Beverages,23
2025-07-23,P013,Coca Cola 1.25L,Beverages,20
2025-07-24,P013,Coca Cola 1.25L,Beverages,16
2025-07-25,P013,Coca Cola 1.25L,Beverages,15
2025-07-26,P013,Coca Cola 1.25L,Beverages,23
2025-07-27,P013,Coca Cola 1.25L,Beverages,20
2025-07-28,P013,Coca Cola 1.25L,Beverages,22
2025-07-29,P013,Coca Cola 1.25L,Beverages,23
2025-07-30,P013,Coca Cola 1.25L,Beverages,22
2025-07-31,P013,Coca Cola 1.25L,Beverages,19
2025-08-01,P013,Coca Cola 1.25L,Beverages,18
2025-08-02,P013,Coca Cola 1.25L,Beverages,17
2025-08-03,P013,Coca Cola 1.25L,Beverages,19
2025-08-04,P013,Coca Cola 1.25L,Beverages,16
2025-08-05,P013,Coca Cola 1.25L,Beverages,70
2025-08-06,P013,Coca Cola 1.25L,Beverages,23
2025-08-07,P013,Coca Cola 1.25L,Beverages,15
2025-08-08,P013,Coca Cola 1.25L,Beverages,20
2025-08-09,P013,Coca Cola 1.25L,Beverages,47
2025-08-10,P013,Coca Cola 1.25L,Beverages,22
2025-08-11,P013,Coca Cola 1.25L,Beverages,19
2025-08-12,P013,Coca Cola 1.25L,Beverages,25
2025-08-13,P013,Coca Cola 1.25L,Beverages,26
2025-08-14,P013,Coca Cola 1.25L,Beverages,18
2025-08-15,P013,Coca Cola 1.25L,Beverages,18
2025-08-16,P013,Coca Cola 1.25L,Beverages,19
2025-08-17,P013,Coca Cola 1.25L,Beverages,26
2025-08-18,P013,Coca Cola 1.25L,Beverages,20
2025-08-19,P013,Coca Cola 1.25L,Beverages,19
2025-08-20,P013,Coca Cola 1.25L,Beverages,20
2025-08-21,P013,Coca Cola 1.25L,Beverages,17
2025-08-22,P013,Coca Cola 1.25L,Beverages,14
2025-08-23,P013,Coca Cola 1.25L,Beverages,17
2025-08-24,P013,Coca Cola 1.25L,Beverages,25
2025-08-25,P013,Coca Cola 1.25L,Beverages,18
2025-08-26,P013,Coca Cola 1.25L,Beverages,20
2025-08-27,P013,Coca Cola 1.25L,Beverages,23
2025-08-28,P013,Coca Cola 1.25L,Beverages,17
2025-08-29,P013,Coca Cola 1.25L,Beverages,15
2025-08-30,P013,Coca Cola 1.25L,Beverages,14
2025-08-31,P013,Coca Cola 1.25L,Beverages,22
2025-09-01,P013,Coca Cola 1.25L,Beverages,21
2025-09-02,P013,Coca Cola 1.25L,Beverages,61
2025-09-03,P013,Coca Cola 1.25L,Beverages,20
2025-09-04,P013,Coca Cola 1.25L,Beverages,16
2025-09-05,P013,Coca Cola 1.25L,Beverages,14
2025-09-06,P013,Coca Cola 1.25L,Beverages,16
2025-09-07,P013,Coca Cola 1.25L,Beverages,24
2025-09-08,P013,Coca Cola 1.25L,Beverages,20
2025-09-09,P013,Coca Cola 1.25L,Beverages,21
2025-09-10,P013,Coca Cola 1.25L,Beverages,26
2025-09-11,P013,Coca Cola 1.25L,Beverages,15
2025-09-12,P013,Coca Cola 1.25L,Beverages,17
2025-09-13,P013,Coca Cola 1.25L,Beverages,12
2025-09-14,P013,Coca Cola 1.25L,Beverages,22
2025-09-15,P013,Coca Cola 1.25L,Beverages,19
2025-09-16,P013,Coca Cola 1.25L,Beverages,21
2025-09-17,P013,Coca Cola 1.25L,Beverages,25
2025-09-18,P013,Coca Cola 1.25L,Beverages,15
2025-09-19,P013,Coca Cola 1.25L,Beverages,15
2025-09-20,P013,Coca Cola 1.25L,Beverages,17
2025-09-21,P013,Coca Cola 1.25L,Beverages,14
2025-09-22,P013,Coca Cola 1.25L,Beverages,18
2025-09-23,P013,Coca Cola 1.25L,Beverages,23
2025-09-24,P013,Coca Cola 1.25L,Beverages,23
2025-09-25,P013,Coca Cola 1.25L,Beverages,14
2025-09-26,P013,Coca Cola 1.25L,Beverages,17
2025-09-27,P013,Coca Cola 1.25L,Beverages,20
2025-09-28,P013,Coca Cola 1.25L,Beverages,20
2025-09-29,P013,Coca Cola 1.25L,Beverages,18
2025-09-30,P013,Coca Cola 1.25L,Beverages,23
2025-10-01,P013,Coca Cola 1.25L,Beverages,23
2025-10-02,P013,Coca Cola 1.25L,Beverages,13
2025-10-03,P013,Coca Cola 1.25L,Beverages,16
2025-10-04,P013,Coca Cola 1.25L,Beverages,20
2025-10-05,P013,Coca Cola 1.25L,Beverages,21
2025-10-06,P013,Coca Cola 1.25L,Beverages,21
2025-10-07,P013,Coca Cola 1.25L,Beverages,15
2025-10-08,P013,Coca Cola 1.25L,Beverages,21
2025-10-09,P013,Coca Cola 1.25L,Beverages,19
2025-10-10,P013,Coca Cola 1.25L,Beverages,23
2025-10-11,P013,Coca Cola 1.25L,Beverages,18
2025-10-12,P013,Coca Cola 1.25L,Beverages,18
2025-10-13,P013,Coca Cola 1.25L,Beverages,19
2025-10-14,P013,Coca Cola 1.25L,Beverages,19
2025-10-15,P013,Coca Cola 1.25L,Beverages,25
2025-10-16,P013,Coca Cola 1.25L,Beverages,13
2025-10-17,P013,Coca Cola 1.25L,Beverages,18
2025-10-18,P013,Coca Cola 1.25L,Beverages,18
2025-10-19,P013,Coca Cola 1.25L,Beverages,18
2025-10-20,P013,Coca Cola 1.25L,Beverages,16
2025-10-21,P013,Coca Cola 1.25L,Beverages,21
2025-10-22,P013,Coca Cola 1.25L,Beverages,26
2025-10-23,P013,Coca Cola 1.25L,Beverages,18
2025-10-24,P013,Coca Cola 1.25L,Beverages,16
2025-10-25,P013,Coca Cola 1.25L,Beverages,15
2025-10-26,P013,Coca Cola 1.25L,Beverages,21
2025-10-27,P013,Coca Cola 1.25L,Beverages,20
2025-10-28,P013,Coca Cola 1.25L,Beverages,20
2025-10-29,P013,Coca Cola 1.25L,Beverages,23
2025-10-30,P013,Coca Cola 1.25L,Beverages,15
2025-10-31,P013,Coca Cola 1.25L,Beverages,19
2025-11-01,P013,Coca Cola 1.25L,Beverages,22
2025-11-02,P013,Coca Cola 1.25L,Beverages,15
2025-11-03,P013,Coca Cola 1.25L,Beverages,20
2025-11-04,P013,Coca Cola 1.25L,Beverages,24
2025-11-05,P013,Coca Cola 1.25L,Beverages,17
2025-11-06,P013,Coca Cola 1.25L,Beverages,21
2025-11-07,P013,Coca Cola 1.25L,Beverages,25
2025-11-08,P013,Coca Cola 1.25L,Beverages,19
2025-11-09,P013,Coca Cola 1.25L,Beverages,22
2025-11-10,P013,Coca Cola 1.25L,Beverages,16
2025-11-11,P013,Coca Cola 1.25L,Beverages,21
2025-11-12,P013,Coca Cola 1.25L,Beverages,24
2025-11-13,P013,Coca Cola 1.25L,Beverages,15
2025-11-14,P013,Coca Cola 1.25L,Beverages,18
2025-11-15,P013,Coca Cola 1.25L,Beverages,21
2025-11-16,P013,Coca Cola 1.25L,Beverages,15
2025-11-17,P013,Coca Cola 1.25L,Beverages,23
2025-11-18,P013,Coca Cola 1.25L,Beverages,18
2025-11-19,P013,Coca Cola 1.25L,Beverages,22
2025-11-20,P013,Coca Cola 1.25L,Beverages,18
2025-11-21,P013,Coca Cola 1.25L,Beverages,15
2025-11-22,P013,Coca Cola 1.25L,Beverages,16
2025-11-23,P013,Coca Cola 1.25L,Beverages,23
2025-11-24,P013,Coca Cola 1.25L,Beverages,24
2025-11-25,P013,Coca Cola 1.25L,Beverages,26
2025-11-26,P013,Coca Cola 1.25L,Beverages,27
2025-11-27,P013,Coca Cola 1.25L,Beverages,16
2025-11-28,P013,Coca Cola 1.25L,Beverages,14
2025-11-29,P013,Coca Cola 1.25L,Beverages,16
2025-11-30,P013,Coca Cola 1.25L,Beverages,16
2025-12-01,P013,Coca Cola 1.25L,Beverages,18
2025-12-02,P013,Coca Cola 1.25L,Beverages,25
2025-12-03,P013,Coca Cola 1.25L,Beverages,25
2025-12-04,P013,Coca Cola 1.25L,Beverages,18
2025-12-05,P013,Coca Cola 1.25L,Beverages,18
2025-12-06,P013,Coca Cola 1.25L,Beverages,22
2025-12-07,P013,Coca Cola 1.25L,Beverages,14
2025-12-08,P013,Coca Cola 1.25L,Beverages,23
2025-12-09,P013,Coca Cola 1.25L,Beverages,17
2025-12-10,P013,Coca Cola 1.25L,Beverages,22
2025-12-11,P013,Coca Cola 1.25L,Beverages,23
2025-12-12,P013,Coca Cola 1.25L,Beverages,19
2025-12-13,P013,Coca Cola 1.25L,Beverages,17
2025-12-14,P013,Coca Cola 1.25L,Beverages,21
2025-12-15,P013,Coca Cola 1.25L,Beverages,22
2025-12-16,P013,Coca Cola 1.25L,Beverages,26
2025-12-17,P013,Coca Cola 1.25L,Beverages,23
2025-12-18,P013,Coca Cola 1.25L,Beverages,21
2025-12-19,P013,Coca Cola 1.25L,Beverages,16
2025-12-20,P013,Coca Cola 1.25L,Beverages,16
2025-12-21,P013,Coca Cola 1.25L,Beverages,24
2025-12-22,P013,Coca Cola 1.25L,Beverages,19
2025-12-23,P013,Coca Cola 1.25L,Beverages,17
2025-12-24,P013,Coca Cola 1.25L,Beverages,27
2025-12-25,P013,Coca Cola 1.25L,Beverages,23
2025-12-26,P013,Coca Cola 1.25L,Beverages,18
2025-12-27,P013,Coca Cola 1.25L,Beverages,12
2025-12-28,P013,Coca Cola 1.25L,Beverages,18
2025-12-29,P013,Coca Cola 1.25L,Beverages,27
2025-12-30,P013,Coca Cola 1.25L,Beverages,25
2025-12-31,P013,Coca Cola 1.25L,Beverages,26
2026-01-01,P013,Coca Cola 1.25L,Beverages,21
2026-01-02,P013,Coca Cola 1.25L,Beverages,21
2026-01-03,P013,Coca Cola 1.25L,Beverages,24
2026-01-04,P013,Coca Cola 1.25L,Beverages,22
2026-01-05,P013,Coca Cola 1.25L,Beverages,20
2026-01-06,P013,Coca Cola 1.25L,Beverages,20
2026-01-07,P013,Coca Cola 1.25L,Beverages,25
2026-01-08,P013,Coca Cola 1.25L,Beverages,18
2026-01-09,P013,Coca Cola 1.25L,Beverages,21
2026-01-10,P013,Coca Cola 1.25L,Beverages,16
2026-01-11,P013,Coca Cola 1.25L,Beverages,17
2026-01-12,P013,Coca Cola 1.25L,Beverages,20
2026-01-13,P013,Coca Cola 1.25L,Beverages,21
2026-01-14,P013,Coca Cola 1.25L,Beverages,24
2026-01-15,P013,Coca Cola 1.25L,Beverages,21
2026-01-16,P013,Coca Cola 1.25L,Beverages,25
2026-01-17,P013,Coca Cola 1.25L,Beverages,16
2026-01-18,P013,Coca Cola 1.25L,Beverages,21
2026-01-19,P013,Coca Cola 1.25L,Beverages,14
2026-01-20,P013,Coca Cola 1.25L,Beverages,24
2026-01-21,P013,Coca Cola 1.25L,Beverages,24
2026-01-22,P013,Coca Cola 1.25L,Beverages,21
2026-01-23,P013,Coca Cola 1.25L,Beverages,17
2026-01-24,P013,Coca Cola 1.25L,Beverages,19
2026-01-25,P013,Coca Cola 1.25L,Beverages,22
2026-01-26,P013,Coca Cola 1.25L,Beverages,17
2026-01-27,P013,Coca Cola 1.25L,Beverages,18
2026-01-28,P013,Coca Cola 1.25L,Beverages,28
2026-01-29,P013,Coca Cola 1.25L,Beverages,15
2026-01-30,P013,Coca Cola 1.25L,Beverages,20
2026-01-31,P013,Coca Cola 1.25L,Beverages,25
2026-02-01,P013,Coca Cola 1.25L,Beverages,21
2026-02-02,P013,Coca Cola 1.25L,Beverages,17
2026-02-03,P013,Coca Cola 1.25L,Beverages,19
2026-02-04,P013,Coca Cola 1.25L,Beverages,22
2026-02-05,P013,Coca Cola 1.25L,Beverages,19
2026-02-06,P013,Coca Cola 1.25L,Beverages,18
2026-02-07,P013,Coca Cola 1.25L,Beverages,23
2026-02-08,P013,Coca Cola 1.25L,Beverages,21
2026-02-09,P013,Coca Cola 1.25L,Beverages,18
2026-02-10,P013,Coca Cola 1.25L,Beverages,27
2026-02-11,P013,Coca Cola 1.25L,Beverages,29
2026-02-12,P013,Coca Cola 1.25L,Beverages,17
2026-02-13,P013,Coca Cola 1.25L,Beverages,20
2026-02-14,P013,Coca Cola 1.25L,Beverages,16
2026-02-15,P013,Coca Cola 1.25L,Beverages,18
2026-02-16,P013,Coca Cola 1.25L,Beverages,18
2026-02-17,P013,Coca Cola 1.25L,Beverages,28
2026-02-18,P013,Coca Cola 1.25L,Beverages,23
2026-02-19,P013,Coca Cola 1.25L,Beverages,20
2026-02-20,P013,Coca Cola 1.25L,Beverages,21
2026-02-21,P013,Coca Cola 1.25L,Beverages,28
2026-02-22,P013,Coca Cola 1.25L,Beverages,18
2026-02-23,P013,Coca Cola 1.25L,Beverages,18
2026-02-24,P013,Coca Cola 1.25L,Beverages,24
2026-02-25,P013,Coca Cola 1.25L,Beverages,22
2026-02-26,P013,Coca Cola 1.25L,Beverages,17
2026-02-27,P013,Coca Cola 1.25L,Beverages,21
2026-02-28,P013,Coca Cola 1.25L,Beverages,16
2026-03-01,P013,Coca Cola 1.25L,Beverages,20
2026-03-02,P013,Coca Cola 1.25L,Beverages,22
2026-03-03,P013,Coca Cola 1.25L,Beverages,25
2026-03-04,P013,Coca Cola 1.25L,Beverages,26
2026-03-05,P013,Coca Cola 1.25L,Beverages,18
2026-03-06,P013,Coca Cola 1.25L,Beverages,12
2026-03-07,P013,Coca Cola 1.25L,Beverages,19
2026-03-08,P013,Coca Cola 1.25L,Beverages,19
2026-03-09,P013,Coca Cola 1.25L,Beverages,19
2026-03-10,P013,Coca Cola 1.25L,Beverages,26
2026-03-11,P013,Coca Cola 1.25L,Beverages,27
2026-03-12,P013,Coca Cola 1.25L,Beverages,19
2026-03-13,P013,Coca Cola 1.25L,Beverages,19
2026-03-14,P013,Coca Cola 1.25L,Beverages,23
2026-03-15,P013,Coca Cola 1.25L,Beverages,15
2026-03-16,P013,Coca Cola 1.25L,Beverages,20
2026-03-17,P013,Coca Cola 1.25L,Beverages,57
2026-03-18,P013,Coca Cola 1.25L,Beverages,26
2026-03-19,P013,Coca Cola 1.25L,Beverages,18
2026-03-20,P013,Coca Cola 1.25L,Beverages,20
2026-03-21,P013,Coca Cola 1.25L,Beverages,17
2026-03-22,P013,Coca Cola 1.25L,Beverages,19
2026-03-23,P013,Coca Cola 1.25L,Beverages,23
2026-03-24,P013,Coca Cola 1.25L,Beverages,29
2026-03-25,P013,Coca Cola 1.25L,Beverages,27
2026-03-26,P013,Coca Cola 1.25L,Beverages,23
2026-03-27,P013,Coca Cola 1.25L,Beverages,14
2026-03-28,P013,Coca Cola 1.25L,Beverages,12
2024-03-28,P014,Thumbs Up 1.25L,Beverages,5
2024-03-29,P014,Thumbs Up 1.25L,Beverages,7
2024-03-30,P014,Thumbs Up 1.25L,Beverages,11
2024-03-31,P014,Thumbs Up 1.25L,Beverages,9
2024-04-01,P014,Thumbs Up 1.25L,Beverages,7
2024-04-02,P014,Thumbs Up 1.25L,Beverages,9
2024-04-03,P014,Thumbs Up 1.25L,Beverages,11
2024-04-04,P014,Thumbs Up 1.25L,Beverages,8
2024-04-05,P014,Thumbs Up 1.25L,Beverages,6
2024-04-06,P014,Thumbs Up 1.25L,Beverages,5
2024-04-07,P014,Thumbs Up 1.25L,Beverages,7
2024-04-08,P014,Thumbs Up 1.25L,Beverages,10
2024-04-09,P014,Thumbs Up 1.25L,Beverages,11
2024-04-10,P014,Thumbs Up 1.25L,Beverages,10
2024-04-11,P014,Thumbs Up 1.25L,Beverages,9
2024-04-12,P014,Thumbs Up 1.25L,Beverages,10
2024-04-13,P014,Thumbs Up 1.25L,Beverages,9
2024-04-14,P014,Thumbs Up 1.25L,Beverages,8
2024-04-15,P014,Thumbs Up 1.25L,Beverages,11
2024-04-16,P014,Thumbs Up 1.25L,Beverages,10
2024-04-17,P014,Thumbs Up 1.25L,Beverages,11
2024-04-18,P014,Thumbs Up 1.25L,Beverages,8
2024-04-19,P014,Thumbs Up 1.25L,Beverages,6
2024-04-20,P014,Thumbs Up 1.25L,Beverages,8
2024-04-21,P014,Thumbs Up 1.25L,Beverages,5
2024-04-22,P014,Thumbs Up 1.25L,Beverages,57
2024-04-23,P014,Thumbs Up 1.25L,Beverages,10
2024-04-24,P014,Thumbs Up 1.25L,Beverages,14
2024-04-25,P014,Thumbs Up 1.25L,Beverages,9
2024-04-26,P014,Thumbs Up 1.25L,Beverages,10
2024-04-27,P014,Thumbs Up 1.25L,Beverages,8
2024-04-28,P014,Thumbs Up 1.25L,Beverages,9
2024-04-29,P014,Thumbs Up 1.25L,Beverages,11
2024-04-30,P014,Thumbs Up 1.25L,Beverages,13
2024-05-01,P014,Thumbs Up 1.25L,Beverages,13
2024-05-02,P014,Thumbs Up 1.25L,Beverages,8
2024-05-03,P014,Thumbs Up 1.25L,Beverages,8
2024-05-04,P014,Thumbs Up 1.25L,Beverages,6
2024-05-05,P014,Thumbs Up 1.25L,Beverages,10
2024-05-06,P014,Thumbs Up 1.25L,Beverages,11
2024-05-07,P014,Thumbs Up 1.25L,Beverages,14
2024-05-08,P014,Thumbs Up 1.25L,Beverages,12
2024-05-09,P014,Thumbs Up 1.25L,Beverages,7
2024-05-10,P014,Thumbs Up 1.25L,Beverages,6
2024-05-11,P014,Thumbs Up 1.25L,Beverages,10
2024-05-12,P014,Thumbs Up 1.25L,Beverages,5
2024-05-13,P014,Thumbs Up 1.25L,Beverages,9
2024-05-14,P014,Thumbs Up 1.25L,Beverages,11
2024-05-15,P014,Thumbs Up 1.25L,Beverages,11
2024-05-16,P014,Thumbs Up 1.25L,Beverages,9
2024-05-17,P014,Thumbs Up 1.25L,Beverages,9
2024-05-18,P014,Thumbs Up 1.25L,Beverages,4
2024-05-19,P014,Thumbs Up 1.25L,Beverages,9
2024-05-20,P014,Thumbs Up 1.25L,Beverages,6
2024-05-21,P014,Thumbs Up 1.25L,Beverages,13
2024-05-22,P014,Thumbs Up 1.25L,Beverages,10
2024-05-23,P014,Thumbs Up 1.25L,Beverages,5
2024-05-24,P014,Thumbs Up 1.25L,Beverages,7
2024-05-25,P014,Thumbs Up 1.25L,Beverages,8
2024-05-26,P014,Thumbs Up 1.25L,Beverages,11
2024-05-27,P014,Thumbs Up 1.25L,Beverages,10
2024-05-28,P014,Thumbs Up 1.25L,Beverages,12
2024-05-29,P014,Thumbs Up 1.25L,Beverages,14
2024-05-30,P014,Thumbs Up 1.25L,Beverages,8
2024-05-31,P014,Thumbs Up 1.25L,Beverages,10
2024-06-01,P014,Thumbs Up 1.25L,Beverages,10
2024-06-02,P014,Thumbs Up 1.25L,Beverages,6
2024-06-03,P014,Thumbs Up 1.25L,Beverages,12
2024-06-04,P014,Thumbs Up 1.25L,Beverages,9
2024-06-05,P014,Thumbs Up 1.25L,Beverages,13
2024-06-06,P014,Thumbs Up 1.25L,Beverages,6
2024-06-07,P014,Thumbs Up 1.25L,Beverages,10
2024-06-08,P014,Thumbs Up 1.25L,Beverages,12
2024-06-09,P014,Thumbs Up 1.25L,Beverages,8
2024-06-10,P014,Thumbs Up 1.25L,Beverages,9
2024-06-11,P014,Thumbs Up 1.25L,Beverages,13
2024-06-12,P014,Thumbs Up 1.25L,Beverages,11
2024-06-13,P014,Thumbs Up 1.25L,Beverages,12
2024-06-14,P014,Thumbs Up 1.25L,Beverages,9
2024-06-15,P014,Thumbs Up 1.25L,Beverages,8
2024-06-16,P014,Thumbs Up 1.25L,Beverages,8
2024-06-17,P014,Thumbs Up 1.25L,Beverages,8
2024-06-18,P014,Thumbs Up 1.25L,Beverages,10
2024-06-19,P014,Thumbs Up 1.25L,Beverages,11
2024-06-20,P014,Thumbs Up 1.25L,Beverages,8
2024-06-21,P014,Thumbs Up 1.25L,Beverages,8
2024-06-22,P014,Thumbs Up 1.25L,Beverages,12
2024-06-23,P014,Thumbs Up 1.25L,Beverages,7
2024-06-24,P014,Thumbs Up 1.25L,Beverages,10
2024-06-25,P014,Thumbs Up 1.25L,Beverages,13
2024-06-26,P014,Thumbs Up 1.25L,Beverages,13
2024-06-27,P014,Thumbs Up 1.25L,Beverages,9
2024-06-28,P014,Thumbs Up 1.25L,Beverages,8
2024-06-29,P014,Thumbs Up 1.25L,Beverages,10
2024-06-30,P014,Thumbs Up 1.25L,Beverages,9
2024-07-01,P014,Thumbs Up 1.25L,Beverages,9
2024-07-02,P014,Thumbs Up 1.25L,Beverages,9
2024-07-03,P014,Thumbs Up 1.25L,Beverages,11
2024-07-04,P014,Thumbs Up 1.25L,Beverages,7
2024-07-05,P014,Thumbs Up 1.25L,Beverages,8
2024-07-06,P014,Thumbs Up 1.25L,Beverages,9
2024-07-07,P014,Thumbs Up 1.25L,Beverages,9
2024-07-08,P014,Thumbs Up 1.25L,Beverages,13
2024-07-09,P014,Thumbs Up 1.25L,Beverages,11
2024-07-10,P014,Thumbs Up 1.25L,Beverages,13
2024-07-11,P014,Thumbs Up 1.25L,Beverages,9
2024-07-12,P014,Thumbs Up 1.25L,Beverages,11
2024-07-13,P014,Thumbs Up 1.25L,Beverages,10
2024-07-14,P014,Thumbs Up 1.25L,Beverages,7
2024-07-15,P014,Thumbs Up 1.25L,Beverages,7
2024-07-16,P014,Thumbs Up 1.25L,Beverages,12
2024-07-17,P014,Thumbs Up 1.25L,Beverages,11
2024-07-18,P014,Thumbs Up 1.25L,Beverages,7
2024-07-19,P014,Thumbs Up 1.25L,Beverages,6
2024-07-20,P014,Thumbs Up 1.25L,Beverages,9
2024-07-21,P014,Thumbs Up 1.25L,Beverages,11
2024-07-22,P014,Thumbs Up 1.25L,Beverages,9
2024-07-23,P014,Thumbs Up 1.25L,Beverages,13
2024-07-24,P014,Thumbs Up 1.25L,Beverages,11
2024-07-25,P014,Thumbs Up 1.25L,Beverages,6
2024-07-26,P014,Thumbs Up 1.25L,Beverages,10
2024-07-27,P014,Thumbs Up 1.25L,Beverages,7
2024-07-28,P014,Thumbs Up 1.25L,Beverages,9
2024-07-29,P014,Thumbs Up 1.25L,Beverages,9
2024-07-30,P014,Thumbs Up 1.25L,Beverages,13
2024-07-31,P014,Thumbs Up 1.25L,Beverages,10
2024-08-01,P014,Thumbs Up 1.25L,Beverages,10
2024-08-02,P014,Thumbs Up 1.25L,Beverages,7
2024-08-03,P014,Thumbs Up 1.25L,Beverages,8
2024-08-04,P014,Thumbs Up 1.25L,Beverages,2
2024-08-05,P014,Thumbs Up 1.25L,Beverages,14
2024-08-06,P014,Thumbs Up 1.25L,Beverages,13
2024-08-07,P014,Thumbs Up 1.25L,Beverages,10
2024-08-08,P014,Thumbs Up 1.25L,Beverages,7
2024-08-09,P014,Thumbs Up 1.25L,Beverages,8
2024-08-10,P014,Thumbs Up 1.25L,Beverages,10
2024-08-11,P014,Thumbs Up 1.25L,Beverages,5
2024-08-12,P014,Thumbs Up 1.25L,Beverages,10
2024-08-13,P014,Thumbs Up 1.25L,Beverages,15
2024-08-14,P014,Thumbs Up 1.25L,Beverages,10
2024-08-15,P014,Thumbs Up 1.25L,Beverages,9
2024-08-16,P014,Thumbs Up 1.25L,Beverages,13
2024-08-17,P014,Thumbs Up 1.25L,Beverages,10
2024-08-18,P014,Thumbs Up 1.25L,Beverages,9
2024-08-19,P014,Thumbs Up 1.25L,Beverages,11
2024-08-20,P014,Thumbs Up 1.25L,Beverages,11
2024-08-21,P014,Thumbs Up 1.25L,Beverages,14
2024-08-22,P014,Thumbs Up 1.25L,Beverages,8
2024-08-23,P014,Thumbs Up 1.25L,Beverages,5
2024-08-24,P014,Thumbs Up 1.25L,Beverages,8
2024-08-25,P014,Thumbs Up 1.25L,Beverages,7
2024-08-26,P014,Thumbs Up 1.25L,Beverages,9
2024-08-27,P014,Thumbs Up 1.25L,Beverages,11
2024-08-28,P014,Thumbs Up 1.25L,Beverages,14
2024-08-29,P014,Thumbs Up 1.25L,Beverages,10
2024-08-30,P014,Thumbs Up 1.25L,Beverages,9
2024-08-31,P014,Thumbs Up 1.25L,Beverages,9
2024-09-01,P014,Thumbs Up 1.25L,Beverages,7
2024-09-02,P014,Thumbs Up 1.25L,Beverages,6
2024-09-03,P014,Thumbs Up 1.25L,Beverages,12
2024-09-04,P014,Thumbs Up 1.25L,Beverages,13
2024-09-05,P014,Thumbs Up 1.25L,Beverages,9
2024-09-06,P014,Thumbs Up 1.25L,Beverages,8
2024-09-07,P014,Thumbs Up 1.25L,Beverages,10
2024-09-08,P014,Thumbs Up 1.25L,Beverages,9
2024-09-09,P014,Thumbs Up 1.25L,Beverages,13
2024-09-10,P014,Thumbs Up 1.25L,Beverages,14
2024-09-11,P014,Thumbs Up 1.25L,Beverages,13
2024-09-12,P014,Thumbs Up 1.25L,Beverages,10
2024-09-13,P014,Thumbs Up 1.25L,Beverages,7
2024-09-14,P014,Thumbs Up 1.25L,Beverages,10
2024-09-15,P014,Thumbs Up 1.25L,Beverages,10
2024-09-16,P014,Thumbs Up 1.25L,Beverages,11
2024-09-17,P014,Thumbs Up 1.25L,Beverages,13
2024-09-18,P014,Thumbs Up 1.25L,Beverages,13
2024-09-19,P014,Thumbs Up 1.25L,Beverages,14
2024-09-20,P014,Thumbs Up 1.25L,Beverages,9
2024-09-21,P014,Thumbs Up 1.25L,Beverages,11
2024-09-22,P014,Thumbs Up 1.25L,Beverages,8
2024-09-23,P014,Thumbs Up 1.25L,Beverages,11
2024-09-24,P014,Thumbs Up 1.25L,Beverages,43
2024-09-25,P014,Thumbs Up 1.25L,Beverages,12
2024-09-26,P014,Thumbs Up 1.25L,Beverages,12
2024-09-27,P014,Thumbs Up 1.25L,Beverages,7
2024-09-28,P014,Thumbs Up 1.25L,Beverages,8
2024-09-29,P014,Thumbs Up 1.25L,Beverages,9
2024-09-30,P014,Thumbs Up 1.25L,Beverages,11
2024-10-01,P014,Thumbs Up 1.25L,Beverages,12
2024-10-02,P014,Thumbs Up 1.25L,Beverages,14
2024-10-03,P014,Thumbs Up 1.25L,Beverages,8
2024-10-04,P014,Thumbs Up 1.25L,Beverages,7
2024-10-05,P014,Thumbs Up 1.25L,Beverages,10
2024-10-06,P014,Thumbs Up 1.25L,Beverages,9
2024-10-07,P014,Thumbs Up 1.25L,Beverages,11
2024-10-08,P014,Thumbs Up 1.25L,Beverages,12
2024-10-09,P014,Thumbs Up 1.25L,Beverages,11
2024-10-10,P014,Thumbs Up 1.25L,Beverages,9
2024-10-11,P014,Thumbs Up 1.25L,Beverages,9
2024-10-12,P014,Thumbs Up 1.25L,Beverages,8
2024-10-13,P014,Thumbs Up 1.25L,Beverages,9
2024-10-14,P014,Thumbs Up 1.25L,Beverages,9
2024-10-15,P014,Thumbs Up 1.25L,Beverages,13
2024-10-16,P014,Thumbs Up 1.25L,Beverages,12
2024-10-17,P014,Thumbs Up 1.25L,Beverages,13
2024-10-18,P014,Thumbs Up 1.25L,Beverages,9
2024-10-19,P014,Thumbs Up 1.25L,Beverages,8
2024-10-20,P014,Thumbs Up 1.25L,Beverages,14
2024-10-21,P014,Thumbs Up 1.25L,Beverages,11
2024-10-22,P014,Thumbs Up 1.25L,Beverages,14
2024-10-23,P014,Thumbs Up 1.25L,Beverages,13
2024-10-24,P014,Thumbs Up 1.25L,Beverages,10
2024-10-25,P014,Thumbs Up 1.25L,Beverages,10
2024-10-26,P014,Thumbs Up 1.25L,Beverages,7
2024-10-27,P014,Thumbs Up 1.25L,Beverages,10
2024-10-28,P014,Thumbs Up 1.25L,Beverages,8
2024-10-29,P014,Thumbs Up 1.25L,Beverages,12
2024-10-30,P014,Thumbs Up 1.25L,Beverages,11
2024-10-31,P014,Thumbs Up 1.25L,Beverages,10
2024-11-01,P014,Thumbs Up 1.25L,Beverages,10
2024-11-02,P014,Thumbs Up 1.25L,Beverages,10
2024-11-03,P014,Thumbs Up 1.25L,Beverages,10
2024-11-04,P014,Thumbs Up 1.25L,Beverages,9
2024-11-05,P014,Thumbs Up 1.25L,Beverages,11
2024-11-06,P014,Thumbs Up 1.25L,Beverages,14
2024-11-07,P014,Thumbs Up 1.25L,Beverages,11
2024-11-08,P014,Thumbs Up 1.25L,Beverages,7
2024-11-09,P014,Thumbs Up 1.25L,Beverages,6
2024-11-10,P014,Thumbs Up 1.25L,Beverages,8
2024-11-11,P014,Thumbs Up 1.25L,Beverages,12
2024-11-12,P014,Thumbs Up 1.25L,Beverages,14
2024-11-13,P014,Thumbs Up 1.25L,Beverages,10
2024-11-14,P014,Thumbs Up 1.25L,Beverages,10
2024-11-15,P014,Thumbs Up 1.25L,Beverages,12
2024-11-16,P014,Thumbs Up 1.25L,Beverages,10
2024-11-17,P014,Thumbs Up 1.25L,Beverages,12
2024-11-18,P014,Thumbs Up 1.25L,Beverages,12
2024-11-19,P014,Thumbs Up 1.25L,Beverages,10
2024-11-20,P014,Thumbs Up 1.25L,Beverages,12
2024-11-21,P014,Thumbs Up 1.25L,Beverages,9
2024-11-22,P014,Thumbs Up 1.25L,Beverages,9
2024-11-23,P014,Thumbs Up 1.25L,Beverages,11
2024-11-24,P014,Thumbs Up 1.25L,Beverages,10
2024-11-25,P014,Thumbs Up 1.25L,Beverages,5
2024-11-26,P014,Thumbs Up 1.25L,Beverages,10
2024-11-27,P014,Thumbs Up 1.25L,Beverages,8
2024-11-28,P014,Thumbs Up 1.25L,Beverages,9
2024-11-29,P014,Thumbs Up 1.25L,Beverages,10
2024-11-30,P014,Thumbs Up 1.25L,Beverages,10
2024-12-01,P014,Thumbs Up 1.25L,Beverages,7
2024-12-02,P014,Thumbs Up 1.25L,Beverages,11
2024-12-03,P014,Thumbs Up 1.25L,Beverages,13
2024-12-04,P014,Thumbs Up 1.25L,Beverages,10
2024-12-05,P014,Thumbs Up 1.25L,Beverages,6
2024-12-06,P014,Thumbs Up 1.25L,Beverages,9
2024-12-07,P014,Thumbs Up 1.25L,Beverages,12
2024-12-08,P014,Thumbs Up 1.25L,Beverages,12
2024-12-09,P014,Thumbs Up 1.25L,Beverages,11
2024-12-10,P014,Thumbs Up 1.25L,Beverages,11
2024-12-11,P014,Thumbs Up 1.25L,Beverages,14
2024-12-12,P014,Thumbs Up 1.25L,Beverages,8
2024-12-13,P014,Thumbs Up 1.25L,Beverages,8
2024-12-14,P014,Thumbs Up 1.25L,Beverages,5
2024-12-15,P014,Thumbs Up 1.25L,Beverages,9
2024-12-16,P014,Thumbs Up 1.25L,Beverages,9
2024-12-17,P014,Thumbs Up 1.25L,Beverages,12
2024-12-18,P014,Thumbs Up 1.25L,Beverages,8
2024-12-19,P014,Thumbs Up 1.25L,Beverages,9
2024-12-20,P014,Thumbs Up 1.25L,Beverages,5
2024-12-21,P014,Thumbs Up 1.25L,Beverages,11
2024-12-22,P014,Thumbs Up 1.25L,Beverages,10
2024-12-23,P014,Thumbs Up 1.25L,Beverages,10
2024-12-24,P014,Thumbs Up 1.25L,Beverages,13
2024-12-25,P014,Thumbs Up 1.25L,Beverages,10
2024-12-26,P014,Thumbs Up 1.25L,Beverages,9
2024-12-27,P014,Thumbs Up 1.25L,Beverages,11
2024-12-28,P014,Thumbs Up 1.25L,Beverages,4
2024-12-29,P014,Thumbs Up 1.25L,Beverages,8
2024-12-30,P014,Thumbs Up 1.25L,Beverages,10
2024-12-31,P014,Thumbs Up 1.25L,Beverages,12
2025-01-01,P014,Thumbs Up 1.25L,Beverages,15
2025-01-02,P014,Thumbs Up 1.25L,Beverages,7
2025-01-03,P014,Thumbs Up 1.25L,Beverages,8
2025-01-04,P014,Thumbs Up 1.25L,Beverages,6
2025-01-05,P014,Thumbs Up 1.25L,Beverages,12
2025-01-06,P014,Thumbs Up 1.25L,Beverages,10
2025-01-07,P014,Thumbs Up 1.25L,Beverages,11
2025-01-08,P014,Thumbs Up 1.25L,Beverages,12
2025-01-09,P014,Thumbs Up 1.25L,Beverages,10
2025-01-10,P014,Thumbs Up 1.25L,Beverages,10
2025-01-11,P014,Thumbs Up 1.25L,Beverages,14
2025-01-12,P014,Thumbs Up 1.25L,Beverages,10
2025-01-13,P014,Thumbs Up 1.25L,Beverages,9
2025-01-14,P014,Thumbs Up 1.25L,Beverages,11
2025-01-15,P014,Thumbs Up 1.25L,Beverages,11
2025-01-16,P014,Thumbs Up 1.25L,Beverages,7
2025-01-17,P014,Thumbs Up 1.25L,Beverages,9
2025-01-18,P014,Thumbs Up 1.25L,Beverages,11
2025-01-19,P014,Thumbs Up 1.25L,Beverages,8
2025-01-20,P014,Thumbs Up 1.25L,Beverages,9
2025-01-21,P014,Thumbs Up 1.25L,Beverages,15
2025-01-22,P014,Thumbs Up 1.25L,Beverages,10
2025-01-23,P014,Thumbs Up 1.25L,Beverages,6
2025-01-24,P014,Thumbs Up 1.25L,Beverages,7
2025-01-25,P014,Thumbs Up 1.25L,Beverages,6
2025-01-26,P014,Thumbs Up 1.25L,Beverages,57
2025-01-27,P014,Thumbs Up 1.25L,Beverages,10
2025-01-28,P014,Thumbs Up 1.25L,Beverages,12
2025-01-29,P014,Thumbs Up 1.25L,Beverages,14
2025-01-30,P014,Thumbs Up 1.25L,Beverages,8
2025-01-31,P014,Thumbs Up 1.25L,Beverages,11
2025-02-01,P014,Thumbs Up 1.25L,Beverages,12
2025-02-02,P014,Thumbs Up 1.25L,Beverages,8
2025-02-03,P014,Thumbs Up 1.25L,Beverages,12
2025-02-04,P014,Thumbs Up 1.25L,Beverages,12
2025-02-05,P014,Thumbs Up 1.25L,Beverages,14
2025-02-06,P014,Thumbs Up 1.25L,Beverages,6
2025-02-07,P014,Thumbs Up 1.25L,Beverages,6
2025-02-08,P014,Thumbs Up 1.25L,Beverages,9
2025-02-09,P014,Thumbs Up 1.25L,Beverages,8
2025-02-10,P014,Thumbs Up 1.25L,Beverages,9
2025-02-11,P014,Thumbs Up 1.25L,Beverages,12
2025-02-12,P014,Thumbs Up 1.25L,Beverages,14
2025-02-13,P014,Thumbs Up 1.25L,Beverages,9
2025-02-14,P014,Thumbs Up 1.25L,Beverages,8
2025-02-15,P014,Thumbs Up 1.25L,Beverages,9
2025-02-16,P014,Thumbs Up 1.25L,Beverages,8
2025-02-17,P014,Thumbs Up 1.25L,Beverages,9
2025-02-18,P014,Thumbs Up 1.25L,Beverages,9
2025-02-19,P014,Thumbs Up 1.25L,Beverages,12
2025-02-20,P014,Thumbs Up 1.25L,Beverages,8
2025-02-21,P014,Thumbs Up 1.25L,Beverages,11
2025-02-22,P014,Thumbs Up 1.25L,Beverages,7
2025-02-23,P014,Thumbs Up 1.25L,Beverages,8
2025-02-24,P014,Thumbs Up 1.25L,Beverages,14
2025-02-25,P014,Thumbs Up 1.25L,Beverages,58
2025-02-26,P014,Thumbs Up 1.25L,Beverages,12
2025-02-27,P014,Thumbs Up 1.25L,Beverages,7
2025-02-28,P014,Thumbs Up 1.25L,Beverages,7
2025-03-01,P014,Thumbs Up 1.25L,Beverages,12
2025-03-02,P014,Thumbs Up 1.25L,Beverages,10
2025-03-03,P014,Thumbs Up 1.25L,Beverages,49
2025-03-04,P014,Thumbs Up 1.25L,Beverages,9
2025-03-05,P014,Thumbs Up 1.25L,Beverages,13
2025-03-06,P014,Thumbs Up 1.25L,Beverages,11
2025-03-07,P014,Thumbs Up 1.25L,Beverages,11
2025-03-08,P014,Thumbs Up 1.25L,Beverages,11
2025-03-09,P014,Thumbs Up 1.25L,Beverages,7
2025-03-10,P014,Thumbs Up 1.25L,Beverages,11
2025-03-11,P014,Thumbs Up 1.25L,Beverages,14
2025-03-12,P014,Thumbs Up 1.25L,Beverages,9
2025-03-13,P014,Thumbs Up 1.25L,Beverages,7
2025-03-14,P014,Thumbs Up 1.25L,Beverages,11
2025-03-15,P014,Thumbs Up 1.25L,Beverages,11
2025-03-16,P014,Thumbs Up 1.25L,Beverages,7
2025-03-17,P014,Thumbs Up 1.25L,Beverages,12
2025-03-18,P014,Thumbs Up 1.25L,Beverages,13
2025-03-19,P014,Thumbs Up 1.25L,Beverages,14
2025-03-20,P014,Thumbs Up 1.25L,Beverages,8
2025-03-21,P014,Thumbs Up 1.25L,Beverages,11
2025-03-22,P014,Thumbs Up 1.25L,Beverages,11
2025-03-23,P014,Thumbs Up 1.25L,Beverages,9
2025-03-24,P014,Thumbs Up 1.25L,Beverages,10
2025-03-25,P014,Thumbs Up 1.25L,Beverages,11
2025-03-26,P014,Thumbs Up 1.25L,Beverages,15
2025-03-27,P014,Thumbs Up 1.25L,Beverages,9
2025-03-28,P014,Thumbs Up 1.25L,Beverages,8
2025-03-29,P014,Thumbs Up 1.25L,Beverages,8
2025-03-30,P014,Thumbs Up 1.25L,Beverages,10
2025-03-31,P014,Thumbs Up 1.25L,Beverages,12
2025-04-01,P014,Thumbs Up 1.25L,Beverages,10
2025-04-02,P014,Thumbs Up 1.25L,Beverages,16
2025-04-03,P014,Thumbs Up 1.25L,Beverages,10
2025-04-04,P014,Thumbs Up 1.25L,Beverages,10
2025-04-05,P014,Thumbs Up 1.25L,Beverages,9
2025-04-06,P014,Thumbs Up 1.25L,Beverages,9
2025-04-07,P014,Thumbs Up 1.25L,Beverages,10
2025-04-08,P014,Thumbs Up 1.25L,Beverages,14
2025-04-09,P014,Thumbs Up 1.25L,Beverages,12
2025-04-10,P014,Thumbs Up 1.25L,Beverages,11
2025-04-11,P014,Thumbs Up 1.25L,Beverages,9
2025-04-12,P014,Thumbs Up 1.25L,Beverages,10
2025-04-13,P014,Thumbs Up 1.25L,Beverages,8
2025-04-14,P014,Thumbs Up 1.25L,Beverages,13
2025-04-15,P014,Thumbs Up 1.25L,Beverages,11
2025-04-16,P014,Thumbs Up 1.25L,Beverages,12
2025-04-17,P014,Thumbs Up 1.25L,Beverages,9
2025-04-18,P014,Thumbs Up 1.25L,Beverages,9
2025-04-19,P014,Thumbs Up 1.25L,Beverages,11
2025-04-20,P014,Thumbs Up 1.25L,Beverages,9
2025-04-21,P014,Thumbs Up 1.25L,Beverages,13
2025-04-22,P014,Thumbs Up 1.25L,Beverages,11
2025-04-23,P014,Thumbs Up 1.25L,Beverages,13
2025-04-24,P014,Thumbs Up 1.25L,Beverages,8
2025-04-25,P014,Thumbs Up 1.25L,Beverages,10
2025-04-26,P014,Thumbs Up 1.25L,Beverages,9
2025-04-27,P014,Thumbs Up 1.25L,Beverages,9
2025-04-28,P014,Thumbs Up 1.25L,Beverages,13
2025-04-29,P014,Thumbs Up 1.25L,Beverages,11
2025-04-30,P014,Thumbs Up 1.25L,Beverages,14
2025-05-01,P014,Thumbs Up 1.25L,Beverages,8
2025-05-02,P014,Thumbs Up 1.25L,Beverages,10
2025-05-03,P014,Thumbs Up 1.25L,Beverages,7
2025-05-04,P014,Thumbs Up 1.25L,Beverages,8
2025-05-05,P014,Thumbs Up 1.25L,Beverages,10
2025-05-06,P014,Thumbs Up 1.25L,Beverages,16
2025-05-07,P014,Thumbs Up 1.25L,Beverages,13
2025-05-08,P014,Thumbs Up 1.25L,Beverages,12
2025-05-09,P014,Thumbs Up 1.25L,Beverages,10
2025-05-10,P014,Thumbs Up 1.25L,Beverages,9
2025-05-11,P014,Thumbs Up 1.25L,Beverages,12
2025-05-12,P014,Thumbs Up 1.25L,Beverages,11
2025-05-13,P014,Thumbs Up 1.25L,Beverages,11
2025-05-14,P014,Thumbs Up 1.25L,Beverages,13
2025-05-15,P014,Thumbs Up 1.25L,Beverages,9
2025-05-16,P014,Thumbs Up 1.25L,Beverages,6
2025-05-17,P014,Thumbs Up 1.25L,Beverages,11
2025-05-18,P014,Thumbs Up 1.25L,Beverages,11
2025-05-19,P014,Thumbs Up 1.25L,Beverages,14
2025-05-20,P014,Thumbs Up 1.25L,Beverages,13
2025-05-21,P014,Thumbs Up 1.25L,Beverages,12
2025-05-22,P014,Thumbs Up 1.25L,Beverages,11
2025-05-23,P014,Thumbs Up 1.25L,Beverages,11
2025-05-24,P014,Thumbs Up 1.25L,Beverages,12
2025-05-25,P014,Thumbs Up 1.25L,Beverages,9
2025-05-26,P014,Thumbs Up 1.25L,Beverages,10
2025-05-27,P014,Thumbs Up 1.25L,Beverages,11
2025-05-28,P014,Thumbs Up 1.25L,Beverages,14
2025-05-29,P014,Thumbs Up 1.25L,Beverages,7
2025-05-30,P014,Thumbs Up 1.25L,Beverages,11
2025-05-31,P014,Thumbs Up 1.25L,Beverages,11
2025-06-01,P014,Thumbs Up 1.25L,Beverages,11
2025-06-02,P014,Thumbs Up 1.25L,Beverages,11
2025-06-03,P014,Thumbs Up 1.25L,Beverages,15
2025-06-04,P014,Thumbs Up 1.25L,Beverages,14
2025-06-05,P014,Thumbs Up 1.25L,Beverages,8
2025-06-06,P014,Thumbs Up 1.25L,Beverages,9
2025-06-07,P014,Thumbs Up 1.25L,Beverages,8
2025-06-08,P014,Thumbs Up 1.25L,Beverages,11
2025-06-09,P014,Thumbs Up 1.25L,Beverages,9
2025-06-10,P014,Thumbs Up 1.25L,Beverages,15
2025-06-11,P014,Thumbs Up 1.25L,Beverages,15
2025-06-12,P014,Thumbs Up 1.25L,Beverages,8
2025-06-13,P014,Thumbs Up 1.25L,Beverages,9
2025-06-14,P014,Thumbs Up 1.25L,Beverages,10
2025-06-15,P014,Thumbs Up 1.25L,Beverages,11
2025-06-16,P014,Thumbs Up 1.25L,Beverages,14
2025-06-17,P014,Thumbs Up 1.25L,Beverages,10
2025-06-18,P014,Thumbs Up 1.25L,Beverages,12
2025-06-19,P014,Thumbs Up 1.25L,Beverages,9
2025-06-20,P014,Thumbs Up 1.25L,Beverages,7
2025-06-21,P014,Thumbs Up 1.25L,Beverages,9
2025-06-22,P014,Thumbs Up 1.25L,Beverages,43
2025-06-23,P014,Thumbs Up 1.25L,Beverages,10
2025-06-24,P014,Thumbs Up 1.25L,Beverages,10
2025-06-25,P014,Thumbs Up 1.25L,Beverages,18
2025-06-26,P014,Thumbs Up 1.25L,Beverages,10
2025-06-27,P014,Thumbs Up 1.25L,Beverages,10
2025-06-28,P014,Thumbs Up 1.25L,Beverages,8
2025-06-29,P014,Thumbs Up 1.25L,Beverages,10
2025-06-30,P014,Thumbs Up 1.25L,Beverages,40
2025-07-01,P014,Thumbs Up 1.25L,Beverages,9
2025-07-02,P014,Thumbs Up 1.25L,Beverages,11
2025-07-03,P014,Thumbs Up 1.25L,Beverages,11
2025-07-04,P014,Thumbs Up 1.25L,Beverages,13
2025-07-05,P014,Thumbs Up 1.25L,Beverages,10
2025-07-06,P014,Thumbs Up 1.25L,Beverages,12
2025-07-07,P014,Thumbs Up 1.25L,Beverages,10
2025-07-08,P014,Thumbs Up 1.25L,Beverages,13
2025-07-09,P014,Thumbs Up 1.25L,Beverages,15
2025-07-10,P014,Thumbs Up 1.25L,Beverages,13
2025-07-11,P014,Thumbs Up 1.25L,Beverages,12
2025-07-12,P014,Thumbs Up 1.25L,Beverages,8
2025-07-13,P014,Thumbs Up 1.25L,Beverages,10
2025-07-14,P014,Thumbs Up 1.25L,Beverages,11
2025-07-15,P014,Thumbs Up 1.25L,Beverages,12
2025-07-16,P014,Thumbs Up 1.25L,Beverages,13
2025-07-17,P014,Thumbs Up 1.25L,Beverages,11
2025-07-18,P014,Thumbs Up 1.25L,Beverages,11
2025-07-19,P014,Thumbs Up 1.25L,Beverages,13
2025-07-20,P014,Thumbs Up 1.25L,Beverages,9
2025-07-21,P014,Thumbs Up 1.25L,Beverages,8
2025-07-22,P014,Thumbs Up 1.25L,Beverages,13
2025-07-23,P014,Thumbs Up 1.25L,Beverages,16
2025-07-24,P014,Thumbs Up 1.25L,Beverages,9
2025-07-25,P014,Thumbs Up 1.25L,Beverages,11
2025-07-26,P014,Thumbs Up 1.25L,Beverages,11
2025-07-27,P014,Thumbs Up 1.25L,Beverages,10
2025-07-28,P014,Thumbs Up 1.25L,Beverages,11
2025-07-29,P014,Thumbs Up 1.25L,Beverages,11
2025-07-30,P014,Thumbs Up 1.25L,Beverages,9
2025-07-31,P014,Thumbs Up 1.25L,Beverages,8
2025-08-01,P014,Thumbs Up 1.25L,Beverages,9
2025-08-02,P014,Thumbs Up 1.25L,Beverages,12
2025-08-03,P014,Thumbs Up 1.25L,Beverages,10
2025-08-04,P014,Thumbs Up 1.25L,Beverages,10
2025-08-05,P014,Thumbs Up 1.25L,Beverages,11
2025-08-06,P014,Thumbs Up 1.25L,Beverages,14
2025-08-07,P014,Thumbs Up 1.25L,Beverages,12
2025-08-08,P014,Thumbs Up 1.25L,Beverages,12
2025-08-09,P014,Thumbs Up 1.25L,Beverages,11
2025-08-10,P014,Thumbs Up 1.25L,Beverages,7
2025-08-11,P014,Thumbs Up 1.25L,Beverages,10
2025-08-12,P014,Thumbs Up 1.25L,Beverages,16
2025-08-13,P014,Thumbs Up 1.25L,Beverages,15
2025-08-14,P014,Thumbs Up 1.25L,Beverages,7
2025-08-15,P014,Thumbs Up 1.25L,Beverages,10
2025-08-16,P014,Thumbs Up 1.25L,Beverages,10
2025-08-17,P014,Thumbs Up 1.25L,Beverages,8
2025-08-18,P014,Thumbs Up 1.25L,Beverages,7
2025-08-19,P014,Thumbs Up 1.25L,Beverages,13
2025-08-20,P014,Thumbs Up 1.25L,Beverages,11
2025-08-21,P014,Thumbs Up 1.25L,Beverages,8
2025-08-22,P014,Thumbs Up 1.25L,Beverages,9
2025-08-23,P014,Thumbs Up 1.25L,Beverages,10
2025-08-24,P014,Thumbs Up 1.25L,Beverages,10
2025-08-25,P014,Thumbs Up 1.25L,Beverages,9
2025-08-26,P014,Thumbs Up 1.25L,Beverages,12
2025-08-27,P014,Thumbs Up 1.25L,Beverages,10
2025-08-28,P014,Thumbs Up 1.25L,Beverages,10
2025-08-29,P014,Thumbs Up 1.25L,Beverages,5
2025-08-30,P014,Thumbs Up 1.25L,Beverages,9
2025-08-31,P014,Thumbs Up 1.25L,Beverages,11
2025-09-01,P014,Thumbs Up 1.25L,Beverages,9
2025-09-02,P014,Thumbs Up 1.25L,Beverages,14
2025-09-03,P014,Thumbs Up 1.25L,Beverages,15
2025-09-04,P014,Thumbs Up 1.25L,Beverages,4
2025-09-05,P014,Thumbs Up 1.25L,Beverages,10
2025-09-06,P014,Thumbs Up 1.25L,Beverages,5
2025-09-07,P014,Thumbs Up 1.25L,Beverages,10
2025-09-08,P014,Thumbs Up 1.25L,Beverages,11
2025-09-09,P014,Thumbs Up 1.25L,Beverages,8
2025-09-10,P014,Thumbs Up 1.25L,Beverages,16
2025-09-11,P014,Thumbs Up 1.25L,Beverages,10
2025-09-12,P014,Thumbs Up 1.25L,Beverages,8
2025-09-13,P014,Thumbs Up 1.25L,Beverages,12
2025-09-14,P014,Thumbs Up 1.25L,Beverages,7
2025-09-15,P014,Thumbs Up 1.25L,Beverages,9
2025-09-16,P014,Thumbs Up 1.25L,Beverages,9
2025-09-17,P014,Thumbs Up 1.25L,Beverages,16
2025-09-18,P014,Thumbs Up 1.25L,Beverages,10
2025-09-19,P014,Thumbs Up 1.25L,Beverages,11
2025-09-20,P014,Thumbs Up 1.25L,Beverages,10
2025-09-21,P014,Thumbs Up 1.25L,Beverages,11
2025-09-22,P014,Thumbs Up 1.25L,Beverages,11
2025-09-23,P014,Thumbs Up 1.25L,Beverages,13
2025-09-24,P014,Thumbs Up 1.25L,Beverages,13
2025-09-25,P014,Thumbs Up 1.25L,Beverages,9
2025-09-26,P014,Thumbs Up 1.25L,Beverages,10
2025-09-27,P014,Thumbs Up 1.25L,Beverages,10
2025-09-28,P014,Thumbs Up 1.25L,Beverages,10
2025-09-29,P014,Thumbs Up 1.25L,Beverages,8
2025-09-30,P014,Thumbs Up 1.25L,Beverages,11
2025-10-01,P014,Thumbs Up 1.25L,Beverages,15
2025-10-02,P014,Thumbs Up 1.25L,Beverages,53
2025-10-03,P014,Thumbs Up 1.25L,Beverages,11
2025-10-04,P014,Thumbs Up 1.25L,Beverages,8
2025-10-05,P014,Thumbs Up 1.25L,Beverages,7
2025-10-06,P014,Thumbs Up 1.25L,Beverages,9
2025-10-07,P014,Thumbs Up 1.25L,Beverages,13
2025-10-08,P014,Thumbs Up 1.25L,Beverages,12
2025-10-09,P014,Thumbs Up 1.25L,Beverages,12
2025-10-10,P014,Thumbs Up 1.25L,Beverages,10
2025-10-11,P014,Thumbs Up 1.25L,Beverages,13
2025-10-12,P014,Thumbs Up 1.25L,Beverages,11
2025-10-13,P014,Thumbs Up 1.25L,Beverages,7
2025-10-14,P014,Thumbs Up 1.25L,Beverages,15
2025-10-15,P014,Thumbs Up 1.25L,Beverages,10
2025-10-16,P014,Thumbs Up 1.25L,Beverages,10
2025-10-17,P014,Thumbs Up 1.25L,Beverages,9
2025-10-18,P014,Thumbs Up 1.25L,Beverages,14
2025-10-19,P014,Thumbs Up 1.25L,Beverages,12
2025-10-20,P014,Thumbs Up 1.25L,Beverages,10
2025-10-21,P014,Thumbs Up 1.25L,Beverages,13
2025-10-22,P014,Thumbs Up 1.25L,Beverages,13
2025-10-23,P014,Thumbs Up 1.25L,Beverages,11
2025-10-24,P014,Thumbs Up 1.25L,Beverages,10
2025-10-25,P014,Thumbs Up 1.25L,Beverages,8
2025-10-26,P014,Thumbs Up 1.25L,Beverages,9
2025-10-27,P014,Thumbs Up 1.25L,Beverages,11
2025-10-28,P014,Thumbs Up 1.25L,Beverages,15
2025-10-29,P014,Thumbs Up 1.25L,Beverages,14
2025-10-30,P014,Thumbs Up 1.25L,Beverages,9
2025-10-31,P014,Thumbs Up 1.25L,Beverages,11
2025-11-01,P014,Thumbs Up 1.25L,Beverages,9
2025-11-02,P014,Thumbs Up 1.25L,Beverages,12
2025-11-03,P014,Thumbs Up 1.25L,Beverages,16
2025-11-04,P014,Thumbs Up 1.25L,Beverages,12
2025-11-05,P014,Thumbs Up 1.25L,Beverages,15
2025-11-06,P014,Thumbs Up 1.25L,Beverages,9
2025-11-07,P014,Thumbs Up 1.25L,Beverages,10
2025-11-08,P014,Thumbs Up 1.25L,Beverages,10
2025-11-09,P014,Thumbs Up 1.25L,Beverages,10
2025-11-10,P014,Thumbs Up 1.25L,Beverages,15
2025-11-11,P014,Thumbs Up 1.25L,Beverages,13
2025-11-12,P014,Thumbs Up 1.25L,Beverages,14
2025-11-13,P014,Thumbs Up 1.25L,Beverages,6
2025-11-14,P014,Thumbs Up 1.25L,Beverages,11
2025-11-15,P014,Thumbs Up 1.25L,Beverages,12
2025-11-16,P014,Thumbs Up 1.25L,Beverages,9
2025-11-17,P014,Thumbs Up 1.25L,Beverages,7
2025-11-18,P014,Thumbs Up 1.25L,Beverages,13
2025-11-19,P014,Thumbs Up 1.25L,Beverages,13
2025-11-20,P014,Thumbs Up 1.25L,Beverages,11
2025-11-21,P014,Thumbs Up 1.25L,Beverages,14
2025-11-22,P014,Thumbs Up 1.25L,Beverages,9
2025-11-23,P014,Thumbs Up 1.25L,Beverages,8
2025-11-24,P014,Thumbs Up 1.25L,Beverages,9
2025-11-25,P014,Thumbs Up 1.25L,Beverages,14
2025-11-26,P014,Thumbs Up 1.25L,Beverages,14
2025-11-27,P014,Thumbs Up 1.25L,Beverages,9
2025-11-28,P014,Thumbs Up 1.25L,Beverages,11
2025-11-29,P014,Thumbs Up 1.25L,Beverages,11
2025-11-30,P014,Thumbs Up 1.25L,Beverages,10
2025-12-01,P014,Thumbs Up 1.25L,Beverages,9
2025-12-02,P014,Thumbs Up 1.25L,Beverages,12
2025-12-03,P014,Thumbs Up 1.25L,Beverages,9
2025-12-04,P014,Thumbs Up 1.25L,Beverages,10
2025-12-05,P014,Thumbs Up 1.25L,Beverages,10
2025-12-06,P014,Thumbs Up 1.25L,Beverages,10
2025-12-07,P014,Thumbs Up 1.25L,Beverages,11
2025-12-08,P014,Thumbs Up 1.25L,Beverages,12
2025-12-09,P014,Thumbs Up 1.25L,Beverages,13
2025-12-10,P014,Thumbs Up 1.25L,Beverages,13
2025-12-11,P014,Thumbs Up 1.25L,Beverages,8
2025-12-12,P014,Thumbs Up 1.25L,Beverages,9
2025-12-13,P014,Thumbs Up 1.25L,Beverages,10
2025-12-14,P014,Thumbs Up 1.25L,Beverages,9
2025-12-15,P014,Thumbs Up 1.25L,Beverages,13
2025-12-16,P014,Thumbs Up 1.25L,Beverages,12
2025-12-17,P014,Thumbs Up 1.25L,Beverages,14
2025-12-18,P014,Thumbs Up 1.25L,Beverages,10
2025-12-19,P014,Thumbs Up 1.25L,Beverages,11
2025-12-20,P014,Thumbs Up 1.25L,Beverages,12
2025-12-21,P014,Thumbs Up 1.25L,Beverages,11
2025-12-22,P014,Thumbs Up 1.25L,Beverages,7
2025-12-23,P014,Thumbs Up 1.25L,Beverages,15
2025-12-24,P014,Thumbs Up 1.25L,Beverages,16
2025-12-25,P014,Thumbs Up 1.25L,Beverages,9
2025-12-26,P014,Thumbs Up 1.25L,Beverages,10
2025-12-27,P014,Thumbs Up 1.25L,Beverages,8
2025-12-28,P014,Thumbs Up 1.25L,Beverages,7
2025-12-29,P014,Thumbs Up 1.25L,Beverages,10
2025-12-30,P014,Thumbs Up 1.25L,Beverages,12
2025-12-31,P014,Thumbs Up 1.25L,Beverages,13
2026-01-01,P014,Thumbs Up 1.25L,Beverages,8
2026-01-02,P014,Thumbs Up 1.25L,Beverages,9
2026-01-03,P014,Thumbs Up 1.25L,Beverages,10
2026-01-04,P014,Thumbs Up 1.25L,Beverages,9
2026-01-05,P014,Thumbs Up 1.25L,Beverages,12
2026-01-06,P014,Thumbs Up 1.25L,Beverages,15
2026-01-07,P014,Thumbs Up 1.25L,Beverages,18
2026-01-08,P014,Thumbs Up 1.25L,Beverages,12
2026-01-09,P014,Thumbs Up 1.25L,Beverages,11
2026-01-10,P014,Thumbs Up 1.25L,Beverages,9
2026-01-11,P014,Thumbs Up 1.25L,Beverages,11
2026-01-12,P014,Thumbs Up 1.25L,Beverages,12
2026-01-13,P014,Thumbs Up 1.25L,Beverages,12
2026-01-14,P014,Thumbs Up 1.25L,Beverages,15
2026-01-15,P014,Thumbs Up 1.25L,Beverages,8
2026-01-16,P014,Thumbs Up 1.25L,Beverages,10
2026-01-17,P014,Thumbs Up 1.25L,Beverages,11
2026-01-18,P014,Thumbs Up 1.25L,Beverages,10
2026-01-19,P014,Thumbs Up 1.25L,Beverages,11
2026-01-20,P014,Thumbs Up 1.25L,Beverages,13
2026-01-21,P014,Thumbs Up 1.25L,Beverages,12
2026-01-22,P014,Thumbs Up 1.25L,Beverages,12
2026-01-23,P014,Thumbs Up 1.25L,Beverages,8
2026-01-24,P014,Thumbs Up 1.25L,Beverages,11
2026-01-25,P014,Thumbs Up 1.25L,Beverages,11
2026-01-26,P014,Thumbs Up 1.25L,Beverages,31
2026-01-27,P014,Thumbs Up 1.25L,Beverages,13
2026-01-28,P014,Thumbs Up 1.25L,Beverages,12
2026-01-29,P014,Thumbs Up 1.25L,Beverages,13
2026-01-30,P014,Thumbs Up 1.25L,Beverages,8
2026-01-31,P014,Thumbs Up 1.25L,Beverages,9
2026-02-01,P014,Thumbs Up 1.25L,Beverages,8
2026-02-02,P014,Thumbs Up 1.25L,Beverages,9
2026-02-03,P014,Thumbs Up 1.25L,Beverages,16
2026-02-04,P014,Thumbs Up 1.25L,Beverages,14
2026-02-05,P014,Thumbs Up 1.25L,Beverages,10
2026-02-06,P014,Thumbs Up 1.25L,Beverages,9
2026-02-07,P014,Thumbs Up 1.25L,Beverages,12
2026-02-08,P014,Thumbs Up 1.25L,Beverages,9
2026-02-09,P014,Thumbs Up 1.25L,Beverages,13
2026-02-10,P014,Thumbs Up 1.25L,Beverages,12
2026-02-11,P014,Thumbs Up 1.25L,Beverages,12
2026-02-12,P014,Thumbs Up 1.25L,Beverages,12
2026-02-13,P014,Thumbs Up 1.25L,Beverages,12
2026-02-14,P014,Thumbs Up 1.25L,Beverages,11
2026-02-15,P014,Thumbs Up 1.25L,Beverages,8
2026-02-16,P014,Thumbs Up 1.25L,Beverages,10
2026-02-17,P014,Thumbs Up 1.25L,Beverages,14
2026-02-18,P014,Thumbs Up 1.25L,Beverages,12
2026-02-19,P014,Thumbs Up 1.25L,Beverages,13
2026-02-20,P014,Thumbs Up 1.25L,Beverages,6
2026-02-21,P014,Thumbs Up 1.25L,Beverages,9
2026-02-22,P014,Thumbs Up 1.25L,Beverages,9
2026-02-23,P014,Thumbs Up 1.25L,Beverages,6
2026-02-24,P014,Thumbs Up 1.25L,Beverages,11
2026-02-25,P014,Thumbs Up 1.25L,Beverages,15
2026-02-26,P014,Thumbs Up 1.25L,Beverages,10
2026-02-27,P014,Thumbs Up 1.25L,Beverages,13
2026-02-28,P014,Thumbs Up 1.25L,Beverages,13
2026-03-01,P014,Thumbs Up 1.25L,Beverages,11
2026-03-02,P014,Thumbs Up 1.25L,Beverages,12
2026-03-03,P014,Thumbs Up 1.25L,Beverages,14
2026-03-04,P014,Thumbs Up 1.25L,Beverages,9
2026-03-05,P014,Thumbs Up 1.25L,Beverages,8
2026-03-06,P014,Thumbs Up 1.25L,Beverages,10
2026-03-07,P014,Thumbs Up 1.25L,Beverages,11
2026-03-08,P014,Thumbs Up 1.25L,Beverages,11
2026-03-09,P014,Thumbs Up 1.25L,Beverages,10
2026-03-10,P014,Thumbs Up 1.25L,Beverages,15
2026-03-11,P014,Thumbs Up 1.25L,Beverages,16
2026-03-12,P014,Thumbs Up 1.25L,Beverages,12
2026-03-13,P014,Thumbs Up 1.25L,Beverages,12
2026-03-14,P014,Thumbs Up 1.25L,Beverages,9
2026-03-15,P014,Thumbs Up 1.25L,Beverages,12
2026-03-16,P014,Thumbs Up 1.25L,Beverages,12
2026-03-17,P014,Thumbs Up 1.25L,Beverages,14
2026-03-18,P014,Thumbs Up 1.25L,Beverages,14
2026-03-19,P014,Thumbs Up 1.25L,Beverages,10
2026-03-20,P014,Thumbs Up 1.25L,Beverages,9
2026-03-21,P014,Thumbs Up 1.25L,Beverages,48
2026-03-22,P014,Thumbs Up 1.25L,Beverages,12
2026-03-23,P014,Thumbs Up 1.25L,Beverages,11
2026-03-24,P014,Thumbs Up 1.25L,Beverages,15
2026-03-25,P014,Thumbs Up 1.25L,Beverages,15
2026-03-26,P014,Thumbs Up 1.25L,Beverages,10
2026-03-27,P014,Thumbs Up 1.25L,Beverages,13
2026-03-28,P014,Thumbs Up 1.25L,Beverages,10
2024-03-28,P015,Red Label Tea 250g,Beverages,23
2024-03-29,P015,Red Label Tea 250g,Beverages,19
2024-03-30,P015,Red Label Tea 250g,Beverages,20
2024-03-31,P015,Red Label Tea 250g,Beverages,15
2024-04-01,P015,Red Label Tea 250g,Beverages,21
2024-04-02,P015,Red Label Tea 250g,Beverages,28
2024-04-03,P015,Red Label Tea 250g,Beverages,22
2024-04-04,P015,Red Label Tea 250g,Beverages,63
2024-04-05,P015,Red Label Tea 250g,Beverages,15
2024-04-06,P015,Red Label Tea 250g,Beverages,13
2024-04-07,P015,Red Label Tea 250g,Beverages,15
2024-04-08,P015,Red Label Tea 250g,Beverages,23
2024-04-09,P015,Red Label Tea 250g,Beverages,23
2024-04-10,P015,Red Label Tea 250g,Beverages,21
2024-04-11,P015,Red Label Tea 250g,Beverages,27
2024-04-12,P015,Red Label Tea 250g,Beverages,16
2024-04-13,P015,Red Label Tea 250g,Beverages,21
2024-04-14,P015,Red Label Tea 250g,Beverages,20
2024-04-15,P015,Red Label Tea 250g,Beverages,21
2024-04-16,P015,Red Label Tea 250g,Beverages,17
2024-04-17,P015,Red Label Tea 250g,Beverages,29
2024-04-18,P015,Red Label Tea 250g,Beverages,20
2024-04-19,P015,Red Label Tea 250g,Beverages,22
2024-04-20,P015,Red Label Tea 250g,Beverages,23
2024-04-21,P015,Red Label Tea 250g,Beverages,25
2024-04-22,P015,Red Label Tea 250g,Beverages,17
2024-04-23,P015,Red Label Tea 250g,Beverages,22
2024-04-24,P015,Red Label Tea 250g,Beverages,22
2024-04-25,P015,Red Label Tea 250g,Beverages,15
2024-04-26,P015,Red Label Tea 250g,Beverages,24
2024-04-27,P015,Red Label Tea 250g,Beverages,15
2024-04-28,P015,Red Label Tea 250g,Beverages,17
2024-04-29,P015,Red Label Tea 250g,Beverages,14
2024-04-30,P015,Red Label Tea 250g,Beverages,27
2024-05-01,P015,Red Label Tea 250g,Beverages,24
2024-05-02,P015,Red Label Tea 250g,Beverages,22
2024-05-03,P015,Red Label Tea 250g,Beverages,21
2024-05-04,P015,Red Label Tea 250g,Beverages,12
2024-05-05,P015,Red Label Tea 250g,Beverages,19
2024-05-06,P015,Red Label Tea 250g,Beverages,16
2024-05-07,P015,Red Label Tea 250g,Beverages,25
2024-05-08,P015,Red Label Tea 250g,Beverages,22
2024-05-09,P015,Red Label Tea 250g,Beverages,26
2024-05-10,P015,Red Label Tea 250g,Beverages,29
2024-05-11,P015,Red Label Tea 250g,Beverages,18
2024-05-12,P015,Red Label Tea 250g,Beverages,19
2024-05-13,P015,Red Label Tea 250g,Beverages,12
2024-05-14,P015,Red Label Tea 250g,Beverages,18
2024-05-15,P015,Red Label Tea 250g,Beverages,26
2024-05-16,P015,Red Label Tea 250g,Beverages,19
2024-05-17,P015,Red Label Tea 250g,Beverages,20
2024-05-18,P015,Red Label Tea 250g,Beverages,16
2024-05-19,P015,Red Label Tea 250g,Beverages,20
2024-05-20,P015,Red Label Tea 250g,Beverages,11
2024-05-21,P015,Red Label Tea 250g,Beverages,22
2024-05-22,P015,Red Label Tea 250g,Beverages,26
2024-05-23,P015,Red Label Tea 250g,Beverages,25
2024-05-24,P015,Red Label Tea 250g,Beverages,18
2024-05-25,P015,Red Label Tea 250g,Beverages,21
2024-05-26,P015,Red Label Tea 250g,Beverages,16
2024-05-27,P015,Red Label Tea 250g,Beverages,22
2024-05-28,P015,Red Label Tea 250g,Beverages,23
2024-05-29,P015,Red Label Tea 250g,Beverages,32
2024-05-30,P015,Red Label Tea 250g,Beverages,18
2024-05-31,P015,Red Label Tea 250g,Beverages,18
2024-06-01,P015,Red Label Tea 250g,Beverages,22
2024-06-02,P015,Red Label Tea 250g,Beverages,21
2024-06-03,P015,Red Label Tea 250g,Beverages,19
2024-06-04,P015,Red Label Tea 250g,Beverages,26
2024-06-05,P015,Red Label Tea 250g,Beverages,21
2024-06-06,P015,Red Label Tea 250g,Beverages,20
2024-06-07,P015,Red Label Tea 250g,Beverages,21
2024-06-08,P015,Red Label Tea 250g,Beverages,17
2024-06-09,P015,Red Label Tea 250g,Beverages,17
2024-06-10,P015,Red Label Tea 250g,Beverages,18
2024-06-11,P015,Red Label Tea 250g,Beverages,19
2024-06-12,P015,Red Label Tea 250g,Beverages,26
2024-06-13,P015,Red Label Tea 250g,Beverages,17
2024-06-14,P015,Red Label Tea 250g,Beverages,21
2024-06-15,P015,Red Label Tea 250g,Beverages,18
2024-06-16,P015,Red Label Tea 250g,Beverages,21
2024-06-17,P015,Red Label Tea 250g,Beverages,14
2024-06-18,P015,Red Label Tea 250g,Beverages,20
2024-06-19,P015,Red Label Tea 250g,Beverages,22
2024-06-20,P015,Red Label Tea 250g,Beverages,23
2024-06-21,P015,Red Label Tea 250g,Beverages,20
2024-06-22,P015,Red Label Tea 250g,Beverages,18
2024-06-23,P015,Red Label Tea 250g,Beverages,17
2024-06-24,P015,Red Label Tea 250g,Beverages,23
2024-06-25,P015,Red Label Tea 250g,Beverages,23
2024-06-26,P015,Red Label Tea 250g,Beverages,28
2024-06-27,P015,Red Label Tea 250g,Beverages,18
2024-06-28,P015,Red Label Tea 250g,Beverages,24
2024-06-29,P015,Red Label Tea 250g,Beverages,15
2024-06-30,P015,Red Label Tea 250g,Beverages,19
2024-07-01,P015,Red Label Tea 250g,Beverages,17
2024-07-02,P015,Red Label Tea 250g,Beverages,31
2024-07-03,P015,Red Label Tea 250g,Beverages,25
2024-07-04,P015,Red Label Tea 250g,Beverages,15
2024-07-05,P015,Red Label Tea 250g,Beverages,16
2024-07-06,P015,Red Label Tea 250g,Beverages,21
2024-07-07,P015,Red Label Tea 250g,Beverages,12
2024-07-08,P015,Red Label Tea 250g,Beverages,20
2024-07-09,P015,Red Label Tea 250g,Beverages,22
2024-07-10,P015,Red Label Tea 250g,Beverages,24
2024-07-11,P015,Red Label Tea 250g,Beverages,19
2024-07-12,P015,Red Label Tea 250g,Beverages,19
2024-07-13,P015,Red Label Tea 250g,Beverages,18
2024-07-14,P015,Red Label Tea 250g,Beverages,20
2024-07-15,P015,Red Label Tea 250g,Beverages,28
2024-07-16,P015,Red Label Tea 250g,Beverages,30
2024-07-17,P015,Red Label Tea 250g,Beverages,24
2024-07-18,P015,Red Label Tea 250g,Beverages,22
2024-07-19,P015,Red Label Tea 250g,Beverages,22
2024-07-20,P015,Red Label Tea 250g,Beverages,18
2024-07-21,P015,Red Label Tea 250g,Beverages,19
2024-07-22,P015,Red Label Tea 250g,Beverages,23
2024-07-23,P015,Red Label Tea 250g,Beverages,22
2024-07-24,P015,Red Label Tea 250g,Beverages,24
2024-07-25,P015,Red Label Tea 250g,Beverages,18
2024-07-26,P015,Red Label Tea 250g,Beverages,18
2024-07-27,P015,Red Label Tea 250g,Beverages,18
2024-07-28,P015,Red Label Tea 250g,Beverages,21
2024-07-29,P015,Red Label Tea 250g,Beverages,21
2024-07-30,P015,Red Label Tea 250g,Beverages,27
2024-07-31,P015,Red Label Tea 250g,Beverages,35
2024-08-01,P015,Red Label Tea 250g,Beverages,17
2024-08-02,P015,Red Label Tea 250g,Beverages,20
2024-08-03,P015,Red Label Tea 250g,Beverages,21
2024-08-04,P015,Red Label Tea 250g,Beverages,23
2024-08-05,P015,Red Label Tea 250g,Beverages,23
2024-08-06,P015,Red Label Tea 250g,Beverages,21
2024-08-07,P015,Red Label Tea 250g,Beverages,23
2024-08-08,P015,Red Label Tea 250g,Beverages,20
2024-08-09,P015,Red Label Tea 250g,Beverages,17
2024-08-10,P015,Red Label Tea 250g,Beverages,14
2024-08-11,P015,Red Label Tea 250g,Beverages,16
2024-08-12,P015,Red Label Tea 250g,Beverages,18
2024-08-13,P015,Red Label Tea 250g,Beverages,21
2024-08-14,P015,Red Label Tea 250g,Beverages,35
2024-08-15,P015,Red Label Tea 250g,Beverages,20
2024-08-16,P015,Red Label Tea 250g,Beverages,20
2024-08-17,P015,Red Label Tea 250g,Beverages,23
2024-08-18,P015,Red Label Tea 250g,Beverages,26
2024-08-19,P015,Red Label Tea 250g,Beverages,23
2024-08-20,P015,Red Label Tea 250g,Beverages,29
2024-08-21,P015,Red Label Tea 250g,Beverages,23
2024-08-22,P015,Red Label Tea 250g,Beverages,16
2024-08-23,P015,Red Label Tea 250g,Beverages,23
2024-08-24,P015,Red Label Tea 250g,Beverages,23
2024-08-25,P015,Red Label Tea 250g,Beverages,22
2024-08-26,P015,Red Label Tea 250g,Beverages,22
2024-08-27,P015,Red Label Tea 250g,Beverages,22
2024-08-28,P015,Red Label Tea 250g,Beverages,23
2024-08-29,P015,Red Label Tea 250g,Beverages,24
2024-08-30,P015,Red Label Tea 250g,Beverages,17
2024-08-31,P015,Red Label Tea 250g,Beverages,20
2024-09-01,P015,Red Label Tea 250g,Beverages,16
2024-09-02,P015,Red Label Tea 250g,Beverages,21
2024-09-03,P015,Red Label Tea 250g,Beverages,21
2024-09-04,P015,Red Label Tea 250g,Beverages,25
2024-09-05,P015,Red Label Tea 250g,Beverages,18
2024-09-06,P015,Red Label Tea 250g,Beverages,13
2024-09-07,P015,Red Label Tea 250g,Beverages,22
2024-09-08,P015,Red Label Tea 250g,Beverages,22
2024-09-09,P015,Red Label Tea 250g,Beverages,22
2024-09-10,P015,Red Label Tea 250g,Beverages,21
2024-09-11,P015,Red Label Tea 250g,Beverages,21
2024-09-12,P015,Red Label Tea 250g,Beverages,28
2024-09-13,P015,Red Label Tea 250g,Beverages,9
2024-09-14,P015,Red Label Tea 250g,Beverages,15
2024-09-15,P015,Red Label Tea 250g,Beverages,28
2024-09-16,P015,Red Label Tea 250g,Beverages,31
2024-09-17,P015,Red Label Tea 250g,Beverages,32
2024-09-18,P015,Red Label Tea 250g,Beverages,27
2024-09-19,P015,Red Label Tea 250g,Beverages,17
2024-09-20,P015,Red Label Tea 250g,Beverages,13
2024-09-21,P015,Red Label Tea 250g,Beverages,21
2024-09-22,P015,Red Label Tea 250g,Beverages,17
2024-09-23,P015,Red Label Tea 250g,Beverages,27
2024-09-24,P015,Red Label Tea 250g,Beverages,18
2024-09-25,P015,Red Label Tea 250g,Beverages,26
2024-09-26,P015,Red Label Tea 250g,Beverages,23
2024-09-27,P015,Red Label Tea 250g,Beverages,23
2024-09-28,P015,Red Label Tea 250g,Beverages,23
2024-09-29,P015,Red Label Tea 250g,Beverages,21
2024-09-30,P015,Red Label Tea 250g,Beverages,22
2024-10-01,P015,Red Label Tea 250g,Beverages,29
2024-10-02,P015,Red Label Tea 250g,Beverages,27
2024-10-03,P015,Red Label Tea 250g,Beverages,21
2024-10-04,P015,Red Label Tea 250g,Beverages,20
2024-10-05,P015,Red Label Tea 250g,Beverages,18
2024-10-06,P015,Red Label Tea 250g,Beverages,14
2024-10-07,P015,Red Label Tea 250g,Beverages,17
2024-10-08,P015,Red Label Tea 250g,Beverages,24
2024-10-09,P015,Red Label Tea 250g,Beverages,25
2024-10-10,P015,Red Label Tea 250g,Beverages,16
2024-10-11,P015,Red Label Tea 250g,Beverages,16
2024-10-12,P015,Red Label Tea 250g,Beverages,18
2024-10-13,P015,Red Label Tea 250g,Beverages,23
2024-10-14,P015,Red Label Tea 250g,Beverages,13
2024-10-15,P015,Red Label Tea 250g,Beverages,22
2024-10-16,P015,Red Label Tea 250g,Beverages,26
2024-10-17,P015,Red Label Tea 250g,Beverages,24
2024-10-18,P015,Red Label Tea 250g,Beverages,28
2024-10-19,P015,Red Label Tea 250g,Beverages,18
2024-10-20,P015,Red Label Tea 250g,Beverages,18
2024-10-21,P015,Red Label Tea 250g,Beverages,21
2024-10-22,P015,Red Label Tea 250g,Beverages,26
2024-10-23,P015,Red Label Tea 250g,Beverages,25
2024-10-24,P015,Red Label Tea 250g,Beverages,20
2024-10-25,P015,Red Label Tea 250g,Beverages,15
2024-10-26,P015,Red Label Tea 250g,Beverages,13
2024-10-27,P015,Red Label Tea 250g,Beverages,22
2024-10-28,P015,Red Label Tea 250g,Beverages,21
2024-10-29,P015,Red Label Tea 250g,Beverages,29
2024-10-30,P015,Red Label Tea 250g,Beverages,27
2024-10-31,P015,Red Label Tea 250g,Beverages,14
2024-11-01,P015,Red Label Tea 250g,Beverages,26
2024-11-02,P015,Red Label Tea 250g,Beverages,20
2024-11-03,P015,Red Label Tea 250g,Beverages,17
2024-11-04,P015,Red Label Tea 250g,Beverages,20
2024-11-05,P015,Red Label Tea 250g,Beverages,21
2024-11-06,P015,Red Label Tea 250g,Beverages,27
2024-11-07,P015,Red Label Tea 250g,Beverages,19
2024-11-08,P015,Red Label Tea 250g,Beverages,27
2024-11-09,P015,Red Label Tea 250g,Beverages,22
2024-11-10,P015,Red Label Tea 250g,Beverages,27
2024-11-11,P015,Red Label Tea 250g,Beverages,18
2024-11-12,P015,Red Label Tea 250g,Beverages,24
2024-11-13,P015,Red Label Tea 250g,Beverages,29
2024-11-14,P015,Red Label Tea 250g,Beverages,22
2024-11-15,P015,Red Label Tea 250g,Beverages,20
2024-11-16,P015,Red Label Tea 250g,Beverages,16
2024-11-17,P015,Red Label Tea 250g,Beverages,11
2024-11-18,P015,Red Label Tea 250g,Beverages,21
2024-11-19,P015,Red Label Tea 250g,Beverages,25
2024-11-20,P015,Red Label Tea 250g,Beverages,26
2024-11-21,P015,Red Label Tea 250g,Beverages,14
2024-11-22,P015,Red Label Tea 250g,Beverages,16
2024-11-23,P015,Red Label Tea 250g,Beverages,21
2024-11-24,P015,Red Label Tea 250g,Beverages,22
2024-11-25,P015,Red Label Tea 250g,Beverages,23
2024-11-26,P015,Red Label Tea 250g,Beverages,25
2024-11-27,P015,Red Label Tea 250g,Beverages,21
2024-11-28,P015,Red Label Tea 250g,Beverages,23
2024-11-29,P015,Red Label Tea 250g,Beverages,23
2024-11-30,P015,Red Label Tea 250g,Beverages,18
2024-12-01,P015,Red Label Tea 250g,Beverages,23
2024-12-02,P015,Red Label Tea 250g,Beverages,22
2024-12-03,P015,Red Label Tea 250g,Beverages,23
2024-12-04,P015,Red Label Tea 250g,Beverages,29
2024-12-05,P015,Red Label Tea 250g,Beverages,20
2024-12-06,P015,Red Label Tea 250g,Beverages,18
2024-12-07,P015,Red Label Tea 250g,Beverages,15
2024-12-08,P015,Red Label Tea 250g,Beverages,15
2024-12-09,P015,Red Label Tea 250g,Beverages,25
2024-12-10,P015,Red Label Tea 250g,Beverages,28
2024-12-11,P015,Red Label Tea 250g,Beverages,22
2024-12-12,P015,Red Label Tea 250g,Beverages,15
2024-12-13,P015,Red Label Tea 250g,Beverages,28
2024-12-14,P015,Red Label Tea 250g,Beverages,22
2024-12-15,P015,Red Label Tea 250g,Beverages,24
2024-12-16,P015,Red Label Tea 250g,Beverages,28
2024-12-17,P015,Red Label Tea 250g,Beverages,22
2024-12-18,P015,Red Label Tea 250g,Beverages,33
2024-12-19,P015,Red Label Tea 250g,Beverages,16
2024-12-20,P015,Red Label Tea 250g,Beverages,23
2024-12-21,P015,Red Label Tea 250g,Beverages,19
2024-12-22,P015,Red Label Tea 250g,Beverages,23
2024-12-23,P015,Red Label Tea 250g,Beverages,21
2024-12-24,P015,Red Label Tea 250g,Beverages,28
2024-12-25,P015,Red Label Tea 250g,Beverages,31
2024-12-26,P015,Red Label Tea 250g,Beverages,24
2024-12-27,P015,Red Label Tea 250g,Beverages,20
2024-12-28,P015,Red Label Tea 250g,Beverages,16
2024-12-29,P015,Red Label Tea 250g,Beverages,19
2024-12-30,P015,Red Label Tea 250g,Beverages,24
2024-12-31,P015,Red Label Tea 250g,Beverages,29
2025-01-01,P015,Red Label Tea 250g,Beverages,30
2025-01-02,P015,Red Label Tea 250g,Beverages,17
2025-01-03,P015,Red Label Tea 250g,Beverages,16
2025-01-04,P015,Red Label Tea 250g,Beverages,16
2025-01-05,P015,Red Label Tea 250g,Beverages,19
2025-01-06,P015,Red Label Tea 250g,Beverages,23
2025-01-07,P015,Red Label Tea 250g,Beverages,28
2025-01-08,P015,Red Label Tea 250g,Beverages,21
2025-01-09,P015,Red Label Tea 250g,Beverages,16
2025-01-10,P015,Red Label Tea 250g,Beverages,17
2025-01-11,P015,Red Label Tea 250g,Beverages,27
2025-01-12,P015,Red Label Tea 250g,Beverages,19
2025-01-13,P015,Red Label Tea 250g,Beverages,16
2025-01-14,P015,Red Label Tea 250g,Beverages,28
2025-01-15,P015,Red Label Tea 250g,Beverages,26
2025-01-16,P015,Red Label Tea 250g,Beverages,16
2025-01-17,P015,Red Label Tea 250g,Beverages,18
2025-01-18,P015,Red Label Tea 250g,Beverages,19
2025-01-19,P015,Red Label Tea 250g,Beverages,20
2025-01-20,P015,Red Label Tea 250g,Beverages,26
2025-01-21,P015,Red Label Tea 250g,Beverages,28
2025-01-22,P015,Red Label Tea 250g,Beverages,27
2025-01-23,P015,Red Label Tea 250g,Beverages,24
2025-01-24,P015,Red Label Tea 250g,Beverages,19
2025-01-25,P015,Red Label Tea 250g,Beverages,17
2025-01-26,P015,Red Label Tea 250g,Beverages,21
2025-01-27,P015,Red Label Tea 250g,Beverages,23
2025-01-28,P015,Red Label Tea 250g,Beverages,21
2025-01-29,P015,Red Label Tea 250g,Beverages,32
2025-01-30,P015,Red Label Tea 250g,Beverages,16
2025-01-31,P015,Red Label Tea 250g,Beverages,22
2025-02-01,P015,Red Label Tea 250g,Beverages,22
2025-02-02,P015,Red Label Tea 250g,Beverages,8
2025-02-03,P015,Red Label Tea 250g,Beverages,23
2025-02-04,P015,Red Label Tea 250g,Beverages,33
2025-02-05,P015,Red Label Tea 250g,Beverages,48
2025-02-06,P015,Red Label Tea 250g,Beverages,13
2025-02-07,P015,Red Label Tea 250g,Beverages,20
2025-02-08,P015,Red Label Tea 250g,Beverages,22
2025-02-09,P015,Red Label Tea 250g,Beverages,20
2025-02-10,P015,Red Label Tea 250g,Beverages,19
2025-02-11,P015,Red Label Tea 250g,Beverages,22
2025-02-12,P015,Red Label Tea 250g,Beverages,20
2025-02-13,P015,Red Label Tea 250g,Beverages,13
2025-02-14,P015,Red Label Tea 250g,Beverages,19
2025-02-15,P015,Red Label Tea 250g,Beverages,22
2025-02-16,P015,Red Label Tea 250g,Beverages,21
2025-02-17,P015,Red Label Tea 250g,Beverages,23
2025-02-18,P015,Red Label Tea 250g,Beverages,29
2025-02-19,P015,Red Label Tea 250g,Beverages,31
2025-02-20,P015,Red Label Tea 250g,Beverages,20
2025-02-21,P015,Red Label Tea 250g,Beverages,22
2025-02-22,P015,Red Label Tea 250g,Beverages,22
2025-02-23,P015,Red Label Tea 250g,Beverages,21
2025-02-24,P015,Red Label Tea 250g,Beverages,22
2025-02-25,P015,Red Label Tea 250g,Beverages,27
2025-02-26,P015,Red Label Tea 250g,Beverages,32
2025-02-27,P015,Red Label Tea 250g,Beverages,26
2025-02-28,P015,Red Label Tea 250g,Beverages,14
2025-03-01,P015,Red Label Tea 250g,Beverages,21
2025-03-02,P015,Red Label Tea 250g,Beverages,20
2025-03-03,P015,Red Label Tea 250g,Beverages,27
2025-03-04,P015,Red Label Tea 250g,Beverages,26
2025-03-05,P015,Red Label Tea 250g,Beverages,27
2025-03-06,P015,Red Label Tea 250g,Beverages,18
2025-03-07,P015,Red Label Tea 250g,Beverages,23
2025-03-08,P015,Red Label Tea 250g,Beverages,16
2025-03-09,P015,Red Label Tea 250g,Beverages,19
2025-03-10,P015,Red Label Tea 250g,Beverages,18
2025-03-11,P015,Red Label Tea 250g,Beverages,25
2025-03-12,P015,Red Label Tea 250g,Beverages,24
2025-03-13,P015,Red Label Tea 250g,Beverages,24
2025-03-14,P015,Red Label Tea 250g,Beverages,19
2025-03-15,P015,Red Label Tea 250g,Beverages,26
2025-03-16,P015,Red Label Tea 250g,Beverages,19
2025-03-17,P015,Red Label Tea 250g,Beverages,18
2025-03-18,P015,Red Label Tea 250g,Beverages,26
2025-03-19,P015,Red Label Tea 250g,Beverages,28
2025-03-20,P015,Red Label Tea 250g,Beverages,27
2025-03-21,P015,Red Label Tea 250g,Beverages,18
2025-03-22,P015,Red Label Tea 250g,Beverages,27
2025-03-23,P015,Red Label Tea 250g,Beverages,20
2025-03-24,P015,Red Label Tea 250g,Beverages,21
2025-03-25,P015,Red Label Tea 250g,Beverages,30
2025-03-26,P015,Red Label Tea 250g,Beverages,32
2025-03-27,P015,Red Label Tea 250g,Beverages,23
2025-03-28,P015,Red Label Tea 250g,Beverages,15
2025-03-29,P015,Red Label Tea 250g,Beverages,22
2025-03-30,P015,Red Label Tea 250g,Beverages,29
2025-03-31,P015,Red Label Tea 250g,Beverages,14
2025-04-01,P015,Red Label Tea 250g,Beverages,28
2025-04-02,P015,Red Label Tea 250g,Beverages,26
2025-04-03,P015,Red Label Tea 250g,Beverages,17
2025-04-04,P015,Red Label Tea 250g,Beverages,24
2025-04-05,P015,Red Label Tea 250g,Beverages,14
2025-04-06,P015,Red Label Tea 250g,Beverages,19
2025-04-07,P015,Red Label Tea 250g,Beverages,26
2025-04-08,P015,Red Label Tea 250g,Beverages,30
2025-04-09,P015,Red Label Tea 250g,Beverages,29
2025-04-10,P015,Red Label Tea 250g,Beverages,21
2025-04-11,P015,Red Label Tea 250g,Beverages,20
2025-04-12,P015,Red Label Tea 250g,Beverages,19
2025-04-13,P015,Red Label Tea 250g,Beverages,17
2025-04-14,P015,Red Label Tea 250g,Beverages,26
2025-04-15,P015,Red Label Tea 250g,Beverages,28
2025-04-16,P015,Red Label Tea 250g,Beverages,30
2025-04-17,P015,Red Label Tea 250g,Beverages,18
2025-04-18,P015,Red Label Tea 250g,Beverages,17
2025-04-19,P015,Red Label Tea 250g,Beverages,22
2025-04-20,P015,Red Label Tea 250g,Beverages,12
2025-04-21,P015,Red Label Tea 250g,Beverages,13
2025-04-22,P015,Red Label Tea 250g,Beverages,31
2025-04-23,P015,Red Label Tea 250g,Beverages,24
2025-04-24,P015,Red Label Tea 250g,Beverages,21
2025-04-25,P015,Red Label Tea 250g,Beverages,22
2025-04-26,P015,Red Label Tea 250g,Beverages,24
2025-04-27,P015,Red Label Tea 250g,Beverages,19
2025-04-28,P015,Red Label Tea 250g,Beverages,21
2025-04-29,P015,Red Label Tea 250g,Beverages,25
2025-04-30,P015,Red Label Tea 250g,Beverages,29
2025-05-01,P015,Red Label Tea 250g,Beverages,23
2025-05-02,P015,Red Label Tea 250g,Beverages,25
2025-05-03,P015,Red Label Tea 250g,Beverages,16
2025-05-04,P015,Red Label Tea 250g,Beverages,29
2025-05-05,P015,Red Label Tea 250g,Beverages,22
2025-05-06,P015,Red Label Tea 250g,Beverages,27
2025-05-07,P015,Red Label Tea 250g,Beverages,28
2025-05-08,P015,Red Label Tea 250g,Beverages,17
2025-05-09,P015,Red Label Tea 250g,Beverages,19
2025-05-10,P015,Red Label Tea 250g,Beverages,26
2025-05-11,P015,Red Label Tea 250g,Beverages,26
2025-05-12,P015,Red Label Tea 250g,Beverages,24
2025-05-13,P015,Red Label Tea 250g,Beverages,31
2025-05-14,P015,Red Label Tea 250g,Beverages,29
2025-05-15,P015,Red Label Tea 250g,Beverages,20
2025-05-16,P015,Red Label Tea 250g,Beverages,18
2025-05-17,P015,Red Label Tea 250g,Beverages,17
2025-05-18,P015,Red Label Tea 250g,Beverages,18
2025-05-19,P015,Red Label Tea 250g,Beverages,29
2025-05-20,P015,Red Label Tea 250g,Beverages,30
2025-05-21,P015,Red Label Tea 250g,Beverages,33
2025-05-22,P015,Red Label Tea 250g,Beverages,60
2025-05-23,P015,Red Label Tea 250g,Beverages,17
2025-05-24,P015,Red Label Tea 250g,Beverages,23
2025-05-25,P015,Red Label Tea 250g,Beverages,26
2025-05-26,P015,Red Label Tea 250g,Beverages,25
2025-05-27,P015,Red Label Tea 250g,Beverages,22
2025-05-28,P015,Red Label Tea 250g,Beverages,21
2025-05-29,P015,Red Label Tea 250g,Beverages,23
2025-05-30,P015,Red Label Tea 250g,Beverages,20
2025-05-31,P015,Red Label Tea 250g,Beverages,22
2025-06-01,P015,Red Label Tea 250g,Beverages,18
2025-06-02,P015,Red Label Tea 250g,Beverages,23
2025-06-03,P015,Red Label Tea 250g,Beverages,23
2025-06-04,P015,Red Label Tea 250g,Beverages,28
2025-06-05,P015,Red Label Tea 250g,Beverages,24
2025-06-06,P015,Red Label Tea 250g,Beverages,24
2025-06-07,P015,Red Label Tea 250g,Beverages,16
2025-06-08,P015,Red Label Tea 250g,Beverages,23
2025-06-09,P015,Red Label Tea 250g,Beverages,21
2025-06-10,P015,Red Label Tea 250g,Beverages,33
2025-06-11,P015,Red Label Tea 250g,Beverages,31
2025-06-12,P015,Red Label Tea 250g,Beverages,21
2025-06-13,P015,Red Label Tea 250g,Beverages,29
2025-06-14,P015,Red Label Tea 250g,Beverages,18
2025-06-15,P015,Red Label Tea 250g,Beverages,21
2025-06-16,P015,Red Label Tea 250g,Beverages,25
2025-06-17,P015,Red Label Tea 250g,Beverages,35
2025-06-18,P015,Red Label Tea 250g,Beverages,33
2025-06-19,P015,Red Label Tea 250g,Beverages,24
2025-06-20,P015,Red Label Tea 250g,Beverages,18
2025-06-21,P015,Red Label Tea 250g,Beverages,18
2025-06-22,P015,Red Label Tea 250g,Beverages,23
2025-06-23,P015,Red Label Tea 250g,Beverages,18
2025-06-24,P015,Red Label Tea 250g,Beverages,28
2025-06-25,P015,Red Label Tea 250g,Beverages,30
2025-06-26,P015,Red Label Tea 250g,Beverages,15
2025-06-27,P015,Red Label Tea 250g,Beverages,23
2025-06-28,P015,Red Label Tea 250g,Beverages,24
2025-06-29,P015,Red Label Tea 250g,Beverages,20
2025-06-30,P015,Red Label Tea 250g,Beverages,22
2025-07-01,P015,Red Label Tea 250g,Beverages,21
2025-07-02,P015,Red Label Tea 250g,Beverages,27
2025-07-03,P015,Red Label Tea 250g,Beverages,15
2025-07-04,P015,Red Label Tea 250g,Beverages,18
2025-07-05,P015,Red Label Tea 250g,Beverages,19
2025-07-06,P015,Red Label Tea 250g,Beverages,17
2025-07-07,P015,Red Label Tea 250g,Beverages,18
2025-07-08,P015,Red Label Tea 250g,Beverages,23
2025-07-09,P015,Red Label Tea 250g,Beverages,32
2025-07-10,P015,Red Label Tea 250g,Beverages,21
2025-07-11,P015,Red Label Tea 250g,Beverages,26
2025-07-12,P015,Red Label Tea 250g,Beverages,19
2025-07-13,P015,Red Label Tea 250g,Beverages,20
2025-07-14,P015,Red Label Tea 250g,Beverages,21
2025-07-15,P015,Red Label Tea 250g,Beverages,16
2025-07-16,P015,Red Label Tea 250g,Beverages,29
2025-07-17,P015,Red Label Tea 250g,Beverages,21
2025-07-18,P015,Red Label Tea 250g,Beverages,21
2025-07-19,P015,Red Label Tea 250g,Beverages,13
2025-07-20,P015,Red Label Tea 250g,Beverages,21
2025-07-21,P015,Red Label Tea 250g,Beverages,21
2025-07-22,P015,Red Label Tea 250g,Beverages,28
2025-07-23,P015,Red Label Tea 250g,Beverages,67
2025-07-24,P015,Red Label Tea 250g,Beverages,19
2025-07-25,P015,Red Label Tea 250g,Beverages,23
2025-07-26,P015,Red Label Tea 250g,Beverages,25
2025-07-27,P015,Red Label Tea 250g,Beverages,19
2025-07-28,P015,Red Label Tea 250g,Beverages,18
2025-07-29,P015,Red Label Tea 250g,Beverages,22
2025-07-30,P015,Red Label Tea 250g,Beverages,29
2025-07-31,P015,Red Label Tea 250g,Beverages,26
2025-08-01,P015,Red Label Tea 250g,Beverages,14
2025-08-02,P015,Red Label Tea 250g,Beverages,17
2025-08-03,P015,Red Label Tea 250g,Beverages,20
2025-08-04,P015,Red Label Tea 250g,Beverages,15
2025-08-05,P015,Red Label Tea 250g,Beverages,27
2025-08-06,P015,Red Label Tea 250g,Beverages,29
2025-08-07,P015,Red Label Tea 250g,Beverages,23
2025-08-08,P015,Red Label Tea 250g,Beverages,20
2025-08-09,P015,Red Label Tea 250g,Beverages,20
2025-08-10,P015,Red Label Tea 250g,Beverages,17
2025-08-11,P015,Red Label Tea 250g,Beverages,17
2025-08-12,P015,Red Label Tea 250g,Beverages,27
2025-08-13,P015,Red Label Tea 250g,Beverages,29
2025-08-14,P015,Red Label Tea 250g,Beverages,21
2025-08-15,P015,Red Label Tea 250g,Beverages,25
2025-08-16,P015,Red Label Tea 250g,Beverages,22
2025-08-17,P015,Red Label Tea 250g,Beverages,24
2025-08-18,P015,Red Label Tea 250g,Beverages,24
2025-08-19,P015,Red Label Tea 250g,Beverages,35
2025-08-20,P015,Red Label Tea 250g,Beverages,26
2025-08-21,P015,Red Label Tea 250g,Beverages,24
2025-08-22,P015,Red Label Tea 250g,Beverages,22
2025-08-23,P015,Red Label Tea 250g,Beverages,24
2025-08-24,P015,Red Label Tea 250g,Beverages,22
2025-08-25,P015,Red Label Tea 250g,Beverages,23
2025-08-26,P015,Red Label Tea 250g,Beverages,29
2025-08-27,P015,Red Label Tea 250g,Beverages,30
2025-08-28,P015,Red Label Tea 250g,Beverages,24
2025-08-29,P015,Red Label Tea 250g,Beverages,27
2025-08-30,P015,Red Label Tea 250g,Beverages,22
2025-08-31,P015,Red Label Tea 250g,Beverages,17
2025-09-01,P015,Red Label Tea 250g,Beverages,24
2025-09-02,P015,Red Label Tea 250g,Beverages,26
2025-09-03,P015,Red Label Tea 250g,Beverages,26
2025-09-04,P015,Red Label Tea 250g,Beverages,20
2025-09-05,P015,Red Label Tea 250g,Beverages,18
2025-09-06,P015,Red Label Tea 250g,Beverages,12
2025-09-07,P015,Red Label Tea 250g,Beverages,27
2025-09-08,P015,Red Label Tea 250g,Beverages,22
2025-09-09,P015,Red Label Tea 250g,Beverages,21
2025-09-10,P015,Red Label Tea 250g,Beverages,28
2025-09-11,P015,Red Label Tea 250g,Beverages,24
2025-09-12,P015,Red Label Tea 250g,Beverages,21
2025-09-13,P015,Red Label Tea 250g,Beverages,16
2025-09-14,P015,Red Label Tea 250g,Beverages,16
2025-09-15,P015,Red Label Tea 250g,Beverages,32
2025-09-16,P015,Red Label Tea 250g,Beverages,22
2025-09-17,P015,Red Label Tea 250g,Beverages,22
2025-09-18,P015,Red Label Tea 250g,Beverages,20
2025-09-19,P015,Red Label Tea 250g,Beverages,24
2025-09-20,P015,Red Label Tea 250g,Beverages,28
2025-09-21,P015,Red Label Tea 250g,Beverages,21
2025-09-22,P015,Red Label Tea 250g,Beverages,23
2025-09-23,P015,Red Label Tea 250g,Beverages,23
2025-09-24,P015,Red Label Tea 250g,Beverages,32
2025-09-25,P015,Red Label Tea 250g,Beverages,21
2025-09-26,P015,Red Label Tea 250g,Beverages,21
2025-09-27,P015,Red Label Tea 250g,Beverages,23
2025-09-28,P015,Red Label Tea 250g,Beverages,23
2025-09-29,P015,Red Label Tea 250g,Beverages,23
2025-09-30,P015,Red Label Tea 250g,Beverages,33
2025-10-01,P015,Red Label Tea 250g,Beverages,22
2025-10-02,P015,Red Label Tea 250g,Beverages,22
2025-10-03,P015,Red Label Tea 250g,Beverages,23
2025-10-04,P015,Red Label Tea 250g,Beverages,20
2025-10-05,P015,Red Label Tea 250g,Beverages,24
2025-10-06,P015,Red Label Tea 250g,Beverages,26
2025-10-07,P015,Red Label Tea 250g,Beverages,32
2025-10-08,P015,Red Label Tea 250g,Beverages,28
2025-10-09,P015,Red Label Tea 250g,Beverages,21
2025-10-10,P015,Red Label Tea 250g,Beverages,23
2025-10-11,P015,Red Label Tea 250g,Beverages,21
2025-10-12,P015,Red Label Tea 250g,Beverages,16
2025-10-13,P015,Red Label Tea 250g,Beverages,27
2025-10-14,P015,Red Label Tea 250g,Beverages,21
2025-10-15,P015,Red Label Tea 250g,Beverages,30
2025-10-16,P015,Red Label Tea 250g,Beverages,31
2025-10-17,P015,Red Label Tea 250g,Beverages,23
2025-10-18,P015,Red Label Tea 250g,Beverages,19
2025-10-19,P015,Red Label Tea 250g,Beverages,20
2025-10-20,P015,Red Label Tea 250g,Beverages,25
2025-10-21,P015,Red Label Tea 250g,Beverages,28
2025-10-22,P015,Red Label Tea 250g,Beverages,31
2025-10-23,P015,Red Label Tea 250g,Beverages,27
2025-10-24,P015,Red Label Tea 250g,Beverages,26
2025-10-25,P015,Red Label Tea 250g,Beverages,17
2025-10-26,P015,Red Label Tea 250g,Beverages,22
2025-10-27,P015,Red Label Tea 250g,Beverages,26
2025-10-28,P015,Red Label Tea 250g,Beverages,34
2025-10-29,P015,Red Label Tea 250g,Beverages,29
2025-10-30,P015,Red Label Tea 250g,Beverages,19
2025-10-31,P015,Red Label Tea 250g,Beverages,23
2025-11-01,P015,Red Label Tea 250g,Beverages,28
2025-11-02,P015,Red Label Tea 250g,Beverages,21
2025-11-03,P015,Red Label Tea 250g,Beverages,21
2025-11-04,P015,Red Label Tea 250g,Beverages,28
2025-11-05,P015,Red Label Tea 250g,Beverages,26
2025-11-06,P015,Red Label Tea 250g,Beverages,25
2025-11-07,P015,Red Label Tea 250g,Beverages,19
2025-11-08,P015,Red Label Tea 250g,Beverages,26
2025-11-09,P015,Red Label Tea 250g,Beverages,23
2025-11-10,P015,Red Label Tea 250g,Beverages,26
2025-11-11,P015,Red Label Tea 250g,Beverages,31
2025-11-12,P015,Red Label Tea 250g,Beverages,31
2025-11-13,P015,Red Label Tea 250g,Beverages,20
2025-11-14,P015,Red Label Tea 250g,Beverages,18
2025-11-15,P015,Red Label Tea 250g,Beverages,20
2025-11-16,P015,Red Label Tea 250g,Beverages,25
2025-11-17,P015,Red Label Tea 250g,Beverages,17
2025-11-18,P015,Red Label Tea 250g,Beverages,21
2025-11-19,P015,Red Label Tea 250g,Beverages,29
2025-11-20,P015,Red Label Tea 250g,Beverages,25
2025-11-21,P015,Red Label Tea 250g,Beverages,25
2025-11-22,P015,Red Label Tea 250g,Beverages,18
2025-11-23,P015,Red Label Tea 250g,Beverages,17
2025-11-24,P015,Red Label Tea 250g,Beverages,21
2025-11-25,P015,Red Label Tea 250g,Beverages,27
2025-11-26,P015,Red Label Tea 250g,Beverages,27
2025-11-27,P015,Red Label Tea 250g,Beverages,22
2025-11-28,P015,Red Label Tea 250g,Beverages,27
2025-11-29,P015,Red Label Tea 250g,Beverages,21
2025-11-30,P015,Red Label Tea 250g,Beverages,25
2025-12-01,P015,Red Label Tea 250g,Beverages,26
2025-12-02,P015,Red Label Tea 250g,Beverages,26
2025-12-03,P015,Red Label Tea 250g,Beverages,54
2025-12-04,P015,Red Label Tea 250g,Beverages,24
2025-12-05,P015,Red Label Tea 250g,Beverages,22
2025-12-06,P015,Red Label Tea 250g,Beverages,22
2025-12-07,P015,Red Label Tea 250g,Beverages,22
2025-12-08,P015,Red Label Tea 250g,Beverages,20
2025-12-09,P015,Red Label Tea 250g,Beverages,37
2025-12-10,P015,Red Label Tea 250g,Beverages,32
2025-12-11,P015,Red Label Tea 250g,Beverages,71
2025-12-12,P015,Red Label Tea 250g,Beverages,20
2025-12-13,P015,Red Label Tea 250g,Beverages,21
2025-12-14,P015,Red Label Tea 250g,Beverages,17
2025-12-15,P015,Red Label Tea 250g,Beverages,26
2025-12-16,P015,Red Label Tea 250g,Beverages,30
2025-12-17,P015,Red Label Tea 250g,Beverages,28
2025-12-18,P015,Red Label Tea 250g,Beverages,22
2025-12-19,P015,Red Label Tea 250g,Beverages,21
2025-12-20,P015,Red Label Tea 250g,Beverages,20
2025-12-21,P015,Red Label Tea 250g,Beverages,19
2025-12-22,P015,Red Label Tea 250g,Beverages,20
2025-12-23,P015,Red Label Tea 250g,Beverages,26
2025-12-24,P015,Red Label Tea 250g,Beverages,26
2025-12-25,P015,Red Label Tea 250g,Beverages,26
2025-12-26,P015,Red Label Tea 250g,Beverages,19
2025-12-27,P015,Red Label Tea 250g,Beverages,14
2025-12-28,P015,Red Label Tea 250g,Beverages,23
2025-12-29,P015,Red Label Tea 250g,Beverages,26
2025-12-30,P015,Red Label Tea 250g,Beverages,32
2025-12-31,P015,Red Label Tea 250g,Beverages,29
2026-01-01,P015,Red Label Tea 250g,Beverages,18
2026-01-02,P015,Red Label Tea 250g,Beverages,57
2026-01-03,P015,Red Label Tea 250g,Beverages,24
2026-01-04,P015,Red Label Tea 250g,Beverages,27
2026-01-05,P015,Red Label Tea 250g,Beverages,20
2026-01-06,P015,Red Label Tea 250g,Beverages,29
2026-01-07,P015,Red Label Tea 250g,Beverages,26
2026-01-08,P015,Red Label Tea 250g,Beverages,19
2026-01-09,P015,Red Label Tea 250g,Beverages,22
2026-01-10,P015,Red Label Tea 250g,Beverages,21
2026-01-11,P015,Red Label Tea 250g,Beverages,35
2026-01-12,P015,Red Label Tea 250g,Beverages,25
2026-01-13,P015,Red Label Tea 250g,Beverages,30
2026-01-14,P015,Red Label Tea 250g,Beverages,31
2026-01-15,P015,Red Label Tea 250g,Beverages,20
2026-01-16,P015,Red Label Tea 250g,Beverages,16
2026-01-17,P015,Red Label Tea 250g,Beverages,20
2026-01-18,P015,Red Label Tea 250g,Beverages,25
2026-01-19,P015,Red Label Tea 250g,Beverages,24
2026-01-20,P015,Red Label Tea 250g,Beverages,32
2026-01-21,P015,Red Label Tea 250g,Beverages,24
2026-01-22,P015,Red Label Tea 250g,Beverages,25
2026-01-23,P015,Red Label Tea 250g,Beverages,23
2026-01-24,P015,Red Label Tea 250g,Beverages,21
2026-01-25,P015,Red Label Tea 250g,Beverages,26
2026-01-26,P015,Red Label Tea 250g,Beverages,25
2026-01-27,P015,Red Label Tea 250g,Beverages,25
2026-01-28,P015,Red Label Tea 250g,Beverages,79
2026-01-29,P015,Red Label Tea 250g,Beverages,21
2026-01-30,P015,Red Label Tea 250g,Beverages,22
2026-01-31,P015,Red Label Tea 250g,Beverages,19
2026-02-01,P015,Red Label Tea 250g,Beverages,22
2026-02-02,P015,Red Label Tea 250g,Beverages,21
2026-02-03,P015,Red Label Tea 250g,Beverages,28
2026-02-04,P015,Red Label Tea 250g,Beverages,29
2026-02-05,P015,Red Label Tea 250g,Beverages,24
2026-02-06,P015,Red Label Tea 250g,Beverages,17
2026-02-07,P015,Red Label Tea 250g,Beverages,26
2026-02-08,P015,Red Label Tea 250g,Beverages,26
2026-02-09,P015,Red Label Tea 250g,Beverages,24
2026-02-10,P015,Red Label Tea 250g,Beverages,29
2026-02-11,P015,Red Label Tea 250g,Beverages,30
2026-02-12,P015,Red Label Tea 250g,Beverages,22
2026-02-13,P015,Red Label Tea 250g,Beverages,24
2026-02-14,P015,Red Label Tea 250g,Beverages,60
2026-02-15,P015,Red Label Tea 250g,Beverages,19
2026-02-16,P015,Red Label Tea 250g,Beverages,26
2026-02-17,P015,Red Label Tea 250g,Beverages,23
2026-02-18,P015,Red Label Tea 250g,Beverages,31
2026-02-19,P015,Red Label Tea 250g,Beverages,25
2026-02-20,P015,Red Label Tea 250g,Beverages,19
2026-02-21,P015,Red Label Tea 250g,Beverages,28
2026-02-22,P015,Red Label Tea 250g,Beverages,21
2026-02-23,P015,Red Label Tea 250g,Beverages,23
2026-02-24,P015,Red Label Tea 250g,Beverages,26
2026-02-25,P015,Red Label Tea 250g,Beverages,31
2026-02-26,P015,Red Label Tea 250g,Beverages,21
2026-02-27,P015,Red Label Tea 250g,Beverages,17
2026-02-28,P015,Red Label Tea 250g,Beverages,23
2026-03-01,P015,Red Label Tea 250g,Beverages,21
2026-03-02,P015,Red Label Tea 250g,Beverages,29
2026-03-03,P015,Red Label Tea 250g,Beverages,30
2026-03-04,P015,Red Label Tea 250g,Beverages,30
2026-03-05,P015,Red Label Tea 250g,Beverages,26
2026-03-06,P015,Red Label Tea 250g,Beverages,23
2026-03-07,P015,Red Label Tea 250g,Beverages,25
2026-03-08,P015,Red Label Tea 250g,Beverages,20
2026-03-09,P015,Red Label Tea 250g,Beverages,31
2026-03-10,P015,Red Label Tea 250g,Beverages,30
2026-03-11,P015,Red Label Tea 250g,Beverages,24
2026-03-12,P015,Red Label Tea 250g,Beverages,23
2026-03-13,P015,Red Label Tea 250g,Beverages,23
2026-03-14,P015,Red Label Tea 250g,Beverages,23
2026-03-15,P015,Red Label Tea 250g,Beverages,13
2026-03-16,P015,Red Label Tea 250g,Beverages,22
2026-03-17,P015,Red Label Tea 250g,Beverages,24
2026-03-18,P015,Red Label Tea 250g,Beverages,24
2026-03-19,P015,Red Label Tea 250g,Beverages,23
2026-03-20,P015,Red Label Tea 250g,Beverages,20
2026-03-21,P015,Red Label Tea 250g,Beverages,21
2026-03-22,P015,Red Label Tea 250g,Beverages,19
2026-03-23,P015,Red Label Tea 250g,Beverages,30
2026-03-24,P015,Red Label Tea 250g,Beverages,29
2026-03-25,P015,Red Label Tea 250g,Beverages,23
2026-03-26,P015,Red Label Tea 250g,Beverages,25
2026-03-27,P015,Red Label Tea 250g,Beverages,21
2026-03-28,P015,Red Label Tea 250g,Beverages,27
2024-03-28,P016,Nescafe Coffee 50g,Beverages,10
2024-03-29,P016,Nescafe Coffee 50g,Beverages,6
2024-03-30,P016,Nescafe Coffee 50g,Beverages,11
2024-03-31,P016,Nescafe Coffee 50g,Beverages,10
2024-04-01,P016,Nescafe Coffee 50g,Beverages,11
2024-04-02,P016,Nescafe Coffee 50g,Beverages,17
2024-04-03,P016,Nescafe Coffee 50g,Beverages,16
2024-04-04,P016,Nescafe Coffee 50g,Beverages,18
2024-04-05,P016,Nescafe Coffee 50g,Beverages,8
2024-04-06,P016,Nescafe Coffee 50g,Beverages,11
2024-04-07,P016,Nescafe Coffee 50g,Beverages,14
2024-04-08,P016,Nescafe Coffee 50g,Beverages,10
2024-04-09,P016,Nescafe Coffee 50g,Beverages,18
2024-04-10,P016,Nescafe Coffee 50g,Beverages,15
2024-04-11,P016,Nescafe Coffee 50g,Beverages,7
2024-04-12,P016,Nescafe Coffee 50g,Beverages,8
2024-04-13,P016,Nescafe Coffee 50g,Beverages,9
2024-04-14,P016,Nescafe Coffee 50g,Beverages,10
2024-04-15,P016,Nescafe Coffee 50g,Beverages,14
2024-04-16,P016,Nescafe Coffee 50g,Beverages,14
2024-04-17,P016,Nescafe Coffee 50g,Beverages,17
2024-04-18,P016,Nescafe Coffee 50g,Beverages,11
2024-04-19,P016,Nescafe Coffee 50g,Beverages,11
2024-04-20,P016,Nescafe Coffee 50g,Beverages,10
2024-04-21,P016,Nescafe Coffee 50g,Beverages,13
2024-04-22,P016,Nescafe Coffee 50g,Beverages,12
2024-04-23,P016,Nescafe Coffee 50g,Beverages,12
2024-04-24,P016,Nescafe Coffee 50g,Beverages,15
2024-04-25,P016,Nescafe Coffee 50g,Beverages,10
2024-04-26,P016,Nescafe Coffee 50g,Beverages,9
2024-04-27,P016,Nescafe Coffee 50g,Beverages,13
2024-04-28,P016,Nescafe Coffee 50g,Beverages,10
2024-04-29,P016,Nescafe Coffee 50g,Beverages,16
2024-04-30,P016,Nescafe Coffee 50g,Beverages,16
2024-05-01,P016,Nescafe Coffee 50g,Beverages,12
2024-05-02,P016,Nescafe Coffee 50g,Beverages,9
2024-05-03,P016,Nescafe Coffee 50g,Beverages,8
2024-05-04,P016,Nescafe Coffee 50g,Beverages,12
2024-05-05,P016,Nescafe Coffee 50g,Beverages,9
2024-05-06,P016,Nescafe Coffee 50g,Beverages,7
2024-05-07,P016,Nescafe Coffee 50g,Beverages,10
2024-05-08,P016,Nescafe Coffee 50g,Beverages,12
2024-05-09,P016,Nescafe Coffee 50g,Beverages,11
2024-05-10,P016,Nescafe Coffee 50g,Beverages,10
2024-05-11,P016,Nescafe Coffee 50g,Beverages,13
2024-05-12,P016,Nescafe Coffee 50g,Beverages,9
2024-05-13,P016,Nescafe Coffee 50g,Beverages,11
2024-05-14,P016,Nescafe Coffee 50g,Beverages,18
2024-05-15,P016,Nescafe Coffee 50g,Beverages,13
2024-05-16,P016,Nescafe Coffee 50g,Beverages,11
2024-05-17,P016,Nescafe Coffee 50g,Beverages,9
2024-05-18,P016,Nescafe Coffee 50g,Beverages,10
2024-05-19,P016,Nescafe Coffee 50g,Beverages,12
2024-05-20,P016,Nescafe Coffee 50g,Beverages,13
2024-05-21,P016,Nescafe Coffee 50g,Beverages,14
2024-05-22,P016,Nescafe Coffee 50g,Beverages,13
2024-05-23,P016,Nescafe Coffee 50g,Beverages,11
2024-05-24,P016,Nescafe Coffee 50g,Beverages,9
2024-05-25,P016,Nescafe Coffee 50g,Beverages,10
2024-05-26,P016,Nescafe Coffee 50g,Beverages,11
2024-05-27,P016,Nescafe Coffee 50g,Beverages,14
2024-05-28,P016,Nescafe Coffee 50g,Beverages,12
2024-05-29,P016,Nescafe Coffee 50g,Beverages,14
2024-05-30,P016,Nescafe Coffee 50g,Beverages,8
2024-05-31,P016,Nescafe Coffee 50g,Beverages,10
2024-06-01,P016,Nescafe Coffee 50g,Beverages,13
2024-06-02,P016,Nescafe Coffee 50g,Beverages,10
2024-06-03,P016,Nescafe Coffee 50g,Beverages,12
2024-06-04,P016,Nescafe Coffee 50g,Beverages,11
2024-06-05,P016,Nescafe Coffee 50g,Beverages,13
2024-06-06,P016,Nescafe Coffee 50g,Beverages,7
2024-06-07,P016,Nescafe Coffee 50g,Beverages,11
2024-06-08,P016,Nescafe Coffee 50g,Beverages,12
2024-06-09,P016,Nescafe Coffee 50g,Beverages,11
2024-06-10,P016,Nescafe Coffee 50g,Beverages,13
2024-06-11,P016,Nescafe Coffee 50g,Beverages,15
2024-06-12,P016,Nescafe Coffee 50g,Beverages,11
2024-06-13,P016,Nescafe Coffee 50g,Beverages,9
2024-06-14,P016,Nescafe Coffee 50g,Beverages,6
2024-06-15,P016,Nescafe Coffee 50g,Beverages,10
2024-06-16,P016,Nescafe Coffee 50g,Beverages,9
2024-06-17,P016,Nescafe Coffee 50g,Beverages,12
2024-06-18,P016,Nescafe Coffee 50g,Beverages,20
2024-06-19,P016,Nescafe Coffee 50g,Beverages,16
2024-06-20,P016,Nescafe Coffee 50g,Beverages,14
2024-06-21,P016,Nescafe Coffee 50g,Beverages,13
2024-06-22,P016,Nescafe Coffee 50g,Beverages,11
2024-06-23,P016,Nescafe Coffee 50g,Beverages,11
2024-06-24,P016,Nescafe Coffee 50g,Beverages,14
2024-06-25,P016,Nescafe Coffee 50g,Beverages,15
2024-06-26,P016,Nescafe Coffee 50g,Beverages,14
2024-06-27,P016,Nescafe Coffee 50g,Beverages,14
2024-06-28,P016,Nescafe Coffee 50g,Beverages,12
2024-06-29,P016,Nescafe Coffee 50g,Beverages,8
2024-06-30,P016,Nescafe Coffee 50g,Beverages,53
2024-07-01,P016,Nescafe Coffee 50g,Beverages,12
2024-07-02,P016,Nescafe Coffee 50g,Beverages,13
2024-07-03,P016,Nescafe Coffee 50g,Beverages,13
2024-07-04,P016,Nescafe Coffee 50g,Beverages,10
2024-07-05,P016,Nescafe Coffee 50g,Beverages,7
2024-07-06,P016,Nescafe Coffee 50g,Beverages,6
2024-07-07,P016,Nescafe Coffee 50g,Beverages,9
2024-07-08,P016,Nescafe Coffee 50g,Beverages,11
2024-07-09,P016,Nescafe Coffee 50g,Beverages,11
2024-07-10,P016,Nescafe Coffee 50g,Beverages,12
2024-07-11,P016,Nescafe Coffee 50g,Beverages,10
2024-07-12,P016,Nescafe Coffee 50g,Beverages,13
2024-07-13,P016,Nescafe Coffee 50g,Beverages,13
2024-07-14,P016,Nescafe Coffee 50g,Beverages,13
2024-07-15,P016,Nescafe Coffee 50g,Beverages,10
2024-07-16,P016,Nescafe Coffee 50g,Beverages,14
2024-07-17,P016,Nescafe Coffee 50g,Beverages,17
2024-07-18,P016,Nescafe Coffee 50g,Beverages,7
2024-07-19,P016,Nescafe Coffee 50g,Beverages,10
2024-07-20,P016,Nescafe Coffee 50g,Beverages,11
2024-07-21,P016,Nescafe Coffee 50g,Beverages,7
2024-07-22,P016,Nescafe Coffee 50g,Beverages,13
2024-07-23,P016,Nescafe Coffee 50g,Beverages,18
2024-07-24,P016,Nescafe Coffee 50g,Beverages,17
2024-07-25,P016,Nescafe Coffee 50g,Beverages,10
2024-07-26,P016,Nescafe Coffee 50g,Beverages,13
2024-07-27,P016,Nescafe Coffee 50g,Beverages,7
2024-07-28,P016,Nescafe Coffee 50g,Beverages,11
2024-07-29,P016,Nescafe Coffee 50g,Beverages,11
2024-07-30,P016,Nescafe Coffee 50g,Beverages,14
2024-07-31,P016,Nescafe Coffee 50g,Beverages,15
2024-08-01,P016,Nescafe Coffee 50g,Beverages,12
2024-08-02,P016,Nescafe Coffee 50g,Beverages,8
2024-08-03,P016,Nescafe Coffee 50g,Beverages,9
2024-08-04,P016,Nescafe Coffee 50g,Beverages,10
2024-08-05,P016,Nescafe Coffee 50g,Beverages,8
2024-08-06,P016,Nescafe Coffee 50g,Beverages,15
2024-08-07,P016,Nescafe Coffee 50g,Beverages,16
2024-08-08,P016,Nescafe Coffee 50g,Beverages,14
2024-08-09,P016,Nescafe Coffee 50g,Beverages,11
2024-08-10,P016,Nescafe Coffee 50g,Beverages,15
2024-08-11,P016,Nescafe Coffee 50g,Beverages,11
2024-08-12,P016,Nescafe Coffee 50g,Beverages,9
2024-08-13,P016,Nescafe Coffee 50g,Beverages,14
2024-08-14,P016,Nescafe Coffee 50g,Beverages,14
2024-08-15,P016,Nescafe Coffee 50g,Beverages,12
2024-08-16,P016,Nescafe Coffee 50g,Beverages,12
2024-08-17,P016,Nescafe Coffee 50g,Beverages,11
2024-08-18,P016,Nescafe Coffee 50g,Beverages,13
2024-08-19,P016,Nescafe Coffee 50g,Beverages,11
2024-08-20,P016,Nescafe Coffee 50g,Beverages,16
2024-08-21,P016,Nescafe Coffee 50g,Beverages,15
2024-08-22,P016,Nescafe Coffee 50g,Beverages,11
2024-08-23,P016,Nescafe Coffee 50g,Beverages,11
2024-08-24,P016,Nescafe Coffee 50g,Beverages,8
2024-08-25,P016,Nescafe Coffee 50g,Beverages,10
2024-08-26,P016,Nescafe Coffee 50g,Beverages,12
2024-08-27,P016,Nescafe Coffee 50g,Beverages,13
2024-08-28,P016,Nescafe Coffee 50g,Beverages,11
2024-08-29,P016,Nescafe Coffee 50g,Beverages,10
2024-08-30,P016,Nescafe Coffee 50g,Beverages,10
2024-08-31,P016,Nescafe Coffee 50g,Beverages,8
2024-09-01,P016,Nescafe Coffee 50g,Beverages,8
2024-09-02,P016,Nescafe Coffee 50g,Beverages,8
2024-09-03,P016,Nescafe Coffee 50g,Beverages,15
2024-09-04,P016,Nescafe Coffee 50g,Beverages,17
2024-09-05,P016,Nescafe Coffee 50g,Beverages,11
2024-09-06,P016,Nescafe Coffee 50g,Beverages,10
2024-09-07,P016,Nescafe Coffee 50g,Beverages,8
2024-09-08,P016,Nescafe Coffee 50g,Beverages,6
2024-09-09,P016,Nescafe Coffee 50g,Beverages,12
2024-09-10,P016,Nescafe Coffee 50g,Beverages,16
2024-09-11,P016,Nescafe Coffee 50g,Beverages,13
2024-09-12,P016,Nescafe Coffee 50g,Beverages,13
2024-09-13,P016,Nescafe Coffee 50g,Beverages,9
2024-09-14,P016,Nescafe Coffee 50g,Beverages,13
2024-09-15,P016,Nescafe Coffee 50g,Beverages,9
2024-09-16,P016,Nescafe Coffee 50g,Beverages,6
2024-09-17,P016,Nescafe Coffee 50g,Beverages,16
2024-09-18,P016,Nescafe Coffee 50g,Beverages,12
2024-09-19,P016,Nescafe Coffee 50g,Beverages,8
2024-09-20,P016,Nescafe Coffee 50g,Beverages,12
2024-09-21,P016,Nescafe Coffee 50g,Beverages,9
2024-09-22,P016,Nescafe Coffee 50g,Beverages,8
2024-09-23,P016,Nescafe Coffee 50g,Beverages,15
2024-09-24,P016,Nescafe Coffee 50g,Beverages,14
2024-09-25,P016,Nescafe Coffee 50g,Beverages,11
2024-09-26,P016,Nescafe Coffee 50g,Beverages,10
2024-09-27,P016,Nescafe Coffee 50g,Beverages,16
2024-09-28,P016,Nescafe Coffee 50g,Beverages,11
2024-09-29,P016,Nescafe Coffee 50g,Beverages,10
2024-09-30,P016,Nescafe Coffee 50g,Beverages,13
2024-10-01,P016,Nescafe Coffee 50g,Beverages,14
2024-10-02,P016,Nescafe Coffee 50g,Beverages,13
2024-10-03,P016,Nescafe Coffee 50g,Beverages,10
2024-10-04,P016,Nescafe Coffee 50g,Beverages,13
2024-10-05,P016,Nescafe Coffee 50g,Beverages,12
2024-10-06,P016,Nescafe Coffee 50g,Beverages,14
2024-10-07,P016,Nescafe Coffee 50g,Beverages,13
2024-10-08,P016,Nescafe Coffee 50g,Beverages,18
2024-10-09,P016,Nescafe Coffee 50g,Beverages,16
2024-10-10,P016,Nescafe Coffee 50g,Beverages,46
2024-10-11,P016,Nescafe Coffee 50g,Beverages,11
2024-10-12,P016,Nescafe Coffee 50g,Beverages,15
2024-10-13,P016,Nescafe Coffee 50g,Beverages,14
2024-10-14,P016,Nescafe Coffee 50g,Beverages,16
2024-10-15,P016,Nescafe Coffee 50g,Beverages,12
2024-10-16,P016,Nescafe Coffee 50g,Beverages,10
2024-10-17,P016,Nescafe Coffee 50g,Beverages,9
2024-10-18,P016,Nescafe Coffee 50g,Beverages,11
2024-10-19,P016,Nescafe Coffee 50g,Beverages,10
2024-10-20,P016,Nescafe Coffee 50g,Beverages,11
2024-10-21,P016,Nescafe Coffee 50g,Beverages,11
2024-10-22,P016,Nescafe Coffee 50g,Beverages,11
2024-10-23,P016,Nescafe Coffee 50g,Beverages,16
2024-10-24,P016,Nescafe Coffee 50g,Beverages,11
2024-10-25,P016,Nescafe Coffee 50g,Beverages,14
2024-10-26,P016,Nescafe Coffee 50g,Beverages,11
2024-10-27,P016,Nescafe Coffee 50g,Beverages,13
2024-10-28,P016,Nescafe Coffee 50g,Beverages,11
2024-10-29,P016,Nescafe Coffee 50g,Beverages,15
2024-10-30,P016,Nescafe Coffee 50g,Beverages,16
2024-10-31,P016,Nescafe Coffee 50g,Beverages,12
2024-11-01,P016,Nescafe Coffee 50g,Beverages,11
2024-11-02,P016,Nescafe Coffee 50g,Beverages,12
2024-11-03,P016,Nescafe Coffee 50g,Beverages,13
2024-11-04,P016,Nescafe Coffee 50g,Beverages,15
2024-11-05,P016,Nescafe Coffee 50g,Beverages,13
2024-11-06,P016,Nescafe Coffee 50g,Beverages,12
2024-11-07,P016,Nescafe Coffee 50g,Beverages,9
2024-11-08,P016,Nescafe Coffee 50g,Beverages,11
2024-11-09,P016,Nescafe Coffee 50g,Beverages,11
2024-11-10,P016,Nescafe Coffee 50g,Beverages,13
2024-11-11,P016,Nescafe Coffee 50g,Beverages,14
2024-11-12,P016,Nescafe Coffee 50g,Beverages,11
2024-11-13,P016,Nescafe Coffee 50g,Beverages,14
2024-11-14,P016,Nescafe Coffee 50g,Beverages,12
2024-11-15,P016,Nescafe Coffee 50g,Beverages,14
2024-11-16,P016,Nescafe Coffee 50g,Beverages,11
2024-11-17,P016,Nescafe Coffee 50g,Beverages,14
2024-11-18,P016,Nescafe Coffee 50g,Beverages,14
2024-11-19,P016,Nescafe Coffee 50g,Beverages,16
2024-11-20,P016,Nescafe Coffee 50g,Beverages,14
2024-11-21,P016,Nescafe Coffee 50g,Beverages,11
2024-11-22,P016,Nescafe Coffee 50g,Beverages,12
2024-11-23,P016,Nescafe Coffee 50g,Beverages,11
2024-11-24,P016,Nescafe Coffee 50g,Beverages,14
2024-11-25,P016,Nescafe Coffee 50g,Beverages,14
2024-11-26,P016,Nescafe Coffee 50g,Beverages,17
2024-11-27,P016,Nescafe Coffee 50g,Beverages,12
2024-11-28,P016,Nescafe Coffee 50g,Beverages,9
2024-11-29,P016,Nescafe Coffee 50g,Beverages,12
2024-11-30,P016,Nescafe Coffee 50g,Beverages,11
2024-12-01,P016,Nescafe Coffee 50g,Beverages,12
2024-12-02,P016,Nescafe Coffee 50g,Beverages,10
2024-12-03,P016,Nescafe Coffee 50g,Beverages,12
2024-12-04,P016,Nescafe Coffee 50g,Beverages,15
2024-12-05,P016,Nescafe Coffee 50g,Beverages,10
2024-12-06,P016,Nescafe Coffee 50g,Beverages,13
2024-12-07,P016,Nescafe Coffee 50g,Beverages,10
2024-12-08,P016,Nescafe Coffee 50g,Beverages,45
2024-12-09,P016,Nescafe Coffee 50g,Beverages,7
2024-12-10,P016,Nescafe Coffee 50g,Beverages,18
2024-12-11,P016,Nescafe Coffee 50g,Beverages,16
2024-12-12,P016,Nescafe Coffee 50g,Beverages,8
2024-12-13,P016,Nescafe Coffee 50g,Beverages,7
2024-12-14,P016,Nescafe Coffee 50g,Beverages,10
2024-12-15,P016,Nescafe Coffee 50g,Beverages,13
2024-12-16,P016,Nescafe Coffee 50g,Beverages,11
2024-12-17,P016,Nescafe Coffee 50g,Beverages,14
2024-12-18,P016,Nescafe Coffee 50g,Beverages,17
2024-12-19,P016,Nescafe Coffee 50g,Beverages,9
2024-12-20,P016,Nescafe Coffee 50g,Beverages,10
2024-12-21,P016,Nescafe Coffee 50g,Beverages,12
2024-12-22,P016,Nescafe Coffee 50g,Beverages,11
2024-12-23,P016,Nescafe Coffee 50g,Beverages,11
2024-12-24,P016,Nescafe Coffee 50g,Beverages,16
2024-12-25,P016,Nescafe Coffee 50g,Beverages,16
2024-12-26,P016,Nescafe Coffee 50g,Beverages,13
2024-12-27,P016,Nescafe Coffee 50g,Beverages,11
2024-12-28,P016,Nescafe Coffee 50g,Beverages,7
2024-12-29,P016,Nescafe Coffee 50g,Beverages,11
2024-12-30,P016,Nescafe Coffee 50g,Beverages,10
2024-12-31,P016,Nescafe Coffee 50g,Beverages,10
2025-01-01,P016,Nescafe Coffee 50g,Beverages,14
2025-01-02,P016,Nescafe Coffee 50g,Beverages,12
2025-01-03,P016,Nescafe Coffee 50g,Beverages,15
2025-01-04,P016,Nescafe Coffee 50g,Beverages,9
2025-01-05,P016,Nescafe Coffee 50g,Beverages,13
2025-01-06,P016,Nescafe Coffee 50g,Beverages,9
2025-01-07,P016,Nescafe Coffee 50g,Beverages,18
2025-01-08,P016,Nescafe Coffee 50g,Beverages,13
2025-01-09,P016,Nescafe Coffee 50g,Beverages,11
2025-01-10,P016,Nescafe Coffee 50g,Beverages,11
2025-01-11,P016,Nescafe Coffee 50g,Beverages,13
2025-01-12,P016,Nescafe Coffee 50g,Beverages,8
2025-01-13,P016,Nescafe Coffee 50g,Beverages,12
2025-01-14,P016,Nescafe Coffee 50g,Beverages,14
2025-01-15,P016,Nescafe Coffee 50g,Beverages,20
2025-01-16,P016,Nescafe Coffee 50g,Beverages,9
2025-01-17,P016,Nescafe Coffee 50g,Beverages,6
2025-01-18,P016,Nescafe Coffee 50g,Beverages,15
2025-01-19,P016,Nescafe Coffee 50g,Beverages,12
2025-01-20,P016,Nescafe Coffee 50g,Beverages,11
2025-01-21,P016,Nescafe Coffee 50g,Beverages,15
2025-01-22,P016,Nescafe Coffee 50g,Beverages,13
2025-01-23,P016,Nescafe Coffee 50g,Beverages,7
2025-01-24,P016,Nescafe Coffee 50g,Beverages,11
2025-01-25,P016,Nescafe Coffee 50g,Beverages,11
2025-01-26,P016,Nescafe Coffee 50g,Beverages,12
2025-01-27,P016,Nescafe Coffee 50g,Beverages,10
2025-01-28,P016,Nescafe Coffee 50g,Beverages,13
2025-01-29,P016,Nescafe Coffee 50g,Beverages,14
2025-01-30,P016,Nescafe Coffee 50g,Beverages,9
2025-01-31,P016,Nescafe Coffee 50g,Beverages,14
2025-02-01,P016,Nescafe Coffee 50g,Beverages,13
2025-02-02,P016,Nescafe Coffee 50g,Beverages,10
2025-02-03,P016,Nescafe Coffee 50g,Beverages,14
2025-02-04,P016,Nescafe Coffee 50g,Beverages,12
2025-02-05,P016,Nescafe Coffee 50g,Beverages,14
2025-02-06,P016,Nescafe Coffee 50g,Beverages,15
2025-02-07,P016,Nescafe Coffee 50g,Beverages,13
2025-02-08,P016,Nescafe Coffee 50g,Beverages,12
2025-02-09,P016,Nescafe Coffee 50g,Beverages,11
2025-02-10,P016,Nescafe Coffee 50g,Beverages,13
2025-02-11,P016,Nescafe Coffee 50g,Beverages,12
2025-02-12,P016,Nescafe Coffee 50g,Beverages,14
2025-02-13,P016,Nescafe Coffee 50g,Beverages,12
2025-02-14,P016,Nescafe Coffee 50g,Beverages,11
2025-02-15,P016,Nescafe Coffee 50g,Beverages,11
2025-02-16,P016,Nescafe Coffee 50g,Beverages,10
2025-02-17,P016,Nescafe Coffee 50g,Beverages,11
2025-02-18,P016,Nescafe Coffee 50g,Beverages,13
2025-02-19,P016,Nescafe Coffee 50g,Beverages,15
2025-02-20,P016,Nescafe Coffee 50g,Beverages,13
2025-02-21,P016,Nescafe Coffee 50g,Beverages,10
2025-02-22,P016,Nescafe Coffee 50g,Beverages,12
2025-02-23,P016,Nescafe Coffee 50g,Beverages,12
2025-02-24,P016,Nescafe Coffee 50g,Beverages,15
2025-02-25,P016,Nescafe Coffee 50g,Beverages,15
2025-02-26,P016,Nescafe Coffee 50g,Beverages,12
2025-02-27,P016,Nescafe Coffee 50g,Beverages,16
2025-02-28,P016,Nescafe Coffee 50g,Beverages,14
2025-03-01,P016,Nescafe Coffee 50g,Beverages,13
2025-03-02,P016,Nescafe Coffee 50g,Beverages,10
2025-03-03,P016,Nescafe Coffee 50g,Beverages,12
2025-03-04,P016,Nescafe Coffee 50g,Beverages,12
2025-03-05,P016,Nescafe Coffee 50g,Beverages,14
2025-03-06,P016,Nescafe Coffee 50g,Beverages,12
2025-03-07,P016,Nescafe Coffee 50g,Beverages,11
2025-03-08,P016,Nescafe Coffee 50g,Beverages,15
2025-03-09,P016,Nescafe Coffee 50g,Beverages,13
2025-03-10,P016,Nescafe Coffee 50g,Beverages,15
2025-03-11,P016,Nescafe Coffee 50g,Beverages,16
2025-03-12,P016,Nescafe Coffee 50g,Beverages,16
2025-03-13,P016,Nescafe Coffee 50g,Beverages,13
2025-03-14,P016,Nescafe Coffee 50g,Beverages,7
2025-03-15,P016,Nescafe Coffee 50g,Beverages,11
2025-03-16,P016,Nescafe Coffee 50g,Beverages,8
2025-03-17,P016,Nescafe Coffee 50g,Beverages,10
2025-03-18,P016,Nescafe Coffee 50g,Beverages,18
2025-03-19,P016,Nescafe Coffee 50g,Beverages,13
2025-03-20,P016,Nescafe Coffee 50g,Beverages,9
2025-03-21,P016,Nescafe Coffee 50g,Beverages,12
2025-03-22,P016,Nescafe Coffee 50g,Beverages,11
2025-03-23,P016,Nescafe Coffee 50g,Beverages,13
2025-03-24,P016,Nescafe Coffee 50g,Beverages,17
2025-03-25,P016,Nescafe Coffee 50g,Beverages,16
2025-03-26,P016,Nescafe Coffee 50g,Beverages,12
2025-03-27,P016,Nescafe Coffee 50g,Beverages,14
2025-03-28,P016,Nescafe Coffee 50g,Beverages,11
2025-03-29,P016,Nescafe Coffee 50g,Beverages,12
2025-03-30,P016,Nescafe Coffee 50g,Beverages,8
2025-03-31,P016,Nescafe Coffee 50g,Beverages,14
2025-04-01,P016,Nescafe Coffee 50g,Beverages,12
2025-04-02,P016,Nescafe Coffee 50g,Beverages,16
2025-04-03,P016,Nescafe Coffee 50g,Beverages,10
2025-04-04,P016,Nescafe Coffee 50g,Beverages,13
2025-04-05,P016,Nescafe Coffee 50g,Beverages,9
2025-04-06,P016,Nescafe Coffee 50g,Beverages,8
2025-04-07,P016,Nescafe Coffee 50g,Beverages,12
2025-04-08,P016,Nescafe Coffee 50g,Beverages,16
2025-04-09,P016,Nescafe Coffee 50g,Beverages,13
2025-04-10,P016,Nescafe Coffee 50g,Beverages,12
2025-04-11,P016,Nescafe Coffee 50g,Beverages,14
2025-04-12,P016,Nescafe Coffee 50g,Beverages,9
2025-04-13,P016,Nescafe Coffee 50g,Beverages,12
2025-04-14,P016,Nescafe Coffee 50g,Beverages,14
2025-04-15,P016,Nescafe Coffee 50g,Beverages,15
2025-04-16,P016,Nescafe Coffee 50g,Beverages,15
2025-04-17,P016,Nescafe Coffee 50g,Beverages,9
2025-04-18,P016,Nescafe Coffee 50g,Beverages,13
2025-04-19,P016,Nescafe Coffee 50g,Beverages,12
2025-04-20,P016,Nescafe Coffee 50g,Beverages,12
2025-04-21,P016,Nescafe Coffee 50g,Beverages,17
2025-04-22,P016,Nescafe Coffee 50g,Beverages,15
2025-04-23,P016,Nescafe Coffee 50g,Beverages,16
2025-04-24,P016,Nescafe Coffee 50g,Beverages,15
2025-04-25,P016,Nescafe Coffee 50g,Beverages,12
2025-04-26,P016,Nescafe Coffee 50g,Beverages,10
2025-04-27,P016,Nescafe Coffee 50g,Beverages,13
2025-04-28,P016,Nescafe Coffee 50g,Beverages,11
2025-04-29,P016,Nescafe Coffee 50g,Beverages,18
2025-04-30,P016,Nescafe Coffee 50g,Beverages,16
2025-05-01,P016,Nescafe Coffee 50g,Beverages,10
2025-05-02,P016,Nescafe Coffee 50g,Beverages,9
2025-05-03,P016,Nescafe Coffee 50g,Beverages,12
2025-05-04,P016,Nescafe Coffee 50g,Beverages,12
2025-05-05,P016,Nescafe Coffee 50g,Beverages,10
2025-05-06,P016,Nescafe Coffee 50g,Beverages,17
2025-05-07,P016,Nescafe Coffee 50g,Beverages,17
2025-05-08,P016,Nescafe Coffee 50g,Beverages,12
2025-05-09,P016,Nescafe Coffee 50g,Beverages,13
2025-05-10,P016,Nescafe Coffee 50g,Beverages,10
2025-05-11,P016,Nescafe Coffee 50g,Beverages,10
2025-05-12,P016,Nescafe Coffee 50g,Beverages,12
2025-05-13,P016,Nescafe Coffee 50g,Beverages,14
2025-05-14,P016,Nescafe Coffee 50g,Beverages,17
2025-05-15,P016,Nescafe Coffee 50g,Beverages,14
2025-05-16,P016,Nescafe Coffee 50g,Beverages,10
2025-05-17,P016,Nescafe Coffee 50g,Beverages,10
2025-05-18,P016,Nescafe Coffee 50g,Beverages,14
2025-05-19,P016,Nescafe Coffee 50g,Beverages,11
2025-05-20,P016,Nescafe Coffee 50g,Beverages,15
2025-05-21,P016,Nescafe Coffee 50g,Beverages,13
2025-05-22,P016,Nescafe Coffee 50g,Beverages,10
2025-05-23,P016,Nescafe Coffee 50g,Beverages,8
2025-05-24,P016,Nescafe Coffee 50g,Beverages,15
2025-05-25,P016,Nescafe Coffee 50g,Beverages,14
2025-05-26,P016,Nescafe Coffee 50g,Beverages,11
2025-05-27,P016,Nescafe Coffee 50g,Beverages,16
2025-05-28,P016,Nescafe Coffee 50g,Beverages,12
2025-05-29,P016,Nescafe Coffee 50g,Beverages,13
2025-05-30,P016,Nescafe Coffee 50g,Beverages,10
2025-05-31,P016,Nescafe Coffee 50g,Beverages,14
2025-06-01,P016,Nescafe Coffee 50g,Beverages,13
2025-06-02,P016,Nescafe Coffee 50g,Beverages,12
2025-06-03,P016,Nescafe Coffee 50g,Beverages,15
2025-06-04,P016,Nescafe Coffee 50g,Beverages,16
2025-06-05,P016,Nescafe Coffee 50g,Beverages,10
2025-06-06,P016,Nescafe Coffee 50g,Beverages,14
2025-06-07,P016,Nescafe Coffee 50g,Beverages,41
2025-06-08,P016,Nescafe Coffee 50g,Beverages,14
2025-06-09,P016,Nescafe Coffee 50g,Beverages,8
2025-06-10,P016,Nescafe Coffee 50g,Beverages,16
2025-06-11,P016,Nescafe Coffee 50g,Beverages,16
2025-06-12,P016,Nescafe Coffee 50g,Beverages,12
2025-06-13,P016,Nescafe Coffee 50g,Beverages,12
2025-06-14,P016,Nescafe Coffee 50g,Beverages,11
2025-06-15,P016,Nescafe Coffee 50g,Beverages,17
2025-06-16,P016,Nescafe Coffee 50g,Beverages,14
2025-06-17,P016,Nescafe Coffee 50g,Beverages,16
2025-06-18,P016,Nescafe Coffee 50g,Beverages,18
2025-06-19,P016,Nescafe Coffee 50g,Beverages,11
2025-06-20,P016,Nescafe Coffee 50g,Beverages,9
2025-06-21,P016,Nescafe Coffee 50g,Beverages,14
2025-06-22,P016,Nescafe Coffee 50g,Beverages,11
2025-06-23,P016,Nescafe Coffee 50g,Beverages,16
2025-06-24,P016,Nescafe Coffee 50g,Beverages,18
2025-06-25,P016,Nescafe Coffee 50g,Beverages,10
2025-06-26,P016,Nescafe Coffee 50g,Beverages,12
2025-06-27,P016,Nescafe Coffee 50g,Beverages,53
2025-06-28,P016,Nescafe Coffee 50g,Beverages,8
2025-06-29,P016,Nescafe Coffee 50g,Beverages,13
2025-06-30,P016,Nescafe Coffee 50g,Beverages,15
2025-07-01,P016,Nescafe Coffee 50g,Beverages,15
2025-07-02,P016,Nescafe Coffee 50g,Beverages,16
2025-07-03,P016,Nescafe Coffee 50g,Beverages,15
2025-07-04,P016,Nescafe Coffee 50g,Beverages,9
2025-07-05,P016,Nescafe Coffee 50g,Beverages,14
2025-07-06,P016,Nescafe Coffee 50g,Beverages,13
2025-07-07,P016,Nescafe Coffee 50g,Beverages,16
2025-07-08,P016,Nescafe Coffee 50g,Beverages,50
2025-07-09,P016,Nescafe Coffee 50g,Beverages,19
2025-07-10,P016,Nescafe Coffee 50g,Beverages,9
2025-07-11,P016,Nescafe Coffee 50g,Beverages,11
2025-07-12,P016,Nescafe Coffee 50g,Beverages,9
2025-07-13,P016,Nescafe Coffee 50g,Beverages,14
2025-07-14,P016,Nescafe Coffee 50g,Beverages,11
2025-07-15,P016,Nescafe Coffee 50g,Beverages,18
2025-07-16,P016,Nescafe Coffee 50g,Beverages,12
2025-07-17,P016,Nescafe Coffee 50g,Beverages,11
2025-07-18,P016,Nescafe Coffee 50g,Beverages,16
2025-07-19,P016,Nescafe Coffee 50g,Beverages,10
2025-07-20,P016,Nescafe Coffee 50g,Beverages,14
2025-07-21,P016,Nescafe Coffee 50g,Beverages,15
2025-07-22,P016,Nescafe Coffee 50g,Beverages,13
2025-07-23,P016,Nescafe Coffee 50g,Beverages,16
2025-07-24,P016,Nescafe Coffee 50g,Beverages,15
2025-07-25,P016,Nescafe Coffee 50g,Beverages,11
2025-07-26,P016,Nescafe Coffee 50g,Beverages,10
2025-07-27,P016,Nescafe Coffee 50g,Beverages,13
2025-07-28,P016,Nescafe Coffee 50g,Beverages,13
2025-07-29,P016,Nescafe Coffee 50g,Beverages,12
2025-07-30,P016,Nescafe Coffee 50g,Beverages,15
2025-07-31,P016,Nescafe Coffee 50g,Beverages,11
2025-08-01,P016,Nescafe Coffee 50g,Beverages,12
2025-08-02,P016,Nescafe Coffee 50g,Beverages,7
2025-08-03,P016,Nescafe Coffee 50g,Beverages,13
2025-08-04,P016,Nescafe Coffee 50g,Beverages,10
2025-08-05,P016,Nescafe Coffee 50g,Beverages,17
2025-08-06,P016,Nescafe Coffee 50g,Beverages,18
2025-08-07,P016,Nescafe Coffee 50g,Beverages,8
2025-08-08,P016,Nescafe Coffee 50g,Beverages,15
2025-08-09,P016,Nescafe Coffee 50g,Beverages,12
2025-08-10,P016,Nescafe Coffee 50g,Beverages,14
2025-08-11,P016,Nescafe Coffee 50g,Beverages,15
2025-08-12,P016,Nescafe Coffee 50g,Beverages,13
2025-08-13,P016,Nescafe Coffee 50g,Beverages,14
2025-08-14,P016,Nescafe Coffee 50g,Beverages,16
2025-08-15,P016,Nescafe Coffee 50g,Beverages,9
2025-08-16,P016,Nescafe Coffee 50g,Beverages,13
2025-08-17,P016,Nescafe Coffee 50g,Beverages,10
2025-08-18,P016,Nescafe Coffee 50g,Beverages,11
2025-08-19,P016,Nescafe Coffee 50g,Beverages,16
2025-08-20,P016,Nescafe Coffee 50g,Beverages,21
2025-08-21,P016,Nescafe Coffee 50g,Beverages,14
2025-08-22,P016,Nescafe Coffee 50g,Beverages,10
2025-08-23,P016,Nescafe Coffee 50g,Beverages,12
2025-08-24,P016,Nescafe Coffee 50g,Beverages,8
2025-08-25,P016,Nescafe Coffee 50g,Beverages,8
2025-08-26,P016,Nescafe Coffee 50g,Beverages,16
2025-08-27,P016,Nescafe Coffee 50g,Beverages,17
2025-08-28,P016,Nescafe Coffee 50g,Beverages,15
2025-08-29,P016,Nescafe Coffee 50g,Beverages,13
2025-08-30,P016,Nescafe Coffee 50g,Beverages,12
2025-08-31,P016,Nescafe Coffee 50g,Beverages,11
2025-09-01,P016,Nescafe Coffee 50g,Beverages,14
2025-09-02,P016,Nescafe Coffee 50g,Beverages,13
2025-09-03,P016,Nescafe Coffee 50g,Beverages,14
2025-09-04,P016,Nescafe Coffee 50g,Beverages,9
2025-09-05,P016,Nescafe Coffee 50g,Beverages,11
2025-09-06,P016,Nescafe Coffee 50g,Beverages,10
2025-09-07,P016,Nescafe Coffee 50g,Beverages,10
2025-09-08,P016,Nescafe Coffee 50g,Beverages,12
2025-09-09,P016,Nescafe Coffee 50g,Beverages,16
2025-09-10,P016,Nescafe Coffee 50g,Beverages,19
2025-09-11,P016,Nescafe Coffee 50g,Beverages,13
2025-09-12,P016,Nescafe Coffee 50g,Beverages,11
2025-09-13,P016,Nescafe Coffee 50g,Beverages,13
2025-09-14,P016,Nescafe Coffee 50g,Beverages,12
2025-09-15,P016,Nescafe Coffee 50g,Beverages,52
2025-09-16,P016,Nescafe Coffee 50g,Beverages,16
2025-09-17,P016,Nescafe Coffee 50g,Beverages,20
2025-09-18,P016,Nescafe Coffee 50g,Beverages,12
2025-09-19,P016,Nescafe Coffee 50g,Beverages,11
2025-09-20,P016,Nescafe Coffee 50g,Beverages,10
2025-09-21,P016,Nescafe Coffee 50g,Beverages,14
2025-09-22,P016,Nescafe Coffee 50g,Beverages,11
2025-09-23,P016,Nescafe Coffee 50g,Beverages,19
2025-09-24,P016,Nescafe Coffee 50g,Beverages,12
2025-09-25,P016,Nescafe Coffee 50g,Beverages,15
2025-09-26,P016,Nescafe Coffee 50g,Beverages,14
2025-09-27,P016,Nescafe Coffee 50g,Beverages,11
2025-09-28,P016,Nescafe Coffee 50g,Beverages,11
2025-09-29,P016,Nescafe Coffee 50g,Beverages,16
2025-09-30,P016,Nescafe Coffee 50g,Beverages,20
2025-10-01,P016,Nescafe Coffee 50g,Beverages,15
2025-10-02,P016,Nescafe Coffee 50g,Beverages,13
2025-10-03,P016,Nescafe Coffee 50g,Beverages,14
2025-10-04,P016,Nescafe Coffee 50g,Beverages,13
2025-10-05,P016,Nescafe Coffee 50g,Beverages,12
2025-10-06,P016,Nescafe Coffee 50g,Beverages,13
2025-10-07,P016,Nescafe Coffee 50g,Beverages,17
2025-10-08,P016,Nescafe Coffee 50g,Beverages,11
2025-10-09,P016,Nescafe Coffee 50g,Beverages,15
2025-10-10,P016,Nescafe Coffee 50g,Beverages,8
2025-10-11,P016,Nescafe Coffee 50g,Beverages,10
2025-10-12,P016,Nescafe Coffee 50g,Beverages,11
2025-10-13,P016,Nescafe Coffee 50g,Beverages,11
2025-10-14,P016,Nescafe Coffee 50g,Beverages,14
2025-10-15,P016,Nescafe Coffee 50g,Beverages,19
2025-10-16,P016,Nescafe Coffee 50g,Beverages,16
2025-10-17,P016,Nescafe Coffee 50g,Beverages,16
2025-10-18,P016,Nescafe Coffee 50g,Beverages,14
2025-10-19,P016,Nescafe Coffee 50g,Beverages,18
2025-10-20,P016,Nescafe Coffee 50g,Beverages,13
2025-10-21,P016,Nescafe Coffee 50g,Beverages,15
2025-10-22,P016,Nescafe Coffee 50g,Beverages,16
2025-10-23,P016,Nescafe Coffee 50g,Beverages,15
2025-10-24,P016,Nescafe Coffee 50g,Beverages,14
2025-10-25,P016,Nescafe Coffee 50g,Beverages,16
2025-10-26,P016,Nescafe Coffee 50g,Beverages,12
2025-10-27,P016,Nescafe Coffee 50g,Beverages,10
2025-10-28,P016,Nescafe Coffee 50g,Beverages,15
2025-10-29,P016,Nescafe Coffee 50g,Beverages,18
2025-10-30,P016,Nescafe Coffee 50g,Beverages,11
2025-10-31,P016,Nescafe Coffee 50g,Beverages,12
2025-11-01,P016,Nescafe Coffee 50g,Beverages,13
2025-11-02,P016,Nescafe Coffee 50g,Beverages,16
2025-11-03,P016,Nescafe Coffee 50g,Beverages,15
2025-11-04,P016,Nescafe Coffee 50g,Beverages,18
2025-11-05,P016,Nescafe Coffee 50g,Beverages,16
2025-11-06,P016,Nescafe Coffee 50g,Beverages,10
2025-11-07,P016,Nescafe Coffee 50g,Beverages,13
2025-11-08,P016,Nescafe Coffee 50g,Beverages,17
2025-11-09,P016,Nescafe Coffee 50g,Beverages,13
2025-11-10,P016,Nescafe Coffee 50g,Beverages,12
2025-11-11,P016,Nescafe Coffee 50g,Beverages,15
2025-11-12,P016,Nescafe Coffee 50g,Beverages,19
2025-11-13,P016,Nescafe Coffee 50g,Beverages,11
2025-11-14,P016,Nescafe Coffee 50g,Beverages,12
2025-11-15,P016,Nescafe Coffee 50g,Beverages,10
2025-11-16,P016,Nescafe Coffee 50g,Beverages,12
2025-11-17,P016,Nescafe Coffee 50g,Beverages,15
2025-11-18,P016,Nescafe Coffee 50g,Beverages,15
2025-11-19,P016,Nescafe Coffee 50g,Beverages,16
2025-11-20,P016,Nescafe Coffee 50g,Beverages,10
2025-11-21,P016,Nescafe Coffee 50g,Beverages,11
2025-11-22,P016,Nescafe Coffee 50g,Beverages,17
2025-11-23,P016,Nescafe Coffee 50g,Beverages,45
2025-11-24,P016,Nescafe Coffee 50g,Beverages,14
2025-11-25,P016,Nescafe Coffee 50g,Beverages,14
2025-11-26,P016,Nescafe Coffee 50g,Beverages,16
2025-11-27,P016,Nescafe Coffee 50g,Beverages,12
2025-11-28,P016,Nescafe Coffee 50g,Beverages,15
2025-11-29,P016,Nescafe Coffee 50g,Beverages,15
2025-11-30,P016,Nescafe Coffee 50g,Beverages,15
2025-12-01,P016,Nescafe Coffee 50g,Beverages,14
2025-12-02,P016,Nescafe Coffee 50g,Beverages,21
2025-12-03,P016,Nescafe Coffee 50g,Beverages,18
2025-12-04,P016,Nescafe Coffee 50g,Beverages,9
2025-12-05,P016,Nescafe Coffee 50g,Beverages,16
2025-12-06,P016,Nescafe Coffee 50g,Beverages,12
2025-12-07,P016,Nescafe Coffee 50g,Beverages,42
2025-12-08,P016,Nescafe Coffee 50g,Beverages,11
2025-12-09,P016,Nescafe Coffee 50g,Beverages,16
2025-12-10,P016,Nescafe Coffee 50g,Beverages,18
2025-12-11,P016,Nescafe Coffee 50g,Beverages,13
2025-12-12,P016,Nescafe Coffee 50g,Beverages,12
2025-12-13,P016,Nescafe Coffee 50g,Beverages,7
2025-12-14,P016,Nescafe Coffee 50g,Beverages,11
2025-12-15,P016,Nescafe Coffee 50g,Beverages,12
2025-12-16,P016,Nescafe Coffee 50g,Beverages,12
2025-12-17,P016,Nescafe Coffee 50g,Beverages,15
2025-12-18,P016,Nescafe Coffee 50g,Beverages,16
2025-12-19,P016,Nescafe Coffee 50g,Beverages,15
2025-12-20,P016,Nescafe Coffee 50g,Beverages,11
2025-12-21,P016,Nescafe Coffee 50g,Beverages,11
2025-12-22,P016,Nescafe Coffee 50g,Beverages,12
2025-12-23,P016,Nescafe Coffee 50g,Beverages,46
2025-12-24,P016,Nescafe Coffee 50g,Beverages,17
2025-12-25,P016,Nescafe Coffee 50g,Beverages,11
2025-12-26,P016,Nescafe Coffee 50g,Beverages,11
2025-12-27,P016,Nescafe Coffee 50g,Beverages,15
2025-12-28,P016,Nescafe Coffee 50g,Beverages,16
2025-12-29,P016,Nescafe Coffee 50g,Beverages,12
2025-12-30,P016,Nescafe Coffee 50g,Beverages,16
2025-12-31,P016,Nescafe Coffee 50g,Beverages,17
2026-01-01,P016,Nescafe Coffee 50g,Beverages,12
2026-01-02,P016,Nescafe Coffee 50g,Beverages,15
2026-01-03,P016,Nescafe Coffee 50g,Beverages,12
2026-01-04,P016,Nescafe Coffee 50g,Beverages,17
2026-01-05,P016,Nescafe Coffee 50g,Beverages,16
2026-01-06,P016,Nescafe Coffee 50g,Beverages,15
2026-01-07,P016,Nescafe Coffee 50g,Beverages,16
2026-01-08,P016,Nescafe Coffee 50g,Beverages,10
2026-01-09,P016,Nescafe Coffee 50g,Beverages,12
2026-01-10,P016,Nescafe Coffee 50g,Beverages,14
2026-01-11,P016,Nescafe Coffee 50g,Beverages,13
2026-01-12,P016,Nescafe Coffee 50g,Beverages,18
2026-01-13,P016,Nescafe Coffee 50g,Beverages,14
2026-01-14,P016,Nescafe Coffee 50g,Beverages,16
2026-01-15,P016,Nescafe Coffee 50g,Beverages,11
2026-01-16,P016,Nescafe Coffee 50g,Beverages,12
2026-01-17,P016,Nescafe Coffee 50g,Beverages,13
2026-01-18,P016,Nescafe Coffee 50g,Beverages,11
2026-01-19,P016,Nescafe Coffee 50g,Beverages,16
2026-01-20,P016,Nescafe Coffee 50g,Beverages,20
2026-01-21,P016,Nescafe Coffee 50g,Beverages,11
2026-01-22,P016,Nescafe Coffee 50g,Beverages,16
2026-01-23,P016,Nescafe Coffee 50g,Beverages,18
2026-01-24,P016,Nescafe Coffee 50g,Beverages,13
2026-01-25,P016,Nescafe Coffee 50g,Beverages,11
2026-01-26,P016,Nescafe Coffee 50g,Beverages,13
2026-01-27,P016,Nescafe Coffee 50g,Beverages,16
2026-01-28,P016,Nescafe Coffee 50g,Beverages,17
2026-01-29,P016,Nescafe Coffee 50g,Beverages,12
2026-01-30,P016,Nescafe Coffee 50g,Beverages,12
2026-01-31,P016,Nescafe Coffee 50g,Beverages,10
2026-02-01,P016,Nescafe Coffee 50g,Beverages,12
2026-02-02,P016,Nescafe Coffee 50g,Beverages,13
2026-02-03,P016,Nescafe Coffee 50g,Beverages,16
2026-02-04,P016,Nescafe Coffee 50g,Beverages,13
2026-02-05,P016,Nescafe Coffee 50g,Beverages,12
2026-02-06,P016,Nescafe Coffee 50g,Beverages,12
2026-02-07,P016,Nescafe Coffee 50g,Beverages,13
2026-02-08,P016,Nescafe Coffee 50g,Beverages,16
2026-02-09,P016,Nescafe Coffee 50g,Beverages,14
2026-02-10,P016,Nescafe Coffee 50g,Beverages,14
2026-02-11,P016,Nescafe Coffee 50g,Beverages,17
2026-02-12,P016,Nescafe Coffee 50g,Beverages,11
2026-02-13,P016,Nescafe Coffee 50g,Beverages,11
2026-02-14,P016,Nescafe Coffee 50g,Beverages,12
2026-02-15,P016,Nescafe Coffee 50g,Beverages,11
2026-02-16,P016,Nescafe Coffee 50g,Beverages,12
2026-02-17,P016,Nescafe Coffee 50g,Beverages,15
2026-02-18,P016,Nescafe Coffee 50g,Beverages,18
2026-02-19,P016,Nescafe Coffee 50g,Beverages,13
2026-02-20,P016,Nescafe Coffee 50g,Beverages,10
2026-02-21,P016,Nescafe Coffee 50g,Beverages,11
2026-02-22,P016,Nescafe Coffee 50g,Beverages,13
2026-02-23,P016,Nescafe Coffee 50g,Beverages,12
2026-02-24,P016,Nescafe Coffee 50g,Beverages,15
2026-02-25,P016,Nescafe Coffee 50g,Beverages,15
2026-02-26,P016,Nescafe Coffee 50g,Beverages,10
2026-02-27,P016,Nescafe Coffee 50g,Beverages,13
2026-02-28,P016,Nescafe Coffee 50g,Beverages,12
2026-03-01,P016,Nescafe Coffee 50g,Beverages,16
2026-03-02,P016,Nescafe Coffee 50g,Beverages,11
2026-03-03,P016,Nescafe Coffee 50g,Beverages,19
2026-03-04,P016,Nescafe Coffee 50g,Beverages,17
2026-03-05,P016,Nescafe Coffee 50g,Beverages,16
2026-03-06,P016,Nescafe Coffee 50g,Beverages,16
2026-03-07,P016,Nescafe Coffee 50g,Beverages,12
2026-03-08,P016,Nescafe Coffee 50g,Beverages,10
2026-03-09,P016,Nescafe Coffee 50g,Beverages,14
2026-03-10,P016,Nescafe Coffee 50g,Beverages,12
2026-03-11,P016,Nescafe Coffee 50g,Beverages,18
2026-03-12,P016,Nescafe Coffee 50g,Beverages,13
2026-03-13,P016,Nescafe Coffee 50g,Beverages,11
2026-03-14,P016,Nescafe Coffee 50g,Beverages,12
2026-03-15,P016,Nescafe Coffee 50g,Beverages,10
2026-03-16,P016,Nescafe Coffee 50g,Beverages,14
2026-03-17,P016,Nescafe Coffee 50g,Beverages,14
2026-03-18,P016,Nescafe Coffee 50g,Beverages,17
2026-03-19,P016,Nescafe Coffee 50g,Beverages,13
2026-03-20,P016,Nescafe Coffee 50g,Beverages,14
2026-03-21,P016,Nescafe Coffee 50g,Beverages,14
2026-03-22,P016,Nescafe Coffee 50g,Beverages,12
2026-03-23,P016,Nescafe Coffee 50g,Beverages,15
2026-03-24,P016,Nescafe Coffee 50g,Beverages,17
2026-03-25,P016,Nescafe Coffee 50g,Beverages,17
2026-03-26,P016,Nescafe Coffee 50g,Beverages,10
2026-03-27,P016,Nescafe Coffee 50g,Beverages,10
2026-03-28,P016,Nescafe Coffee 50g,Beverages,13
2024-03-28,P017,Vim Dishwash Bar 200g,Household,8
2024-03-29,P017,Vim Dishwash Bar 200g,Household,9
2024-03-30,P017,Vim Dishwash Bar 200g,Household,14
2024-03-31,P017,Vim Dishwash Bar 200g,Household,16
2024-04-01,P017,Vim Dishwash Bar 200g,Household,13
2024-04-02,P017,Vim Dishwash Bar 200g,Household,15
2024-04-03,P017,Vim Dishwash Bar 200g,Household,12
2024-04-04,P017,Vim Dishwash Bar 200g,Household,12
2024-04-05,P017,Vim Dishwash Bar 200g,Household,9
2024-04-06,P017,Vim Dishwash Bar 200g,Household,12
2024-04-07,P017,Vim Dishwash Bar 200g,Household,16
2024-04-08,P017,Vim Dishwash Bar 200g,Household,10
2024-04-09,P017,Vim Dishwash Bar 200g,Household,16
2024-04-10,P017,Vim Dishwash Bar 200g,Household,19
2024-04-11,P017,Vim Dishwash Bar 200g,Household,11
2024-04-12,P017,Vim Dishwash Bar 200g,Household,14
2024-04-13,P017,Vim Dishwash Bar 200g,Household,15
2024-04-14,P017,Vim Dishwash Bar 200g,Household,13
2024-04-15,P017,Vim Dishwash Bar 200g,Household,14
2024-04-16,P017,Vim Dishwash Bar 200g,Household,14
2024-04-17,P017,Vim Dishwash Bar 200g,Household,15
2024-04-18,P017,Vim Dishwash Bar 200g,Household,13
2024-04-19,P017,Vim Dishwash Bar 200g,Household,8
2024-04-20,P017,Vim Dishwash Bar 200g,Household,7
2024-04-21,P017,Vim Dishwash Bar 200g,Household,12
2024-04-22,P017,Vim Dishwash Bar 200g,Household,15
2024-04-23,P017,Vim Dishwash Bar 200g,Household,17
2024-04-24,P017,Vim Dishwash Bar 200g,Household,12
2024-04-25,P017,Vim Dishwash Bar 200g,Household,15
2024-04-26,P017,Vim Dishwash Bar 200g,Household,13
2024-04-27,P017,Vim Dishwash Bar 200g,Household,15
2024-04-28,P017,Vim Dishwash Bar 200g,Household,11
2024-04-29,P017,Vim Dishwash Bar 200g,Household,15
2024-04-30,P017,Vim Dishwash Bar 200g,Household,18
2024-05-01,P017,Vim Dishwash Bar 200g,Household,19
2024-05-02,P017,Vim Dishwash Bar 200g,Household,15
2024-05-03,P017,Vim Dishwash Bar 200g,Household,11
2024-05-04,P017,Vim Dishwash Bar 200g,Household,12
2024-05-05,P017,Vim Dishwash Bar 200g,Household,11
2024-05-06,P017,Vim Dishwash Bar 200g,Household,14
2024-05-07,P017,Vim Dishwash Bar 200g,Household,13
2024-05-08,P017,Vim Dishwash Bar 200g,Household,12
2024-05-09,P017,Vim Dishwash Bar 200g,Household,19
2024-05-10,P017,Vim Dishwash Bar 200g,Household,18
2024-05-11,P017,Vim Dishwash Bar 200g,Household,16
2024-05-12,P017,Vim Dishwash Bar 200g,Household,14
2024-05-13,P017,Vim Dishwash Bar 200g,Household,16
2024-05-14,P017,Vim Dishwash Bar 200g,Household,19
2024-05-15,P017,Vim Dishwash Bar 200g,Household,21
2024-05-16,P017,Vim Dishwash Bar 200g,Household,11
2024-05-17,P017,Vim Dishwash Bar 200g,Household,11
2024-05-18,P017,Vim Dishwash Bar 200g,Household,13
2024-05-19,P017,Vim Dishwash Bar 200g,Household,14
2024-05-20,P017,Vim Dishwash Bar 200g,Household,13
2024-05-21,P017,Vim Dishwash Bar 200g,Household,15
2024-05-22,P017,Vim Dishwash Bar 200g,Household,20
2024-05-23,P017,Vim Dishwash Bar 200g,Household,11
2024-05-24,P017,Vim Dishwash Bar 200g,Household,17
2024-05-25,P017,Vim Dishwash Bar 200g,Household,15
2024-05-26,P017,Vim Dishwash Bar 200g,Household,18
2024-05-27,P017,Vim Dishwash Bar 200g,Household,20
2024-05-28,P017,Vim Dishwash Bar 200g,Household,18
2024-05-29,P017,Vim Dishwash Bar 200g,Household,22
2024-05-30,P017,Vim Dishwash Bar 200g,Household,14
2024-05-31,P017,Vim Dishwash Bar 200g,Household,14
2024-06-01,P017,Vim Dishwash Bar 200g,Household,13
2024-06-02,P017,Vim Dishwash Bar 200g,Household,12
2024-06-03,P017,Vim Dishwash Bar 200g,Household,16
2024-06-04,P017,Vim Dishwash Bar 200g,Household,20
2024-06-05,P017,Vim Dishwash Bar 200g,Household,13
2024-06-06,P017,Vim Dishwash Bar 200g,Household,19
2024-06-07,P017,Vim Dishwash Bar 200g,Household,17
2024-06-08,P017,Vim Dishwash Bar 200g,Household,11
2024-06-09,P017,Vim Dishwash Bar 200g,Household,14
2024-06-10,P017,Vim Dishwash Bar 200g,Household,14
2024-06-11,P017,Vim Dishwash Bar 200g,Household,18
2024-06-12,P017,Vim Dishwash Bar 200g,Household,16
2024-06-13,P017,Vim Dishwash Bar 200g,Household,14
2024-06-14,P017,Vim Dishwash Bar 200g,Household,10
2024-06-15,P017,Vim Dishwash Bar 200g,Household,18
2024-06-16,P017,Vim Dishwash Bar 200g,Household,10
2024-06-17,P017,Vim Dishwash Bar 200g,Household,16
2024-06-18,P017,Vim Dishwash Bar 200g,Household,15
2024-06-19,P017,Vim Dishwash Bar 200g,Household,16
2024-06-20,P017,Vim Dishwash Bar 200g,Household,14
2024-06-21,P017,Vim Dishwash Bar 200g,Household,13
2024-06-22,P017,Vim Dishwash Bar 200g,Household,13
2024-06-23,P017,Vim Dishwash Bar 200g,Household,12
2024-06-24,P017,Vim Dishwash Bar 200g,Household,12
2024-06-25,P017,Vim Dishwash Bar 200g,Household,19
2024-06-26,P017,Vim Dishwash Bar 200g,Household,15
2024-06-27,P017,Vim Dishwash Bar 200g,Household,11
2024-06-28,P017,Vim Dishwash Bar 200g,Household,11
2024-06-29,P017,Vim Dishwash Bar 200g,Household,12
2024-06-30,P017,Vim Dishwash Bar 200g,Household,9
2024-07-01,P017,Vim Dishwash Bar 200g,Household,11
2024-07-02,P017,Vim Dishwash Bar 200g,Household,18
2024-07-03,P017,Vim Dishwash Bar 200g,Household,18
2024-07-04,P017,Vim Dishwash Bar 200g,Household,46
2024-07-05,P017,Vim Dishwash Bar 200g,Household,16
2024-07-06,P017,Vim Dishwash Bar 200g,Household,11
2024-07-07,P017,Vim Dishwash Bar 200g,Household,8
2024-07-08,P017,Vim Dishwash Bar 200g,Household,16
2024-07-09,P017,Vim Dishwash Bar 200g,Household,12
2024-07-10,P017,Vim Dishwash Bar 200g,Household,17
2024-07-11,P017,Vim Dishwash Bar 200g,Household,14
2024-07-12,P017,Vim Dishwash Bar 200g,Household,18
2024-07-13,P017,Vim Dishwash Bar 200g,Household,11
2024-07-14,P017,Vim Dishwash Bar 200g,Household,12
2024-07-15,P017,Vim Dishwash Bar 200g,Household,16
2024-07-16,P017,Vim Dishwash Bar 200g,Household,18
2024-07-17,P017,Vim Dishwash Bar 200g,Household,16
2024-07-18,P017,Vim Dishwash Bar 200g,Household,13
2024-07-19,P017,Vim Dishwash Bar 200g,Household,11
2024-07-20,P017,Vim Dishwash Bar 200g,Household,14
2024-07-21,P017,Vim Dishwash Bar 200g,Household,9
2024-07-22,P017,Vim Dishwash Bar 200g,Household,22
2024-07-23,P017,Vim Dishwash Bar 200g,Household,19
2024-07-24,P017,Vim Dishwash Bar 200g,Household,14
2024-07-25,P017,Vim Dishwash Bar 200g,Household,12
2024-07-26,P017,Vim Dishwash Bar 200g,Household,10
2024-07-27,P017,Vim Dishwash Bar 200g,Household,11
2024-07-28,P017,Vim Dishwash Bar 200g,Household,13
2024-07-29,P017,Vim Dishwash Bar 200g,Household,18
2024-07-30,P017,Vim Dishwash Bar 200g,Household,17
2024-07-31,P017,Vim Dishwash Bar 200g,Household,12
2024-08-01,P017,Vim Dishwash Bar 200g,Household,11
2024-08-02,P017,Vim Dishwash Bar 200g,Household,12
2024-08-03,P017,Vim Dishwash Bar 200g,Household,13
2024-08-04,P017,Vim Dishwash Bar 200g,Household,13
2024-08-05,P017,Vim Dishwash Bar 200g,Household,9
2024-08-06,P017,Vim Dishwash Bar 200g,Household,15
2024-08-07,P017,Vim Dishwash Bar 200g,Household,14
2024-08-08,P017,Vim Dishwash Bar 200g,Household,15
2024-08-09,P017,Vim Dishwash Bar 200g,Household,12
2024-08-10,P017,Vim Dishwash Bar 200g,Household,8
2024-08-11,P017,Vim Dishwash Bar 200g,Household,11
2024-08-12,P017,Vim Dishwash Bar 200g,Household,17
2024-08-13,P017,Vim Dishwash Bar 200g,Household,15
2024-08-14,P017,Vim Dishwash Bar 200g,Household,15
2024-08-15,P017,Vim Dishwash Bar 200g,Household,13
2024-08-16,P017,Vim Dishwash Bar 200g,Household,14
2024-08-17,P017,Vim Dishwash Bar 200g,Household,13
2024-08-18,P017,Vim Dishwash Bar 200g,Household,16
2024-08-19,P017,Vim Dishwash Bar 200g,Household,14
2024-08-20,P017,Vim Dishwash Bar 200g,Household,19
2024-08-21,P017,Vim Dishwash Bar 200g,Household,18
2024-08-22,P017,Vim Dishwash Bar 200g,Household,10
2024-08-23,P017,Vim Dishwash Bar 200g,Household,18
2024-08-24,P017,Vim Dishwash Bar 200g,Household,16
2024-08-25,P017,Vim Dishwash Bar 200g,Household,12
2024-08-26,P017,Vim Dishwash Bar 200g,Household,14
2024-08-27,P017,Vim Dishwash Bar 200g,Household,19
2024-08-28,P017,Vim Dishwash Bar 200g,Household,18
2024-08-29,P017,Vim Dishwash Bar 200g,Household,13
2024-08-30,P017,Vim Dishwash Bar 200g,Household,14
2024-08-31,P017,Vim Dishwash Bar 200g,Household,14
2024-09-01,P017,Vim Dishwash Bar 200g,Household,14
2024-09-02,P017,Vim Dishwash Bar 200g,Household,15
2024-09-03,P017,Vim Dishwash Bar 200g,Household,19
2024-09-04,P017,Vim Dishwash Bar 200g,Household,18
2024-09-05,P017,Vim Dishwash Bar 200g,Household,14
2024-09-06,P017,Vim Dishwash Bar 200g,Household,17
2024-09-07,P017,Vim Dishwash Bar 200g,Household,14
2024-09-08,P017,Vim Dishwash Bar 200g,Household,14
2024-09-09,P017,Vim Dishwash Bar 200g,Household,12
2024-09-10,P017,Vim Dishwash Bar 200g,Household,15
2024-09-11,P017,Vim Dishwash Bar 200g,Household,20
2024-09-12,P017,Vim Dishwash Bar 200g,Household,15
2024-09-13,P017,Vim Dishwash Bar 200g,Household,15
2024-09-14,P017,Vim Dishwash Bar 200g,Household,14
2024-09-15,P017,Vim Dishwash Bar 200g,Household,14
2024-09-16,P017,Vim Dishwash Bar 200g,Household,14
2024-09-17,P017,Vim Dishwash Bar 200g,Household,17
2024-09-18,P017,Vim Dishwash Bar 200g,Household,16
2024-09-19,P017,Vim Dishwash Bar 200g,Household,17
2024-09-20,P017,Vim Dishwash Bar 200g,Household,11
2024-09-21,P017,Vim Dishwash Bar 200g,Household,14
2024-09-22,P017,Vim Dishwash Bar 200g,Household,13
2024-09-23,P017,Vim Dishwash Bar 200g,Household,17
2024-09-24,P017,Vim Dishwash Bar 200g,Household,18
2024-09-25,P017,Vim Dishwash Bar 200g,Household,18
2024-09-26,P017,Vim Dishwash Bar 200g,Household,14
2024-09-27,P017,Vim Dishwash Bar 200g,Household,11
2024-09-28,P017,Vim Dishwash Bar 200g,Household,15
2024-09-29,P017,Vim Dishwash Bar 200g,Household,13
2024-09-30,P017,Vim Dishwash Bar 200g,Household,13
2024-10-01,P017,Vim Dishwash Bar 200g,Household,14
2024-10-02,P017,Vim Dishwash Bar 200g,Household,15
2024-10-03,P017,Vim Dishwash Bar 200g,Household,15
2024-10-04,P017,Vim Dishwash Bar 200g,Household,18
2024-10-05,P017,Vim Dishwash Bar 200g,Household,13
2024-10-06,P017,Vim Dishwash Bar 200g,Household,11
2024-10-07,P017,Vim Dishwash Bar 200g,Household,16
2024-10-08,P017,Vim Dishwash Bar 200g,Household,20
2024-10-09,P017,Vim Dishwash Bar 200g,Household,22
2024-10-10,P017,Vim Dishwash Bar 200g,Household,16
2024-10-11,P017,Vim Dishwash Bar 200g,Household,14
2024-10-12,P017,Vim Dishwash Bar 200g,Household,15
2024-10-13,P017,Vim Dishwash Bar 200g,Household,11
2024-10-14,P017,Vim Dishwash Bar 200g,Household,17
2024-10-15,P017,Vim Dishwash Bar 200g,Household,20
2024-10-16,P017,Vim Dishwash Bar 200g,Household,11
2024-10-17,P017,Vim Dishwash Bar 200g,Household,57
2024-10-18,P017,Vim Dishwash Bar 200g,Household,17
2024-10-19,P017,Vim Dishwash Bar 200g,Household,11
2024-10-20,P017,Vim Dishwash Bar 200g,Household,8
2024-10-21,P017,Vim Dishwash Bar 200g,Household,15
2024-10-22,P017,Vim Dishwash Bar 200g,Household,20
2024-10-23,P017,Vim Dishwash Bar 200g,Household,18
2024-10-24,P017,Vim Dishwash Bar 200g,Household,13
2024-10-25,P017,Vim Dishwash Bar 200g,Household,11
2024-10-26,P017,Vim Dishwash Bar 200g,Household,10
2024-10-27,P017,Vim Dishwash Bar 200g,Household,14
2024-10-28,P017,Vim Dishwash Bar 200g,Household,14
2024-10-29,P017,Vim Dishwash Bar 200g,Household,20
2024-10-30,P017,Vim Dishwash Bar 200g,Household,19
2024-10-31,P017,Vim Dishwash Bar 200g,Household,11
2024-11-01,P017,Vim Dishwash Bar 200g,Household,14
2024-11-02,P017,Vim Dishwash Bar 200g,Household,14
2024-11-03,P017,Vim Dishwash Bar 200g,Household,9
2024-11-04,P017,Vim Dishwash Bar 200g,Household,14
2024-11-05,P017,Vim Dishwash Bar 200g,Household,18
2024-11-06,P017,Vim Dishwash Bar 200g,Household,17
2024-11-07,P017,Vim Dishwash Bar 200g,Household,14
2024-11-08,P017,Vim Dishwash Bar 200g,Household,14
2024-11-09,P017,Vim Dishwash Bar 200g,Household,14
2024-11-10,P017,Vim Dishwash Bar 200g,Household,14
2024-11-11,P017,Vim Dishwash Bar 200g,Household,15
2024-11-12,P017,Vim Dishwash Bar 200g,Household,18
2024-11-13,P017,Vim Dishwash Bar 200g,Household,17
2024-11-14,P017,Vim Dishwash Bar 200g,Household,12
2024-11-15,P017,Vim Dishwash Bar 200g,Household,14
2024-11-16,P017,Vim Dishwash Bar 200g,Household,8
2024-11-17,P017,Vim Dishwash Bar 200g,Household,12
2024-11-18,P017,Vim Dishwash Bar 200g,Household,13
2024-11-19,P017,Vim Dishwash Bar 200g,Household,15
2024-11-20,P017,Vim Dishwash Bar 200g,Household,17
2024-11-21,P017,Vim Dishwash Bar 200g,Household,10
2024-11-22,P017,Vim Dishwash Bar 200g,Household,13
2024-11-23,P017,Vim Dishwash Bar 200g,Household,14
2024-11-24,P017,Vim Dishwash Bar 200g,Household,16
2024-11-25,P017,Vim Dishwash Bar 200g,Household,20
2024-11-26,P017,Vim Dishwash Bar 200g,Household,13
2024-11-27,P017,Vim Dishwash Bar 200g,Household,15
2024-11-28,P017,Vim Dishwash Bar 200g,Household,13
2024-11-29,P017,Vim Dishwash Bar 200g,Household,14
2024-11-30,P017,Vim Dishwash Bar 200g,Household,14
2024-12-01,P017,Vim Dishwash Bar 200g,Household,12
2024-12-02,P017,Vim Dishwash Bar 200g,Household,8
2024-12-03,P017,Vim Dishwash Bar 200g,Household,20
2024-12-04,P017,Vim Dishwash Bar 200g,Household,19
2024-12-05,P017,Vim Dishwash Bar 200g,Household,15
2024-12-06,P017,Vim Dishwash Bar 200g,Household,13
2024-12-07,P017,Vim Dishwash Bar 200g,Household,60
2024-12-08,P017,Vim Dishwash Bar 200g,Household,8
2024-12-09,P017,Vim Dishwash Bar 200g,Household,12
2024-12-10,P017,Vim Dishwash Bar 200g,Household,21
2024-12-11,P017,Vim Dishwash Bar 200g,Household,18
2024-12-12,P017,Vim Dishwash Bar 200g,Household,18
2024-12-13,P017,Vim Dishwash Bar 200g,Household,11
2024-12-14,P017,Vim Dishwash Bar 200g,Household,20
2024-12-15,P017,Vim Dishwash Bar 200g,Household,20
2024-12-16,P017,Vim Dishwash Bar 200g,Household,13
2024-12-17,P017,Vim Dishwash Bar 200g,Household,16
2024-12-18,P017,Vim Dishwash Bar 200g,Household,21
2024-12-19,P017,Vim Dishwash Bar 200g,Household,12
2024-12-20,P017,Vim Dishwash Bar 200g,Household,13
2024-12-21,P017,Vim Dishwash Bar 200g,Household,12
2024-12-22,P017,Vim Dishwash Bar 200g,Household,12
2024-12-23,P017,Vim Dishwash Bar 200g,Household,15
2024-12-24,P017,Vim Dishwash Bar 200g,Household,17
2024-12-25,P017,Vim Dishwash Bar 200g,Household,12
2024-12-26,P017,Vim Dishwash Bar 200g,Household,17
2024-12-27,P017,Vim Dishwash Bar 200g,Household,18
2024-12-28,P017,Vim Dishwash Bar 200g,Household,15
2024-12-29,P017,Vim Dishwash Bar 200g,Household,14
2024-12-30,P017,Vim Dishwash Bar 200g,Household,12
2024-12-31,P017,Vim Dishwash Bar 200g,Household,16
2025-01-01,P017,Vim Dishwash Bar 200g,Household,21
2025-01-02,P017,Vim Dishwash Bar 200g,Household,15
2025-01-03,P017,Vim Dishwash Bar 200g,Household,15
2025-01-04,P017,Vim Dishwash Bar 200g,Household,15
2025-01-05,P017,Vim Dishwash Bar 200g,Household,16
2025-01-06,P017,Vim Dishwash Bar 200g,Household,17
2025-01-07,P017,Vim Dishwash Bar 200g,Household,20
2025-01-08,P017,Vim Dishwash Bar 200g,Household,17
2025-01-09,P017,Vim Dishwash Bar 200g,Household,18
2025-01-10,P017,Vim Dishwash Bar 200g,Household,12
2025-01-11,P017,Vim Dishwash Bar 200g,Household,11
2025-01-12,P017,Vim Dishwash Bar 200g,Household,12
2025-01-13,P017,Vim Dishwash Bar 200g,Household,12
2025-01-14,P017,Vim Dishwash Bar 200g,Household,19
2025-01-15,P017,Vim Dishwash Bar 200g,Household,18
2025-01-16,P017,Vim Dishwash Bar 200g,Household,16
2025-01-17,P017,Vim Dishwash Bar 200g,Household,7
2025-01-18,P017,Vim Dishwash Bar 200g,Household,14
2025-01-19,P017,Vim Dishwash Bar 200g,Household,13
2025-01-20,P017,Vim Dishwash Bar 200g,Household,14
2025-01-21,P017,Vim Dishwash Bar 200g,Household,15
2025-01-22,P017,Vim Dishwash Bar 200g,Household,18
2025-01-23,P017,Vim Dishwash Bar 200g,Household,12
2025-01-24,P017,Vim Dishwash Bar 200g,Household,18
2025-01-25,P017,Vim Dishwash Bar 200g,Household,15
2025-01-26,P017,Vim Dishwash Bar 200g,Household,16
2025-01-27,P017,Vim Dishwash Bar 200g,Household,10
2025-01-28,P017,Vim Dishwash Bar 200g,Household,20
2025-01-29,P017,Vim Dishwash Bar 200g,Household,20
2025-01-30,P017,Vim Dishwash Bar 200g,Household,13
2025-01-31,P017,Vim Dishwash Bar 200g,Household,13
2025-02-01,P017,Vim Dishwash Bar 200g,Household,11
2025-02-02,P017,Vim Dishwash Bar 200g,Household,13
2025-02-03,P017,Vim Dishwash Bar 200g,Household,42
2025-02-04,P017,Vim Dishwash Bar 200g,Household,16
2025-02-05,P017,Vim Dishwash Bar 200g,Household,18
2025-02-06,P017,Vim Dishwash Bar 200g,Household,20
2025-02-07,P017,Vim Dishwash Bar 200g,Household,11
2025-02-08,P017,Vim Dishwash Bar 200g,Household,14
2025-02-09,P017,Vim Dishwash Bar 200g,Household,11
2025-02-10,P017,Vim Dishwash Bar 200g,Household,11
2025-02-11,P017,Vim Dishwash Bar 200g,Household,20
2025-02-12,P017,Vim Dishwash Bar 200g,Household,17
2025-02-13,P017,Vim Dishwash Bar 200g,Household,18
2025-02-14,P017,Vim Dishwash Bar 200g,Household,15
2025-02-15,P017,Vim Dishwash Bar 200g,Household,12
2025-02-16,P017,Vim Dishwash Bar 200g,Household,11
2025-02-17,P017,Vim Dishwash Bar 200g,Household,17
2025-02-18,P017,Vim Dishwash Bar 200g,Household,15
2025-02-19,P017,Vim Dishwash Bar 200g,Household,15
2025-02-20,P017,Vim Dishwash Bar 200g,Household,9
2025-02-21,P017,Vim Dishwash Bar 200g,Household,15
2025-02-22,P017,Vim Dishwash Bar 200g,Household,12
2025-02-23,P017,Vim Dishwash Bar 200g,Household,49
2025-02-24,P017,Vim Dishwash Bar 200g,Household,12
2025-02-25,P017,Vim Dishwash Bar 200g,Household,14
2025-02-26,P017,Vim Dishwash Bar 200g,Household,20
2025-02-27,P017,Vim Dishwash Bar 200g,Household,13
2025-02-28,P017,Vim Dishwash Bar 200g,Household,12
2025-03-01,P017,Vim Dishwash Bar 200g,Household,12
2025-03-02,P017,Vim Dishwash Bar 200g,Household,12
2025-03-03,P017,Vim Dishwash Bar 200g,Household,20
2025-03-04,P017,Vim Dishwash Bar 200g,Household,19
2025-03-05,P017,Vim Dishwash Bar 200g,Household,18
2025-03-06,P017,Vim Dishwash Bar 200g,Household,12
2025-03-07,P017,Vim Dishwash Bar 200g,Household,16
2025-03-08,P017,Vim Dishwash Bar 200g,Household,11
2025-03-09,P017,Vim Dishwash Bar 200g,Household,15
2025-03-10,P017,Vim Dishwash Bar 200g,Household,17
2025-03-11,P017,Vim Dishwash Bar 200g,Household,21
2025-03-12,P017,Vim Dishwash Bar 200g,Household,13
2025-03-13,P017,Vim Dishwash Bar 200g,Household,17
2025-03-14,P017,Vim Dishwash Bar 200g,Household,15
2025-03-15,P017,Vim Dishwash Bar 200g,Household,12
2025-03-16,P017,Vim Dishwash Bar 200g,Household,8
2025-03-17,P017,Vim Dishwash Bar 200g,Household,14
2025-03-18,P017,Vim Dishwash Bar 200g,Household,19
2025-03-19,P017,Vim Dishwash Bar 200g,Household,14
2025-03-20,P017,Vim Dishwash Bar 200g,Household,12
2025-03-21,P017,Vim Dishwash Bar 200g,Household,10
2025-03-22,P017,Vim Dishwash Bar 200g,Household,13
2025-03-23,P017,Vim Dishwash Bar 200g,Household,11
2025-03-24,P017,Vim Dishwash Bar 200g,Household,21
2025-03-25,P017,Vim Dishwash Bar 200g,Household,20
2025-03-26,P017,Vim Dishwash Bar 200g,Household,15
2025-03-27,P017,Vim Dishwash Bar 200g,Household,11
2025-03-28,P017,Vim Dishwash Bar 200g,Household,10
2025-03-29,P017,Vim Dishwash Bar 200g,Household,13
2025-03-30,P017,Vim Dishwash Bar 200g,Household,18
2025-03-31,P017,Vim Dishwash Bar 200g,Household,18
2025-04-01,P017,Vim Dishwash Bar 200g,Household,19
2025-04-02,P017,Vim Dishwash Bar 200g,Household,17
2025-04-03,P017,Vim Dishwash Bar 200g,Household,15
2025-04-04,P017,Vim Dishwash Bar 200g,Household,15
2025-04-05,P017,Vim Dishwash Bar 200g,Household,15
2025-04-06,P017,Vim Dishwash Bar 200g,Household,14
2025-04-07,P017,Vim Dishwash Bar 200g,Household,16
2025-04-08,P017,Vim Dishwash Bar 200g,Household,14
2025-04-09,P017,Vim Dishwash Bar 200g,Household,18
2025-04-10,P017,Vim Dishwash Bar 200g,Household,14
2025-04-11,P017,Vim Dishwash Bar 200g,Household,13
2025-04-12,P017,Vim Dishwash Bar 200g,Household,11
2025-04-13,P017,Vim Dishwash Bar 200g,Household,14
2025-04-14,P017,Vim Dishwash Bar 200g,Household,26
2025-04-15,P017,Vim Dishwash Bar 200g,Household,16
2025-04-16,P017,Vim Dishwash Bar 200g,Household,18
2025-04-17,P017,Vim Dishwash Bar 200g,Household,17
2025-04-18,P017,Vim Dishwash Bar 200g,Household,18
2025-04-19,P017,Vim Dishwash Bar 200g,Household,12
2025-04-20,P017,Vim Dishwash Bar 200g,Household,16
2025-04-21,P017,Vim Dishwash Bar 200g,Household,17
2025-04-22,P017,Vim Dishwash Bar 200g,Household,17
2025-04-23,P017,Vim Dishwash Bar 200g,Household,20
2025-04-24,P017,Vim Dishwash Bar 200g,Household,13
2025-04-25,P017,Vim Dishwash Bar 200g,Household,12
2025-04-26,P017,Vim Dishwash Bar 200g,Household,18
2025-04-27,P017,Vim Dishwash Bar 200g,Household,16
2025-04-28,P017,Vim Dishwash Bar 200g,Household,11
2025-04-29,P017,Vim Dishwash Bar 200g,Household,18
2025-04-30,P017,Vim Dishwash Bar 200g,Household,17
2025-05-01,P017,Vim Dishwash Bar 200g,Household,13
2025-05-02,P017,Vim Dishwash Bar 200g,Household,15
2025-05-03,P017,Vim Dishwash Bar 200g,Household,15
2025-05-04,P017,Vim Dishwash Bar 200g,Household,18
2025-05-05,P017,Vim Dishwash Bar 200g,Household,19
2025-05-06,P017,Vim Dishwash Bar 200g,Household,15
2025-05-07,P017,Vim Dishwash Bar 200g,Household,18
2025-05-08,P017,Vim Dishwash Bar 200g,Household,9
2025-05-09,P017,Vim Dishwash Bar 200g,Household,11
2025-05-10,P017,Vim Dishwash Bar 200g,Household,9
2025-05-11,P017,Vim Dishwash Bar 200g,Household,10
2025-05-12,P017,Vim Dishwash Bar 200g,Household,19
2025-05-13,P017,Vim Dishwash Bar 200g,Household,20
2025-05-14,P017,Vim Dishwash Bar 200g,Household,20
2025-05-15,P017,Vim Dishwash Bar 200g,Household,17
2025-05-16,P017,Vim Dishwash Bar 200g,Household,16
2025-05-17,P017,Vim Dishwash Bar 200g,Household,14
2025-05-18,P017,Vim Dishwash Bar 200g,Household,12
2025-05-19,P017,Vim Dishwash Bar 200g,Household,20
2025-05-20,P017,Vim Dishwash Bar 200g,Household,22
2025-05-21,P017,Vim Dishwash Bar 200g,Household,18
2025-05-22,P017,Vim Dishwash Bar 200g,Household,16
2025-05-23,P017,Vim Dishwash Bar 200g,Household,7
2025-05-24,P017,Vim Dishwash Bar 200g,Household,16
2025-05-25,P017,Vim Dishwash Bar 200g,Household,13
2025-05-26,P017,Vim Dishwash Bar 200g,Household,23
2025-05-27,P017,Vim Dishwash Bar 200g,Household,21
2025-05-28,P017,Vim Dishwash Bar 200g,Household,13
2025-05-29,P017,Vim Dishwash Bar 200g,Household,12
2025-05-30,P017,Vim Dishwash Bar 200g,Household,14
2025-05-31,P017,Vim Dishwash Bar 200g,Household,14
2025-06-01,P017,Vim Dishwash Bar 200g,Household,14
2025-06-02,P017,Vim Dishwash Bar 200g,Household,18
2025-06-03,P017,Vim Dishwash Bar 200g,Household,17
2025-06-04,P017,Vim Dishwash Bar 200g,Household,18
2025-06-05,P017,Vim Dishwash Bar 200g,Household,18
2025-06-06,P017,Vim Dishwash Bar 200g,Household,18
2025-06-07,P017,Vim Dishwash Bar 200g,Household,17
2025-06-08,P017,Vim Dishwash Bar 200g,Household,13
2025-06-09,P017,Vim Dishwash Bar 200g,Household,14
2025-06-10,P017,Vim Dishwash Bar 200g,Household,59
2025-06-11,P017,Vim Dishwash Bar 200g,Household,19
2025-06-12,P017,Vim Dishwash Bar 200g,Household,14
2025-06-13,P017,Vim Dishwash Bar 200g,Household,16
2025-06-14,P017,Vim Dishwash Bar 200g,Household,15
2025-06-15,P017,Vim Dishwash Bar 200g,Household,15
2025-06-16,P017,Vim Dishwash Bar 200g,Household,14
2025-06-17,P017,Vim Dishwash Bar 200g,Household,15
2025-06-18,P017,Vim Dishwash Bar 200g,Household,20
2025-06-19,P017,Vim Dishwash Bar 200g,Household,14
2025-06-20,P017,Vim Dishwash Bar 200g,Household,15
2025-06-21,P017,Vim Dishwash Bar 200g,Household,15
2025-06-22,P017,Vim Dishwash Bar 200g,Household,9
2025-06-23,P017,Vim Dishwash Bar 200g,Household,20
2025-06-24,P017,Vim Dishwash Bar 200g,Household,17
2025-06-25,P017,Vim Dishwash Bar 200g,Household,22
2025-06-26,P017,Vim Dishwash Bar 200g,Household,15
2025-06-27,P017,Vim Dishwash Bar 200g,Household,11
2025-06-28,P017,Vim Dishwash Bar 200g,Household,12
2025-06-29,P017,Vim Dishwash Bar 200g,Household,12
2025-06-30,P017,Vim Dishwash Bar 200g,Household,14
2025-07-01,P017,Vim Dishwash Bar 200g,Household,14
2025-07-02,P017,Vim Dishwash Bar 200g,Household,16
2025-07-03,P017,Vim Dishwash Bar 200g,Household,17
2025-07-04,P017,Vim Dishwash Bar 200g,Household,17
2025-07-05,P017,Vim Dishwash Bar 200g,Household,12
2025-07-06,P017,Vim Dishwash Bar 200g,Household,9
2025-07-07,P017,Vim Dishwash Bar 200g,Household,17
2025-07-08,P017,Vim Dishwash Bar 200g,Household,16
2025-07-09,P017,Vim Dishwash Bar 200g,Household,16
2025-07-10,P017,Vim Dishwash Bar 200g,Household,13
2025-07-11,P017,Vim Dishwash Bar 200g,Household,13
2025-07-12,P017,Vim Dishwash Bar 200g,Household,12
2025-07-13,P017,Vim Dishwash Bar 200g,Household,12
2025-07-14,P017,Vim Dishwash Bar 200g,Household,14
2025-07-15,P017,Vim Dishwash Bar 200g,Household,17
2025-07-16,P017,Vim Dishwash Bar 200g,Household,17
2025-07-17,P017,Vim Dishwash Bar 200g,Household,13
2025-07-18,P017,Vim Dishwash Bar 200g,Household,15
2025-07-19,P017,Vim Dishwash Bar 200g,Household,15
2025-07-20,P017,Vim Dishwash Bar 200g,Household,13
2025-07-21,P017,Vim Dishwash Bar 200g,Household,15
2025-07-22,P017,Vim Dishwash Bar 200g,Household,22
2025-07-23,P017,Vim Dishwash Bar 200g,Household,21
2025-07-24,P017,Vim Dishwash Bar 200g,Household,16
2025-07-25,P017,Vim Dishwash Bar 200g,Household,10
2025-07-26,P017,Vim Dishwash Bar 200g,Household,15
2025-07-27,P017,Vim Dishwash Bar 200g,Household,12
2025-07-28,P017,Vim Dishwash Bar 200g,Household,13
2025-07-29,P017,Vim Dishwash Bar 200g,Household,18
2025-07-30,P017,Vim Dishwash Bar 200g,Household,21
2025-07-31,P017,Vim Dishwash Bar 200g,Household,17
2025-08-01,P017,Vim Dishwash Bar 200g,Household,13
2025-08-02,P017,Vim Dishwash Bar 200g,Household,14
2025-08-03,P017,Vim Dishwash Bar 200g,Household,13
2025-08-04,P017,Vim Dishwash Bar 200g,Household,15
2025-08-05,P017,Vim Dishwash Bar 200g,Household,21
2025-08-06,P017,Vim Dishwash Bar 200g,Household,19
2025-08-07,P017,Vim Dishwash Bar 200g,Household,10
2025-08-08,P017,Vim Dishwash Bar 200g,Household,15
2025-08-09,P017,Vim Dishwash Bar 200g,Household,19
2025-08-10,P017,Vim Dishwash Bar 200g,Household,12
2025-08-11,P017,Vim Dishwash Bar 200g,Household,20
2025-08-12,P017,Vim Dishwash Bar 200g,Household,20
2025-08-13,P017,Vim Dishwash Bar 200g,Household,22
2025-08-14,P017,Vim Dishwash Bar 200g,Household,17
2025-08-15,P017,Vim Dishwash Bar 200g,Household,15
2025-08-16,P017,Vim Dishwash Bar 200g,Household,13
2025-08-17,P017,Vim Dishwash Bar 200g,Household,15
2025-08-18,P017,Vim Dishwash Bar 200g,Household,16
2025-08-19,P017,Vim Dishwash Bar 200g,Household,21
2025-08-20,P017,Vim Dishwash Bar 200g,Household,13
2025-08-21,P017,Vim Dishwash Bar 200g,Household,11
2025-08-22,P017,Vim Dishwash Bar 200g,Household,15
2025-08-23,P017,Vim Dishwash Bar 200g,Household,15
2025-08-24,P017,Vim Dishwash Bar 200g,Household,12
2025-08-25,P017,Vim Dishwash Bar 200g,Household,17
2025-08-26,P017,Vim Dishwash Bar 200g,Household,21
2025-08-27,P017,Vim Dishwash Bar 200g,Household,18
2025-08-28,P017,Vim Dishwash Bar 200g,Household,18
2025-08-29,P017,Vim Dishwash Bar 200g,Household,19
2025-08-30,P017,Vim Dishwash Bar 200g,Household,15
2025-08-31,P017,Vim Dishwash Bar 200g,Household,17
2025-09-01,P017,Vim Dishwash Bar 200g,Household,11
2025-09-02,P017,Vim Dishwash Bar 200g,Household,22
2025-09-03,P017,Vim Dishwash Bar 200g,Household,23
2025-09-04,P017,Vim Dishwash Bar 200g,Household,12
2025-09-05,P017,Vim Dishwash Bar 200g,Household,16
2025-09-06,P017,Vim Dishwash Bar 200g,Household,10
2025-09-07,P017,Vim Dishwash Bar 200g,Household,12
2025-09-08,P017,Vim Dishwash Bar 200g,Household,15
2025-09-09,P017,Vim Dishwash Bar 200g,Household,15
2025-09-10,P017,Vim Dishwash Bar 200g,Household,18
2025-09-11,P017,Vim Dishwash Bar 200g,Household,14
2025-09-12,P017,Vim Dishwash Bar 200g,Household,16
2025-09-13,P017,Vim Dishwash Bar 200g,Household,10
2025-09-14,P017,Vim Dishwash Bar 200g,Household,16
2025-09-15,P017,Vim Dishwash Bar 200g,Household,14
2025-09-16,P017,Vim Dishwash Bar 200g,Household,16
2025-09-17,P017,Vim Dishwash Bar 200g,Household,18
2025-09-18,P017,Vim Dishwash Bar 200g,Household,16
2025-09-19,P017,Vim Dishwash Bar 200g,Household,13
2025-09-20,P017,Vim Dishwash Bar 200g,Household,16
2025-09-21,P017,Vim Dishwash Bar 200g,Household,15
2025-09-22,P017,Vim Dishwash Bar 200g,Household,24
2025-09-23,P017,Vim Dishwash Bar 200g,Household,18
2025-09-24,P017,Vim Dishwash Bar 200g,Household,18
2025-09-25,P017,Vim Dishwash Bar 200g,Household,17
2025-09-26,P017,Vim Dishwash Bar 200g,Household,14
2025-09-27,P017,Vim Dishwash Bar 200g,Household,15
2025-09-28,P017,Vim Dishwash Bar 200g,Household,10
2025-09-29,P017,Vim Dishwash Bar 200g,Household,16
2025-09-30,P017,Vim Dishwash Bar 200g,Household,17
2025-10-01,P017,Vim Dishwash Bar 200g,Household,18
2025-10-02,P017,Vim Dishwash Bar 200g,Household,15
2025-10-03,P017,Vim Dishwash Bar 200g,Household,14
2025-10-04,P017,Vim Dishwash Bar 200g,Household,16
2025-10-05,P017,Vim Dishwash Bar 200g,Household,17
2025-10-06,P017,Vim Dishwash Bar 200g,Household,16
2025-10-07,P017,Vim Dishwash Bar 200g,Household,20
2025-10-08,P017,Vim Dishwash Bar 200g,Household,14
2025-10-09,P017,Vim Dishwash Bar 200g,Household,15
2025-10-10,P017,Vim Dishwash Bar 200g,Household,17
2025-10-11,P017,Vim Dishwash Bar 200g,Household,12
2025-10-12,P017,Vim Dishwash Bar 200g,Household,16
2025-10-13,P017,Vim Dishwash Bar 200g,Household,15
2025-10-14,P017,Vim Dishwash Bar 200g,Household,18
2025-10-15,P017,Vim Dishwash Bar 200g,Household,23
2025-10-16,P017,Vim Dishwash Bar 200g,Household,14
2025-10-17,P017,Vim Dishwash Bar 200g,Household,17
2025-10-18,P017,Vim Dishwash Bar 200g,Household,9
2025-10-19,P017,Vim Dishwash Bar 200g,Household,13
2025-10-20,P017,Vim Dishwash Bar 200g,Household,18
2025-10-21,P017,Vim Dishwash Bar 200g,Household,19
2025-10-22,P017,Vim Dishwash Bar 200g,Household,19
2025-10-23,P017,Vim Dishwash Bar 200g,Household,16
2025-10-24,P017,Vim Dishwash Bar 200g,Household,12
2025-10-25,P017,Vim Dishwash Bar 200g,Household,18
2025-10-26,P017,Vim Dishwash Bar 200g,Household,14
2025-10-27,P017,Vim Dishwash Bar 200g,Household,14
2025-10-28,P017,Vim Dishwash Bar 200g,Household,17
2025-10-29,P017,Vim Dishwash Bar 200g,Household,19
2025-10-30,P017,Vim Dishwash Bar 200g,Household,13
2025-10-31,P017,Vim Dishwash Bar 200g,Household,16
2025-11-01,P017,Vim Dishwash Bar 200g,Household,14
2025-11-02,P017,Vim Dishwash Bar 200g,Household,14
2025-11-03,P017,Vim Dishwash Bar 200g,Household,17
2025-11-04,P017,Vim Dishwash Bar 200g,Household,18
2025-11-05,P017,Vim Dishwash Bar 200g,Household,20
2025-11-06,P017,Vim Dishwash Bar 200g,Household,15
2025-11-07,P017,Vim Dishwash Bar 200g,Household,15
2025-11-08,P017,Vim Dishwash Bar 200g,Household,14
2025-11-09,P017,Vim Dishwash Bar 200g,Household,13
2025-11-10,P017,Vim Dishwash Bar 200g,Household,18
2025-11-11,P017,Vim Dishwash Bar 200g,Household,21
2025-11-12,P017,Vim Dishwash Bar 200g,Household,17
2025-11-13,P017,Vim Dishwash Bar 200g,Household,13
2025-11-14,P017,Vim Dishwash Bar 200g,Household,18
2025-11-15,P017,Vim Dishwash Bar 200g,Household,17
2025-11-16,P017,Vim Dishwash Bar 200g,Household,12
2025-11-17,P017,Vim Dishwash Bar 200g,Household,16
2025-11-18,P017,Vim Dishwash Bar 200g,Household,20
2025-11-19,P017,Vim Dishwash Bar 200g,Household,22
2025-11-20,P017,Vim Dishwash Bar 200g,Household,15
2025-11-21,P017,Vim Dishwash Bar 200g,Household,16
2025-11-22,P017,Vim Dishwash Bar 200g,Household,17
2025-11-23,P017,Vim Dishwash Bar 200g,Household,17
2025-11-24,P017,Vim Dishwash Bar 200g,Household,16
2025-11-25,P017,Vim Dishwash Bar 200g,Household,19
2025-11-26,P017,Vim Dishwash Bar 200g,Household,17
2025-11-27,P017,Vim Dishwash Bar 200g,Household,14
2025-11-28,P017,Vim Dishwash Bar 200g,Household,14
2025-11-29,P017,Vim Dishwash Bar 200g,Household,14
2025-11-30,P017,Vim Dishwash Bar 200g,Household,14
2025-12-01,P017,Vim Dishwash Bar 200g,Household,18
2025-12-02,P017,Vim Dishwash Bar 200g,Household,20
2025-12-03,P017,Vim Dishwash Bar 200g,Household,16
2025-12-04,P017,Vim Dishwash Bar 200g,Household,16
2025-12-05,P017,Vim Dishwash Bar 200g,Household,13
2025-12-06,P017,Vim Dishwash Bar 200g,Household,12
2025-12-07,P017,Vim Dishwash Bar 200g,Household,12
2025-12-08,P017,Vim Dishwash Bar 200g,Household,17
2025-12-09,P017,Vim Dishwash Bar 200g,Household,22
2025-12-10,P017,Vim Dishwash Bar 200g,Household,19
2025-12-11,P017,Vim Dishwash Bar 200g,Household,17
2025-12-12,P017,Vim Dishwash Bar 200g,Household,15
2025-12-13,P017,Vim Dishwash Bar 200g,Household,9
2025-12-14,P017,Vim Dishwash Bar 200g,Household,16
2025-12-15,P017,Vim Dishwash Bar 200g,Household,15
2025-12-16,P017,Vim Dishwash Bar 200g,Household,17
2025-12-17,P017,Vim Dishwash Bar 200g,Household,21
2025-12-18,P017,Vim Dishwash Bar 200g,Household,47
2025-12-19,P017,Vim Dishwash Bar 200g,Household,15
2025-12-20,P017,Vim Dishwash Bar 200g,Household,15
2025-12-21,P017,Vim Dishwash Bar 200g,Household,13
2025-12-22,P017,Vim Dishwash Bar 200g,Household,21
2025-12-23,P017,Vim Dishwash Bar 200g,Household,20
2025-12-24,P017,Vim Dishwash Bar 200g,Household,43
2025-12-25,P017,Vim Dishwash Bar 200g,Household,15
2025-12-26,P017,Vim Dishwash Bar 200g,Household,11
2025-12-27,P017,Vim Dishwash Bar 200g,Household,13
2025-12-28,P017,Vim Dishwash Bar 200g,Household,12
2025-12-29,P017,Vim Dishwash Bar 200g,Household,13
2025-12-30,P017,Vim Dishwash Bar 200g,Household,15
2025-12-31,P017,Vim Dishwash Bar 200g,Household,18
2026-01-01,P017,Vim Dishwash Bar 200g,Household,15
2026-01-02,P017,Vim Dishwash Bar 200g,Household,11
2026-01-03,P017,Vim Dishwash Bar 200g,Household,17
2026-01-04,P017,Vim Dishwash Bar 200g,Household,16
2026-01-05,P017,Vim Dishwash Bar 200g,Household,16
2026-01-06,P017,Vim Dishwash Bar 200g,Household,25
2026-01-07,P017,Vim Dishwash Bar 200g,Household,19
2026-01-08,P017,Vim Dishwash Bar 200g,Household,17
2026-01-09,P017,Vim Dishwash Bar 200g,Household,15
2026-01-10,P017,Vim Dishwash Bar 200g,Household,19
2026-01-11,P017,Vim Dishwash Bar 200g,Household,18
2026-01-12,P017,Vim Dishwash Bar 200g,Household,16
2026-01-13,P017,Vim Dishwash Bar 200g,Household,19
2026-01-14,P017,Vim Dishwash Bar 200g,Household,16
2026-01-15,P017,Vim Dishwash Bar 200g,Household,15
2026-01-16,P017,Vim Dishwash Bar 200g,Household,17
2026-01-17,P017,Vim Dishwash Bar 200g,Household,15
2026-01-18,P017,Vim Dishwash Bar 200g,Household,54
2026-01-19,P017,Vim Dishwash Bar 200g,Household,17
2026-01-20,P017,Vim Dishwash Bar 200g,Household,23
2026-01-21,P017,Vim Dishwash Bar 200g,Household,19
2026-01-22,P017,Vim Dishwash Bar 200g,Household,12
2026-01-23,P017,Vim Dishwash Bar 200g,Household,13
2026-01-24,P017,Vim Dishwash Bar 200g,Household,15
2026-01-25,P017,Vim Dishwash Bar 200g,Household,13
2026-01-26,P017,Vim Dishwash Bar 200g,Household,12
2026-01-27,P017,Vim Dishwash Bar 200g,Household,14
2026-01-28,P017,Vim Dishwash Bar 200g,Household,22
2026-01-29,P017,Vim Dishwash Bar 200g,Household,16
2026-01-30,P017,Vim Dishwash Bar 200g,Household,16
2026-01-31,P017,Vim Dishwash Bar 200g,Household,15
2026-02-01,P017,Vim Dishwash Bar 200g,Household,13
2026-02-02,P017,Vim Dishwash Bar 200g,Household,19
2026-02-03,P017,Vim Dishwash Bar 200g,Household,15
2026-02-04,P017,Vim Dishwash Bar 200g,Household,14
2026-02-05,P017,Vim Dishwash Bar 200g,Household,14
2026-02-06,P017,Vim Dishwash Bar 200g,Household,15
2026-02-07,P017,Vim Dishwash Bar 200g,Household,13
2026-02-08,P017,Vim Dishwash Bar 200g,Household,11
2026-02-09,P017,Vim Dishwash Bar 200g,Household,18
2026-02-10,P017,Vim Dishwash Bar 200g,Household,18
2026-02-11,P017,Vim Dishwash Bar 200g,Household,21
2026-02-12,P017,Vim Dishwash Bar 200g,Household,18
2026-02-13,P017,Vim Dishwash Bar 200g,Household,11
2026-02-14,P017,Vim Dishwash Bar 200g,Household,16
2026-02-15,P017,Vim Dishwash Bar 200g,Household,16
2026-02-16,P017,Vim Dishwash Bar 200g,Household,18
2026-02-17,P017,Vim Dishwash Bar 200g,Household,18
2026-02-18,P017,Vim Dishwash Bar 200g,Household,20
2026-02-19,P017,Vim Dishwash Bar 200g,Household,17
2026-02-20,P017,Vim Dishwash Bar 200g,Household,16
2026-02-21,P017,Vim Dishwash Bar 200g,Household,19
2026-02-22,P017,Vim Dishwash Bar 200g,Household,13
2026-02-23,P017,Vim Dishwash Bar 200g,Household,17
2026-02-24,P017,Vim Dishwash Bar 200g,Household,19
2026-02-25,P017,Vim Dishwash Bar 200g,Household,19
2026-02-26,P017,Vim Dishwash Bar 200g,Household,17
2026-02-27,P017,Vim Dishwash Bar 200g,Household,15
2026-02-28,P017,Vim Dishwash Bar 200g,Household,12
2026-03-01,P017,Vim Dishwash Bar 200g,Household,17
2026-03-02,P017,Vim Dishwash Bar 200g,Household,18
2026-03-03,P017,Vim Dishwash Bar 200g,Household,23
2026-03-04,P017,Vim Dishwash Bar 200g,Household,22
2026-03-05,P017,Vim Dishwash Bar 200g,Household,14
2026-03-06,P017,Vim Dishwash Bar 200g,Household,14
2026-03-07,P017,Vim Dishwash Bar 200g,Household,18
2026-03-08,P017,Vim Dishwash Bar 200g,Household,40
2026-03-09,P017,Vim Dishwash Bar 200g,Household,14
2026-03-10,P017,Vim Dishwash Bar 200g,Household,20
2026-03-11,P017,Vim Dishwash Bar 200g,Household,16
2026-03-12,P017,Vim Dishwash Bar 200g,Household,16
2026-03-13,P017,Vim Dishwash Bar 200g,Household,16
2026-03-14,P017,Vim Dishwash Bar 200g,Household,14
2026-03-15,P017,Vim Dishwash Bar 200g,Household,19
2026-03-16,P017,Vim Dishwash Bar 200g,Household,20
2026-03-17,P017,Vim Dishwash Bar 200g,Household,18
2026-03-18,P017,Vim Dishwash Bar 200g,Household,21
2026-03-19,P017,Vim Dishwash Bar 200g,Household,18
2026-03-20,P017,Vim Dishwash Bar 200g,Household,15
2026-03-21,P017,Vim Dishwash Bar 200g,Household,14
2026-03-22,P017,Vim Dishwash Bar 200g,Household,12
2026-03-23,P017,Vim Dishwash Bar 200g,Household,15
2026-03-24,P017,Vim Dishwash Bar 200g,Household,17
2026-03-25,P017,Vim Dishwash Bar 200g,Household,22
2026-03-26,P017,Vim Dishwash Bar 200g,Household,14
2026-03-27,P017,Vim Dishwash Bar 200g,Household,16
2026-03-28,P017,Vim Dishwash Bar 200g,Household,18
2024-03-28,P018,Harpic Toilet Cleaner 500ml,Household,11
2024-03-29,P018,Harpic Toilet Cleaner 500ml,Household,11
2024-03-30,P018,Harpic Toilet Cleaner 500ml,Household,7
2024-03-31,P018,Harpic Toilet Cleaner 500ml,Household,9
2024-04-01,P018,Harpic Toilet Cleaner 500ml,Household,14
2024-04-02,P018,Harpic Toilet Cleaner 500ml,Household,11
2024-04-03,P018,Harpic Toilet Cleaner 500ml,Household,12
2024-04-04,P018,Harpic Toilet Cleaner 500ml,Household,12
2024-04-05,P018,Harpic Toilet Cleaner 500ml,Household,12
2024-04-06,P018,Harpic Toilet Cleaner 500ml,Household,10
2024-04-07,P018,Harpic Toilet Cleaner 500ml,Household,11
2024-04-08,P018,Harpic Toilet Cleaner 500ml,Household,12
2024-04-09,P018,Harpic Toilet Cleaner 500ml,Household,11
2024-04-10,P018,Harpic Toilet Cleaner 500ml,Household,14
2024-04-11,P018,Harpic Toilet Cleaner 500ml,Household,11
2024-04-12,P018,Harpic Toilet Cleaner 500ml,Household,10
2024-04-13,P018,Harpic Toilet Cleaner 500ml,Household,6
2024-04-14,P018,Harpic Toilet Cleaner 500ml,Household,14
2024-04-15,P018,Harpic Toilet Cleaner 500ml,Household,9
2024-04-16,P018,Harpic Toilet Cleaner 500ml,Household,14
2024-04-17,P018,Harpic Toilet Cleaner 500ml,Household,15
2024-04-18,P018,Harpic Toilet Cleaner 500ml,Household,34
2024-04-19,P018,Harpic Toilet Cleaner 500ml,Household,11
2024-04-20,P018,Harpic Toilet Cleaner 500ml,Household,9
2024-04-21,P018,Harpic Toilet Cleaner 500ml,Household,15
2024-04-22,P018,Harpic Toilet Cleaner 500ml,Household,11
2024-04-23,P018,Harpic Toilet Cleaner 500ml,Household,16
2024-04-24,P018,Harpic Toilet Cleaner 500ml,Household,12
2024-04-25,P018,Harpic Toilet Cleaner 500ml,Household,12
2024-04-26,P018,Harpic Toilet Cleaner 500ml,Household,9
2024-04-27,P018,Harpic Toilet Cleaner 500ml,Household,8
2024-04-28,P018,Harpic Toilet Cleaner 500ml,Household,8
2024-04-29,P018,Harpic Toilet Cleaner 500ml,Household,10
2024-04-30,P018,Harpic Toilet Cleaner 500ml,Household,14
2024-05-01,P018,Harpic Toilet Cleaner 500ml,Household,20
2024-05-02,P018,Harpic Toilet Cleaner 500ml,Household,17
2024-05-03,P018,Harpic Toilet Cleaner 500ml,Household,10
2024-05-04,P018,Harpic Toilet Cleaner 500ml,Household,13
2024-05-05,P018,Harpic Toilet Cleaner 500ml,Household,46
2024-05-06,P018,Harpic Toilet Cleaner 500ml,Household,7
2024-05-07,P018,Harpic Toilet Cleaner 500ml,Household,14
2024-05-08,P018,Harpic Toilet Cleaner 500ml,Household,15
2024-05-09,P018,Harpic Toilet Cleaner 500ml,Household,12
2024-05-10,P018,Harpic Toilet Cleaner 500ml,Household,13
2024-05-11,P018,Harpic Toilet Cleaner 500ml,Household,10
2024-05-12,P018,Harpic Toilet Cleaner 500ml,Household,11
2024-05-13,P018,Harpic Toilet Cleaner 500ml,Household,14
2024-05-14,P018,Harpic Toilet Cleaner 500ml,Household,17
2024-05-15,P018,Harpic Toilet Cleaner 500ml,Household,12
2024-05-16,P018,Harpic Toilet Cleaner 500ml,Household,11
2024-05-17,P018,Harpic Toilet Cleaner 500ml,Household,12
2024-05-18,P018,Harpic Toilet Cleaner 500ml,Household,11
2024-05-19,P018,Harpic Toilet Cleaner 500ml,Household,9
2024-05-20,P018,Harpic Toilet Cleaner 500ml,Household,12
2024-05-21,P018,Harpic Toilet Cleaner 500ml,Household,15
2024-05-22,P018,Harpic Toilet Cleaner 500ml,Household,12
2024-05-23,P018,Harpic Toilet Cleaner 500ml,Household,8
2024-05-24,P018,Harpic Toilet Cleaner 500ml,Household,15
2024-05-25,P018,Harpic Toilet Cleaner 500ml,Household,11
2024-05-26,P018,Harpic Toilet Cleaner 500ml,Household,13
2024-05-27,P018,Harpic Toilet Cleaner 500ml,Household,12
2024-05-28,P018,Harpic Toilet Cleaner 500ml,Household,16
2024-05-29,P018,Harpic Toilet Cleaner 500ml,Household,14
2024-05-30,P018,Harpic Toilet Cleaner 500ml,Household,12
2024-05-31,P018,Harpic Toilet Cleaner 500ml,Household,8
2024-06-01,P018,Harpic Toilet Cleaner 500ml,Household,7
2024-06-02,P018,Harpic Toilet Cleaner 500ml,Household,10
2024-06-03,P018,Harpic Toilet Cleaner 500ml,Household,9
2024-06-04,P018,Harpic Toilet Cleaner 500ml,Household,9
2024-06-05,P018,Harpic Toilet Cleaner 500ml,Household,15
2024-06-06,P018,Harpic Toilet Cleaner 500ml,Household,7
2024-06-07,P018,Harpic Toilet Cleaner 500ml,Household,13
2024-06-08,P018,Harpic Toilet Cleaner 500ml,Household,14
2024-06-09,P018,Harpic Toilet Cleaner 500ml,Household,8
2024-06-10,P018,Harpic Toilet Cleaner 500ml,Household,12
2024-06-11,P018,Harpic Toilet Cleaner 500ml,Household,18
2024-06-12,P018,Harpic Toilet Cleaner 500ml,Household,13
2024-06-13,P018,Harpic Toilet Cleaner 500ml,Household,12
2024-06-14,P018,Harpic Toilet Cleaner 500ml,Household,16
2024-06-15,P018,Harpic Toilet Cleaner 500ml,Household,7
2024-06-16,P018,Harpic Toilet Cleaner 500ml,Household,8
2024-06-17,P018,Harpic Toilet Cleaner 500ml,Household,13
2024-06-18,P018,Harpic Toilet Cleaner 500ml,Household,19
2024-06-19,P018,Harpic Toilet Cleaner 500ml,Household,13
2024-06-20,P018,Harpic Toilet Cleaner 500ml,Household,16
2024-06-21,P018,Harpic Toilet Cleaner 500ml,Household,11
2024-06-22,P018,Harpic Toilet Cleaner 500ml,Household,6
2024-06-23,P018,Harpic Toilet Cleaner 500ml,Household,14
2024-06-24,P018,Harpic Toilet Cleaner 500ml,Household,11
2024-06-25,P018,Harpic Toilet Cleaner 500ml,Household,15
2024-06-26,P018,Harpic Toilet Cleaner 500ml,Household,11
2024-06-27,P018,Harpic Toilet Cleaner 500ml,Household,9
2024-06-28,P018,Harpic Toilet Cleaner 500ml,Household,7
2024-06-29,P018,Harpic Toilet Cleaner 500ml,Household,7
2024-06-30,P018,Harpic Toilet Cleaner 500ml,Household,11
2024-07-01,P018,Harpic Toilet Cleaner 500ml,Household,13
2024-07-02,P018,Harpic Toilet Cleaner 500ml,Household,13
2024-07-03,P018,Harpic Toilet Cleaner 500ml,Household,11
2024-07-04,P018,Harpic Toilet Cleaner 500ml,Household,8
2024-07-05,P018,Harpic Toilet Cleaner 500ml,Household,12
2024-07-06,P018,Harpic Toilet Cleaner 500ml,Household,11
2024-07-07,P018,Harpic Toilet Cleaner 500ml,Household,12
2024-07-08,P018,Harpic Toilet Cleaner 500ml,Household,15
2024-07-09,P018,Harpic Toilet Cleaner 500ml,Household,15
2024-07-10,P018,Harpic Toilet Cleaner 500ml,Household,15
2024-07-11,P018,Harpic Toilet Cleaner 500ml,Household,16
2024-07-12,P018,Harpic Toilet Cleaner 500ml,Household,10
2024-07-13,P018,Harpic Toilet Cleaner 500ml,Household,16
2024-07-14,P018,Harpic Toilet Cleaner 500ml,Household,14
2024-07-15,P018,Harpic Toilet Cleaner 500ml,Household,11
2024-07-16,P018,Harpic Toilet Cleaner 500ml,Household,16
2024-07-17,P018,Harpic Toilet Cleaner 500ml,Household,14
2024-07-18,P018,Harpic Toilet Cleaner 500ml,Household,8
2024-07-19,P018,Harpic Toilet Cleaner 500ml,Household,11
2024-07-20,P018,Harpic Toilet Cleaner 500ml,Household,8
2024-07-21,P018,Harpic Toilet Cleaner 500ml,Household,11
2024-07-22,P018,Harpic Toilet Cleaner 500ml,Household,14
2024-07-23,P018,Harpic Toilet Cleaner 500ml,Household,14
2024-07-24,P018,Harpic Toilet Cleaner 500ml,Household,15
2024-07-25,P018,Harpic Toilet Cleaner 500ml,Household,11
2024-07-26,P018,Harpic Toilet Cleaner 500ml,Household,13
2024-07-27,P018,Harpic Toilet Cleaner 500ml,Household,11
2024-07-28,P018,Harpic Toilet Cleaner 500ml,Household,10
2024-07-29,P018,Harpic Toilet Cleaner 500ml,Household,14
2024-07-30,P018,Harpic Toilet Cleaner 500ml,Household,15
2024-07-31,P018,Harpic Toilet Cleaner 500ml,Household,10
2024-08-01,P018,Harpic Toilet Cleaner 500ml,Household,10
2024-08-02,P018,Harpic Toilet Cleaner 500ml,Household,10
2024-08-03,P018,Harpic Toilet Cleaner 500ml,Household,11
2024-08-04,P018,Harpic Toilet Cleaner 500ml,Household,11
2024-08-05,P018,Harpic Toilet Cleaner 500ml,Household,8
2024-08-06,P018,Harpic Toilet Cleaner 500ml,Household,11
2024-08-07,P018,Harpic Toilet Cleaner 500ml,Household,12
2024-08-08,P018,Harpic Toilet Cleaner 500ml,Household,11
2024-08-09,P018,Harpic Toilet Cleaner 500ml,Household,13
2024-08-10,P018,Harpic Toilet Cleaner 500ml,Household,7
2024-08-11,P018,Harpic Toilet Cleaner 500ml,Household,9
2024-08-12,P018,Harpic Toilet Cleaner 500ml,Household,12
2024-08-13,P018,Harpic Toilet Cleaner 500ml,Household,12
2024-08-14,P018,Harpic Toilet Cleaner 500ml,Household,15
2024-08-15,P018,Harpic Toilet Cleaner 500ml,Household,12
2024-08-16,P018,Harpic Toilet Cleaner 500ml,Household,9
2024-08-17,P018,Harpic Toilet Cleaner 500ml,Household,12
2024-08-18,P018,Harpic Toilet Cleaner 500ml,Household,11
2024-08-19,P018,Harpic Toilet Cleaner 500ml,Household,10
2024-08-20,P018,Harpic Toilet Cleaner 500ml,Household,14
2024-08-21,P018,Harpic Toilet Cleaner 500ml,Household,15
2024-08-22,P018,Harpic Toilet Cleaner 500ml,Household,14
2024-08-23,P018,Harpic Toilet Cleaner 500ml,Household,15
2024-08-24,P018,Harpic Toilet Cleaner 500ml,Household,10
2024-08-25,P018,Harpic Toilet Cleaner 500ml,Household,10
2024-08-26,P018,Harpic Toilet Cleaner 500ml,Household,12
2024-08-27,P018,Harpic Toilet Cleaner 500ml,Household,51
2024-08-28,P018,Harpic Toilet Cleaner 500ml,Household,17
2024-08-29,P018,Harpic Toilet Cleaner 500ml,Household,11
2024-08-30,P018,Harpic Toilet Cleaner 500ml,Household,11
2024-08-31,P018,Harpic Toilet Cleaner 500ml,Household,12
2024-09-01,P018,Harpic Toilet Cleaner 500ml,Household,11
2024-09-02,P018,Harpic Toilet Cleaner 500ml,Household,13
2024-09-03,P018,Harpic Toilet Cleaner 500ml,Household,15
2024-09-04,P018,Harpic Toilet Cleaner 500ml,Household,14
2024-09-05,P018,Harpic Toilet Cleaner 500ml,Household,9
2024-09-06,P018,Harpic Toilet Cleaner 500ml,Household,15
2024-09-07,P018,Harpic Toilet Cleaner 500ml,Household,9
2024-09-08,P018,Harpic Toilet Cleaner 500ml,Household,15
2024-09-09,P018,Harpic Toilet Cleaner 500ml,Household,13
2024-09-10,P018,Harpic Toilet Cleaner 500ml,Household,13
2024-09-11,P018,Harpic Toilet Cleaner 500ml,Household,16
2024-09-12,P018,Harpic Toilet Cleaner 500ml,Household,13
2024-09-13,P018,Harpic Toilet Cleaner 500ml,Household,15
2024-09-14,P018,Harpic Toilet Cleaner 500ml,Household,8
2024-09-15,P018,Harpic Toilet Cleaner 500ml,Household,11
2024-09-16,P018,Harpic Toilet Cleaner 500ml,Household,15
2024-09-17,P018,Harpic Toilet Cleaner 500ml,Household,16
2024-09-18,P018,Harpic Toilet Cleaner 500ml,Household,16
2024-09-19,P018,Harpic Toilet Cleaner 500ml,Household,14
2024-09-20,P018,Harpic Toilet Cleaner 500ml,Household,11
2024-09-21,P018,Harpic Toilet Cleaner 500ml,Household,6
2024-09-22,P018,Harpic Toilet Cleaner 500ml,Household,10
2024-09-23,P018,Harpic Toilet Cleaner 500ml,Household,17
2024-09-24,P018,Harpic Toilet Cleaner 500ml,Household,15
2024-09-25,P018,Harpic Toilet Cleaner 500ml,Household,13
2024-09-26,P018,Harpic Toilet Cleaner 500ml,Household,14
2024-09-27,P018,Harpic Toilet Cleaner 500ml,Household,13
2024-09-28,P018,Harpic Toilet Cleaner 500ml,Household,11
2024-09-29,P018,Harpic Toilet Cleaner 500ml,Household,12
2024-09-30,P018,Harpic Toilet Cleaner 500ml,Household,10
2024-10-01,P018,Harpic Toilet Cleaner 500ml,Household,14
2024-10-02,P018,Harpic Toilet Cleaner 500ml,Household,14
2024-10-03,P018,Harpic Toilet Cleaner 500ml,Household,13
2024-10-04,P018,Harpic Toilet Cleaner 500ml,Household,10
2024-10-05,P018,Harpic Toilet Cleaner 500ml,Household,11
2024-10-06,P018,Harpic Toilet Cleaner 500ml,Household,14
2024-10-07,P018,Harpic Toilet Cleaner 500ml,Household,18
2024-10-08,P018,Harpic Toilet Cleaner 500ml,Household,13
2024-10-09,P018,Harpic Toilet Cleaner 500ml,Household,15
2024-10-10,P018,Harpic Toilet Cleaner 500ml,Household,8
2024-10-11,P018,Harpic Toilet Cleaner 500ml,Household,11
2024-10-12,P018,Harpic Toilet Cleaner 500ml,Household,10
2024-10-13,P018,Harpic Toilet Cleaner 500ml,Household,14
2024-10-14,P018,Harpic Toilet Cleaner 500ml,Household,10
2024-10-15,P018,Harpic Toilet Cleaner 500ml,Household,12
2024-10-16,P018,Harpic Toilet Cleaner 500ml,Household,18
2024-10-17,P018,Harpic Toilet Cleaner 500ml,Household,10
2024-10-18,P018,Harpic Toilet Cleaner 500ml,Household,12
2024-10-19,P018,Harpic Toilet Cleaner 500ml,Household,12
2024-10-20,P018,Harpic Toilet Cleaner 500ml,Household,9
2024-10-21,P018,Harpic Toilet Cleaner 500ml,Household,11
2024-10-22,P018,Harpic Toilet Cleaner 500ml,Household,17
2024-10-23,P018,Harpic Toilet Cleaner 500ml,Household,16
2024-10-24,P018,Harpic Toilet Cleaner 500ml,Household,11
2024-10-25,P018,Harpic Toilet Cleaner 500ml,Household,11
2024-10-26,P018,Harpic Toilet Cleaner 500ml,Household,12
2024-10-27,P018,Harpic Toilet Cleaner 500ml,Household,12
2024-10-28,P018,Harpic Toilet Cleaner 500ml,Household,15
2024-10-29,P018,Harpic Toilet Cleaner 500ml,Household,15
2024-10-30,P018,Harpic Toilet Cleaner 500ml,Household,16
2024-10-31,P018,Harpic Toilet Cleaner 500ml,Household,13
2024-11-01,P018,Harpic Toilet Cleaner 500ml,Household,13
2024-11-02,P018,Harpic Toilet Cleaner 500ml,Household,14
2024-11-03,P018,Harpic Toilet Cleaner 500ml,Household,11
2024-11-04,P018,Harpic Toilet Cleaner 500ml,Household,11
2024-11-05,P018,Harpic Toilet Cleaner 500ml,Household,14
2024-11-06,P018,Harpic Toilet Cleaner 500ml,Household,16
2024-11-07,P018,Harpic Toilet Cleaner 500ml,Household,11
2024-11-08,P018,Harpic Toilet Cleaner 500ml,Household,16
2024-11-09,P018,Harpic Toilet Cleaner 500ml,Household,11
2024-11-10,P018,Harpic Toilet Cleaner 500ml,Household,9
2024-11-11,P018,Harpic Toilet Cleaner 500ml,Household,13
2024-11-12,P018,Harpic Toilet Cleaner 500ml,Household,18
2024-11-13,P018,Harpic Toilet Cleaner 500ml,Household,13
2024-11-14,P018,Harpic Toilet Cleaner 500ml,Household,9
2024-11-15,P018,Harpic Toilet Cleaner 500ml,Household,11
2024-11-16,P018,Harpic Toilet Cleaner 500ml,Household,44
2024-11-17,P018,Harpic Toilet Cleaner 500ml,Household,8
2024-11-18,P018,Harpic Toilet Cleaner 500ml,Household,9
2024-11-19,P018,Harpic Toilet Cleaner 500ml,Household,15
2024-11-20,P018,Harpic Toilet Cleaner 500ml,Household,16
2024-11-21,P018,Harpic Toilet Cleaner 500ml,Household,10
2024-11-22,P018,Harpic Toilet Cleaner 500ml,Household,11
2024-11-23,P018,Harpic Toilet Cleaner 500ml,Household,45
2024-11-24,P018,Harpic Toilet Cleaner 500ml,Household,9
2024-11-25,P018,Harpic Toilet Cleaner 500ml,Household,14
2024-11-26,P018,Harpic Toilet Cleaner 500ml,Household,15
2024-11-27,P018,Harpic Toilet Cleaner 500ml,Household,16
2024-11-28,P018,Harpic Toilet Cleaner 500ml,Household,13
2024-11-29,P018,Harpic Toilet Cleaner 500ml,Household,17
2024-11-30,P018,Harpic Toilet Cleaner 500ml,Household,9
2024-12-01,P018,Harpic Toilet Cleaner 500ml,Household,9
2024-12-02,P018,Harpic Toilet Cleaner 500ml,Household,16
2024-12-03,P018,Harpic Toilet Cleaner 500ml,Household,16
2024-12-04,P018,Harpic Toilet Cleaner 500ml,Household,15
2024-12-05,P018,Harpic Toilet Cleaner 500ml,Household,10
2024-12-06,P018,Harpic Toilet Cleaner 500ml,Household,11
2024-12-07,P018,Harpic Toilet Cleaner 500ml,Household,11
2024-12-08,P018,Harpic Toilet Cleaner 500ml,Household,8
2024-12-09,P018,Harpic Toilet Cleaner 500ml,Household,15
2024-12-10,P018,Harpic Toilet Cleaner 500ml,Household,10
2024-12-11,P018,Harpic Toilet Cleaner 500ml,Household,13
2024-12-12,P018,Harpic Toilet Cleaner 500ml,Household,10
2024-12-13,P018,Harpic Toilet Cleaner 500ml,Household,16
2024-12-14,P018,Harpic Toilet Cleaner 500ml,Household,11
2024-12-15,P018,Harpic Toilet Cleaner 500ml,Household,12
2024-12-16,P018,Harpic Toilet Cleaner 500ml,Household,11
2024-12-17,P018,Harpic Toilet Cleaner 500ml,Household,17
2024-12-18,P018,Harpic Toilet Cleaner 500ml,Household,21
2024-12-19,P018,Harpic Toilet Cleaner 500ml,Household,12
2024-12-20,P018,Harpic Toilet Cleaner 500ml,Household,11
2024-12-21,P018,Harpic Toilet Cleaner 500ml,Household,7
2024-12-22,P018,Harpic Toilet Cleaner 500ml,Household,13
2024-12-23,P018,Harpic Toilet Cleaner 500ml,Household,10
2024-12-24,P018,Harpic Toilet Cleaner 500ml,Household,13
2024-12-25,P018,Harpic Toilet Cleaner 500ml,Household,17
2024-12-26,P018,Harpic Toilet Cleaner 500ml,Household,10
2024-12-27,P018,Harpic Toilet Cleaner 500ml,Household,11
2024-12-28,P018,Harpic Toilet Cleaner 500ml,Household,13
2024-12-29,P018,Harpic Toilet Cleaner 500ml,Household,10
2024-12-30,P018,Harpic Toilet Cleaner 500ml,Household,10
2024-12-31,P018,Harpic Toilet Cleaner 500ml,Household,59
2025-01-01,P018,Harpic Toilet Cleaner 500ml,Household,17
2025-01-02,P018,Harpic Toilet Cleaner 500ml,Household,10
2025-01-03,P018,Harpic Toilet Cleaner 500ml,Household,10
2025-01-04,P018,Harpic Toilet Cleaner 500ml,Household,9
2025-01-05,P018,Harpic Toilet Cleaner 500ml,Household,13
2025-01-06,P018,Harpic Toilet Cleaner 500ml,Household,17
2025-01-07,P018,Harpic Toilet Cleaner 500ml,Household,17
2025-01-08,P018,Harpic Toilet Cleaner 500ml,Household,15
2025-01-09,P018,Harpic Toilet Cleaner 500ml,Household,13
2025-01-10,P018,Harpic Toilet Cleaner 500ml,Household,10
2025-01-11,P018,Harpic Toilet Cleaner 500ml,Household,12
2025-01-12,P018,Harpic Toilet Cleaner 500ml,Household,9
2025-01-13,P018,Harpic Toilet Cleaner 500ml,Household,12
2025-01-14,P018,Harpic Toilet Cleaner 500ml,Household,17
2025-01-15,P018,Harpic Toilet Cleaner 500ml,Household,17
2025-01-16,P018,Harpic Toilet Cleaner 500ml,Household,13
2025-01-17,P018,Harpic Toilet Cleaner 500ml,Household,12
2025-01-18,P018,Harpic Toilet Cleaner 500ml,Household,10
2025-01-19,P018,Harpic Toilet Cleaner 500ml,Household,12
2025-01-20,P018,Harpic Toilet Cleaner 500ml,Household,60
2025-01-21,P018,Harpic Toilet Cleaner 500ml,Household,14
2025-01-22,P018,Harpic Toilet Cleaner 500ml,Household,15
2025-01-23,P018,Harpic Toilet Cleaner 500ml,Household,10
2025-01-24,P018,Harpic Toilet Cleaner 500ml,Household,11
2025-01-25,P018,Harpic Toilet Cleaner 500ml,Household,10
2025-01-26,P018,Harpic Toilet Cleaner 500ml,Household,11
2025-01-27,P018,Harpic Toilet Cleaner 500ml,Household,61
2025-01-28,P018,Harpic Toilet Cleaner 500ml,Household,12
2025-01-29,P018,Harpic Toilet Cleaner 500ml,Household,21
2025-01-30,P018,Harpic Toilet Cleaner 500ml,Household,9
2025-01-31,P018,Harpic Toilet Cleaner 500ml,Household,11
2025-02-01,P018,Harpic Toilet Cleaner 500ml,Household,12
2025-02-02,P018,Harpic Toilet Cleaner 500ml,Household,31
2025-02-03,P018,Harpic Toilet Cleaner 500ml,Household,12
2025-02-04,P018,Harpic Toilet Cleaner 500ml,Household,13
2025-02-05,P018,Harpic Toilet Cleaner 500ml,Household,17
2025-02-06,P018,Harpic Toilet Cleaner 500ml,Household,11
2025-02-07,P018,Harpic Toilet Cleaner 500ml,Household,13
2025-02-08,P018,Harpic Toilet Cleaner 500ml,Household,15
2025-02-09,P018,Harpic Toilet Cleaner 500ml,Household,11
2025-02-10,P018,Harpic Toilet Cleaner 500ml,Household,14
2025-02-11,P018,Harpic Toilet Cleaner 500ml,Household,18
2025-02-12,P018,Harpic Toilet Cleaner 500ml,Household,15
2025-02-13,P018,Harpic Toilet Cleaner 500ml,Household,13
2025-02-14,P018,Harpic Toilet Cleaner 500ml,Household,10
2025-02-15,P018,Harpic Toilet Cleaner 500ml,Household,14
2025-02-16,P018,Harpic Toilet Cleaner 500ml,Household,10
2025-02-17,P018,Harpic Toilet Cleaner 500ml,Household,14
2025-02-18,P018,Harpic Toilet Cleaner 500ml,Household,17
2025-02-19,P018,Harpic Toilet Cleaner 500ml,Household,12
2025-02-20,P018,Harpic Toilet Cleaner 500ml,Household,10
2025-02-21,P018,Harpic Toilet Cleaner 500ml,Household,10
2025-02-22,P018,Harpic Toilet Cleaner 500ml,Household,14
2025-02-23,P018,Harpic Toilet Cleaner 500ml,Household,9
2025-02-24,P018,Harpic Toilet Cleaner 500ml,Household,13
2025-02-25,P018,Harpic Toilet Cleaner 500ml,Household,17
2025-02-26,P018,Harpic Toilet Cleaner 500ml,Household,15
2025-02-27,P018,Harpic Toilet Cleaner 500ml,Household,14
2025-02-28,P018,Harpic Toilet Cleaner 500ml,Household,7
2025-03-01,P018,Harpic Toilet Cleaner 500ml,Household,13
2025-03-02,P018,Harpic Toilet Cleaner 500ml,Household,11
2025-03-03,P018,Harpic Toilet Cleaner 500ml,Household,9
2025-03-04,P018,Harpic Toilet Cleaner 500ml,Household,13
2025-03-05,P018,Harpic Toilet Cleaner 500ml,Household,19
2025-03-06,P018,Harpic Toilet Cleaner 500ml,Household,13
2025-03-07,P018,Harpic Toilet Cleaner 500ml,Household,13
2025-03-08,P018,Harpic Toilet Cleaner 500ml,Household,14
2025-03-09,P018,Harpic Toilet Cleaner 500ml,Household,9
2025-03-10,P018,Harpic Toilet Cleaner 500ml,Household,13
2025-03-11,P018,Harpic Toilet Cleaner 500ml,Household,18
2025-03-12,P018,Harpic Toilet Cleaner 500ml,Household,14
2025-03-13,P018,Harpic Toilet Cleaner 500ml,Household,15
2025-03-14,P018,Harpic Toilet Cleaner 500ml,Household,10
2025-03-15,P018,Harpic Toilet Cleaner 500ml,Household,12
2025-03-16,P018,Harpic Toilet Cleaner 500ml,Household,12
2025-03-17,P018,Harpic Toilet Cleaner 500ml,Household,14
2025-03-18,P018,Harpic Toilet Cleaner 500ml,Household,15
2025-03-19,P018,Harpic Toilet Cleaner 500ml,Household,17
2025-03-20,P018,Harpic Toilet Cleaner 500ml,Household,13
2025-03-21,P018,Harpic Toilet Cleaner 500ml,Household,8
2025-03-22,P018,Harpic Toilet Cleaner 500ml,Household,16
2025-03-23,P018,Harpic Toilet Cleaner 500ml,Household,9
2025-03-24,P018,Harpic Toilet Cleaner 500ml,Household,17
2025-03-25,P018,Harpic Toilet Cleaner 500ml,Household,15
2025-03-26,P018,Harpic Toilet Cleaner 500ml,Household,14
2025-03-27,P018,Harpic Toilet Cleaner 500ml,Household,12
2025-03-28,P018,Harpic Toilet Cleaner 500ml,Household,10
2025-03-29,P018,Harpic Toilet Cleaner 500ml,Household,7
2025-03-30,P018,Harpic Toilet Cleaner 500ml,Household,11
2025-03-31,P018,Harpic Toilet Cleaner 500ml,Household,14
2025-04-01,P018,Harpic Toilet Cleaner 500ml,Household,19
2025-04-02,P018,Harpic Toilet Cleaner 500ml,Household,13
2025-04-03,P018,Harpic Toilet Cleaner 500ml,Household,13
2025-04-04,P018,Harpic Toilet Cleaner 500ml,Household,11
2025-04-05,P018,Harpic Toilet Cleaner 500ml,Household,12
2025-04-06,P018,Harpic Toilet Cleaner 500ml,Household,14
2025-04-07,P018,Harpic Toilet Cleaner 500ml,Household,12
2025-04-08,P018,Harpic Toilet Cleaner 500ml,Household,16
2025-04-09,P018,Harpic Toilet Cleaner 500ml,Household,18
2025-04-10,P018,Harpic Toilet Cleaner 500ml,Household,14
2025-04-11,P018,Harpic Toilet Cleaner 500ml,Household,9
2025-04-12,P018,Harpic Toilet Cleaner 500ml,Household,10
2025-04-13,P018,Harpic Toilet Cleaner 500ml,Household,11
2025-04-14,P018,Harpic Toilet Cleaner 500ml,Household,15
2025-04-15,P018,Harpic Toilet Cleaner 500ml,Household,15
2025-04-16,P018,Harpic Toilet Cleaner 500ml,Household,15
2025-04-17,P018,Harpic Toilet Cleaner 500ml,Household,14
2025-04-18,P018,Harpic Toilet Cleaner 500ml,Household,11
2025-04-19,P018,Harpic Toilet Cleaner 500ml,Household,15
2025-04-20,P018,Harpic Toilet Cleaner 500ml,Household,8
2025-04-21,P018,Harpic Toilet Cleaner 500ml,Household,12
2025-04-22,P018,Harpic Toilet Cleaner 500ml,Household,12
2025-04-23,P018,Harpic Toilet Cleaner 500ml,Household,16
2025-04-24,P018,Harpic Toilet Cleaner 500ml,Household,13
2025-04-25,P018,Harpic Toilet Cleaner 500ml,Household,11
2025-04-26,P018,Harpic Toilet Cleaner 500ml,Household,11
2025-04-27,P018,Harpic Toilet Cleaner 500ml,Household,9
2025-04-28,P018,Harpic Toilet Cleaner 500ml,Household,17
2025-04-29,P018,Harpic Toilet Cleaner 500ml,Household,15
2025-04-30,P018,Harpic Toilet Cleaner 500ml,Household,14
2025-05-01,P018,Harpic Toilet Cleaner 500ml,Household,15
2025-05-02,P018,Harpic Toilet Cleaner 500ml,Household,11
2025-05-03,P018,Harpic Toilet Cleaner 500ml,Household,10
2025-05-04,P018,Harpic Toilet Cleaner 500ml,Household,10
2025-05-05,P018,Harpic Toilet Cleaner 500ml,Household,11
2025-05-06,P018,Harpic Toilet Cleaner 500ml,Household,13
2025-05-07,P018,Harpic Toilet Cleaner 500ml,Household,14
2025-05-08,P018,Harpic Toilet Cleaner 500ml,Household,17
2025-05-09,P018,Harpic Toilet Cleaner 500ml,Household,9
2025-05-10,P018,Harpic Toilet Cleaner 500ml,Household,8
2025-05-11,P018,Harpic Toilet Cleaner 500ml,Household,12
2025-05-12,P018,Harpic Toilet Cleaner 500ml,Household,13
2025-05-13,P018,Harpic Toilet Cleaner 500ml,Household,17
2025-05-14,P018,Harpic Toilet Cleaner 500ml,Household,14
2025-05-15,P018,Harpic Toilet Cleaner 500ml,Household,10
2025-05-16,P018,Harpic Toilet Cleaner 500ml,Household,15
2025-05-17,P018,Harpic Toilet Cleaner 500ml,Household,8
2025-05-18,P018,Harpic Toilet Cleaner 500ml,Household,13
2025-05-19,P018,Harpic Toilet Cleaner 500ml,Household,15
2025-05-20,P018,Harpic Toilet Cleaner 500ml,Household,17
2025-05-21,P018,Harpic Toilet Cleaner 500ml,Household,15
2025-05-22,P018,Harpic Toilet Cleaner 500ml,Household,9
2025-05-23,P018,Harpic Toilet Cleaner 500ml,Household,15
2025-05-24,P018,Harpic Toilet Cleaner 500ml,Household,11
2025-05-25,P018,Harpic Toilet Cleaner 500ml,Household,15
2025-05-26,P018,Harpic Toilet Cleaner 500ml,Household,14
2025-05-27,P018,Harpic Toilet Cleaner 500ml,Household,14
2025-05-28,P018,Harpic Toilet Cleaner 500ml,Household,16
2025-05-29,P018,Harpic Toilet Cleaner 500ml,Household,14
2025-05-30,P018,Harpic Toilet Cleaner 500ml,Household,12
2025-05-31,P018,Harpic Toilet Cleaner 500ml,Household,10
2025-06-01,P018,Harpic Toilet Cleaner 500ml,Household,8
2025-06-02,P018,Harpic Toilet Cleaner 500ml,Household,12
2025-06-03,P018,Harpic Toilet Cleaner 500ml,Household,17
2025-06-04,P018,Harpic Toilet Cleaner 500ml,Household,13
2025-06-05,P018,Harpic Toilet Cleaner 500ml,Household,13
2025-06-06,P018,Harpic Toilet Cleaner 500ml,Household,12
2025-06-07,P018,Harpic Toilet Cleaner 500ml,Household,13
2025-06-08,P018,Harpic Toilet Cleaner 500ml,Household,7
2025-06-09,P018,Harpic Toilet Cleaner 500ml,Household,10
2025-06-10,P018,Harpic Toilet Cleaner 500ml,Household,15
2025-06-11,P018,Harpic Toilet Cleaner 500ml,Household,20
2025-06-12,P018,Harpic Toilet Cleaner 500ml,Household,10
2025-06-13,P018,Harpic Toilet Cleaner 500ml,Household,12
2025-06-14,P018,Harpic Toilet Cleaner 500ml,Household,17
2025-06-15,P018,Harpic Toilet Cleaner 500ml,Household,13
2025-06-16,P018,Harpic Toilet Cleaner 500ml,Household,15
2025-06-17,P018,Harpic Toilet Cleaner 500ml,Household,14
2025-06-18,P018,Harpic Toilet Cleaner 500ml,Household,18
2025-06-19,P018,Harpic Toilet Cleaner 500ml,Household,15
2025-06-20,P018,Harpic Toilet Cleaner 500ml,Household,13
2025-06-21,P018,Harpic Toilet Cleaner 500ml,Household,12
2025-06-22,P018,Harpic Toilet Cleaner 500ml,Household,13
2025-06-23,P018,Harpic Toilet Cleaner 500ml,Household,10
2025-06-24,P018,Harpic Toilet Cleaner 500ml,Household,18
2025-06-25,P018,Harpic Toilet Cleaner 500ml,Household,14
2025-06-26,P018,Harpic Toilet Cleaner 500ml,Household,11
2025-06-27,P018,Harpic Toilet Cleaner 500ml,Household,15
2025-06-28,P018,Harpic Toilet Cleaner 500ml,Household,14
2025-06-29,P018,Harpic Toilet Cleaner 500ml,Household,8
2025-06-30,P018,Harpic Toilet Cleaner 500ml,Household,11
2025-07-01,P018,Harpic Toilet Cleaner 500ml,Household,17
2025-07-02,P018,Harpic Toilet Cleaner 500ml,Household,12
2025-07-03,P018,Harpic Toilet Cleaner 500ml,Household,15
2025-07-04,P018,Harpic Toilet Cleaner 500ml,Household,12
2025-07-05,P018,Harpic Toilet Cleaner 500ml,Household,15
2025-07-06,P018,Harpic Toilet Cleaner 500ml,Household,10
2025-07-07,P018,Harpic Toilet Cleaner 500ml,Household,12
2025-07-08,P018,Harpic Toilet Cleaner 500ml,Household,18
2025-07-09,P018,Harpic Toilet Cleaner 500ml,Household,15
2025-07-10,P018,Harpic Toilet Cleaner 500ml,Household,9
2025-07-11,P018,Harpic Toilet Cleaner 500ml,Household,13
2025-07-12,P018,Harpic Toilet Cleaner 500ml,Household,8
2025-07-13,P018,Harpic Toilet Cleaner 500ml,Household,15
2025-07-14,P018,Harpic Toilet Cleaner 500ml,Household,14
2025-07-15,P018,Harpic Toilet Cleaner 500ml,Household,14
2025-07-16,P018,Harpic Toilet Cleaner 500ml,Household,18
2025-07-17,P018,Harpic Toilet Cleaner 500ml,Household,14
2025-07-18,P018,Harpic Toilet Cleaner 500ml,Household,12
2025-07-19,P018,Harpic Toilet Cleaner 500ml,Household,17
2025-07-20,P018,Harpic Toilet Cleaner 500ml,Household,17
2025-07-21,P018,Harpic Toilet Cleaner 500ml,Household,14
2025-07-22,P018,Harpic Toilet Cleaner 500ml,Household,18
2025-07-23,P018,Harpic Toilet Cleaner 500ml,Household,19
2025-07-24,P018,Harpic Toilet Cleaner 500ml,Household,9
2025-07-25,P018,Harpic Toilet Cleaner 500ml,Household,13
2025-07-26,P018,Harpic Toilet Cleaner 500ml,Household,10
2025-07-27,P018,Harpic Toilet Cleaner 500ml,Household,10
2025-07-28,P018,Harpic Toilet Cleaner 500ml,Household,13
2025-07-29,P018,Harpic Toilet Cleaner 500ml,Household,16
2025-07-30,P018,Harpic Toilet Cleaner 500ml,Household,12
2025-07-31,P018,Harpic Toilet Cleaner 500ml,Household,13
2025-08-01,P018,Harpic Toilet Cleaner 500ml,Household,11
2025-08-02,P018,Harpic Toilet Cleaner 500ml,Household,15
2025-08-03,P018,Harpic Toilet Cleaner 500ml,Household,15
2025-08-04,P018,Harpic Toilet Cleaner 500ml,Household,11
2025-08-05,P018,Harpic Toilet Cleaner 500ml,Household,19
2025-08-06,P018,Harpic Toilet Cleaner 500ml,Household,17
2025-08-07,P018,Harpic Toilet Cleaner 500ml,Household,12
2025-08-08,P018,Harpic Toilet Cleaner 500ml,Household,11
2025-08-09,P018,Harpic Toilet Cleaner 500ml,Household,9
2025-08-10,P018,Harpic Toilet Cleaner 500ml,Household,9
2025-08-11,P018,Harpic Toilet Cleaner 500ml,Household,9
2025-08-12,P018,Harpic Toilet Cleaner 500ml,Household,16
2025-08-13,P018,Harpic Toilet Cleaner 500ml,Household,11
2025-08-14,P018,Harpic Toilet Cleaner 500ml,Household,10
2025-08-15,P018,Harpic Toilet Cleaner 500ml,Household,13
2025-08-16,P018,Harpic Toilet Cleaner 500ml,Household,15
2025-08-17,P018,Harpic Toilet Cleaner 500ml,Household,10
2025-08-18,P018,Harpic Toilet Cleaner 500ml,Household,15
2025-08-19,P018,Harpic Toilet Cleaner 500ml,Household,15
2025-08-20,P018,Harpic Toilet Cleaner 500ml,Household,15
2025-08-21,P018,Harpic Toilet Cleaner 500ml,Household,12
2025-08-22,P018,Harpic Toilet Cleaner 500ml,Household,11
2025-08-23,P018,Harpic Toilet Cleaner 500ml,Household,12
2025-08-24,P018,Harpic Toilet Cleaner 500ml,Household,12
2025-08-25,P018,Harpic Toilet Cleaner 500ml,Household,16
2025-08-26,P018,Harpic Toilet Cleaner 500ml,Household,19
2025-08-27,P018,Harpic Toilet Cleaner 500ml,Household,15
2025-08-28,P018,Harpic Toilet Cleaner 500ml,Household,11
2025-08-29,P018,Harpic Toilet Cleaner 500ml,Household,14
2025-08-30,P018,Harpic Toilet Cleaner 500ml,Household,12
2025-08-31,P018,Harpic Toilet Cleaner 500ml,Household,14
2025-09-01,P018,Harpic Toilet Cleaner 500ml,Household,15
2025-09-02,P018,Harpic Toilet Cleaner 500ml,Household,18
2025-09-03,P018,Harpic Toilet Cleaner 500ml,Household,16
2025-09-04,P018,Harpic Toilet Cleaner 500ml,Household,10
2025-09-05,P018,Harpic Toilet Cleaner 500ml,Household,12
2025-09-06,P018,Harpic Toilet Cleaner 500ml,Household,11
2025-09-07,P018,Harpic Toilet Cleaner 500ml,Household,14
2025-09-08,P018,Harpic Toilet Cleaner 500ml,Household,17
2025-09-09,P018,Harpic Toilet Cleaner 500ml,Household,19
2025-09-10,P018,Harpic Toilet Cleaner 500ml,Household,18
2025-09-11,P018,Harpic Toilet Cleaner 500ml,Household,10
2025-09-12,P018,Harpic Toilet Cleaner 500ml,Household,15
2025-09-13,P018,Harpic Toilet Cleaner 500ml,Household,13
2025-09-14,P018,Harpic Toilet Cleaner 500ml,Household,10
2025-09-15,P018,Harpic Toilet Cleaner 500ml,Household,15
2025-09-16,P018,Harpic Toilet Cleaner 500ml,Household,15
2025-09-17,P018,Harpic Toilet Cleaner 500ml,Household,12
2025-09-18,P018,Harpic Toilet Cleaner 500ml,Household,10
2025-09-19,P018,Harpic Toilet Cleaner 500ml,Household,12
2025-09-20,P018,Harpic Toilet Cleaner 500ml,Household,12
2025-09-21,P018,Harpic Toilet Cleaner 500ml,Household,10
2025-09-22,P018,Harpic Toilet Cleaner 500ml,Household,15
2025-09-23,P018,Harpic Toilet Cleaner 500ml,Household,17
2025-09-24,P018,Harpic Toilet Cleaner 500ml,Household,13
2025-09-25,P018,Harpic Toilet Cleaner 500ml,Household,18
2025-09-26,P018,Harpic Toilet Cleaner 500ml,Household,9
2025-09-27,P018,Harpic Toilet Cleaner 500ml,Household,11
2025-09-28,P018,Harpic Toilet Cleaner 500ml,Household,13
2025-09-29,P018,Harpic Toilet Cleaner 500ml,Household,12
2025-09-30,P018,Harpic Toilet Cleaner 500ml,Household,19
2025-10-01,P018,Harpic Toilet Cleaner 500ml,Household,16
2025-10-02,P018,Harpic Toilet Cleaner 500ml,Household,10
2025-10-03,P018,Harpic Toilet Cleaner 500ml,Household,14
2025-10-04,P018,Harpic Toilet Cleaner 500ml,Household,6
2025-10-05,P018,Harpic Toilet Cleaner 500ml,Household,13
2025-10-06,P018,Harpic Toilet Cleaner 500ml,Household,16
2025-10-07,P018,Harpic Toilet Cleaner 500ml,Household,11
2025-10-08,P018,Harpic Toilet Cleaner 500ml,Household,15
2025-10-09,P018,Harpic Toilet Cleaner 500ml,Household,9
2025-10-10,P018,Harpic Toilet Cleaner 500ml,Household,12
2025-10-11,P018,Harpic Toilet Cleaner 500ml,Household,17
2025-10-12,P018,Harpic Toilet Cleaner 500ml,Household,13
2025-10-13,P018,Harpic Toilet Cleaner 500ml,Household,13
2025-10-14,P018,Harpic Toilet Cleaner 500ml,Household,10
2025-10-15,P018,Harpic Toilet Cleaner 500ml,Household,14
2025-10-16,P018,Harpic Toilet Cleaner 500ml,Household,12
2025-10-17,P018,Harpic Toilet Cleaner 500ml,Household,12
2025-10-18,P018,Harpic Toilet Cleaner 500ml,Household,13
2025-10-19,P018,Harpic Toilet Cleaner 500ml,Household,14
2025-10-20,P018,Harpic Toilet Cleaner 500ml,Household,12
2025-10-21,P018,Harpic Toilet Cleaner 500ml,Household,16
2025-10-22,P018,Harpic Toilet Cleaner 500ml,Household,15
2025-10-23,P018,Harpic Toilet Cleaner 500ml,Household,10
2025-10-24,P018,Harpic Toilet Cleaner 500ml,Household,10
2025-10-25,P018,Harpic Toilet Cleaner 500ml,Household,13
2025-10-26,P018,Harpic Toilet Cleaner 500ml,Household,7
2025-10-27,P018,Harpic Toilet Cleaner 500ml,Household,9
2025-10-28,P018,Harpic Toilet Cleaner 500ml,Household,23
2025-10-29,P018,Harpic Toilet Cleaner 500ml,Household,15
2025-10-30,P018,Harpic Toilet Cleaner 500ml,Household,15
2025-10-31,P018,Harpic Toilet Cleaner 500ml,Household,12
2025-11-01,P018,Harpic Toilet Cleaner 500ml,Household,11
2025-11-02,P018,Harpic Toilet Cleaner 500ml,Household,14
2025-11-03,P018,Harpic Toilet Cleaner 500ml,Household,14
2025-11-04,P018,Harpic Toilet Cleaner 500ml,Household,16
2025-11-05,P018,Harpic Toilet Cleaner 500ml,Household,16
2025-11-06,P018,Harpic Toilet Cleaner 500ml,Household,13
2025-11-07,P018,Harpic Toilet Cleaner 500ml,Household,11
2025-11-08,P018,Harpic Toilet Cleaner 500ml,Household,11
2025-11-09,P018,Harpic Toilet Cleaner 500ml,Household,10
2025-11-10,P018,Harpic Toilet Cleaner 500ml,Household,11
2025-11-11,P018,Harpic Toilet Cleaner 500ml,Household,20
2025-11-12,P018,Harpic Toilet Cleaner 500ml,Household,14
2025-11-13,P018,Harpic Toilet Cleaner 500ml,Household,14
2025-11-14,P018,Harpic Toilet Cleaner 500ml,Household,12
2025-11-15,P018,Harpic Toilet Cleaner 500ml,Household,13
2025-11-16,P018,Harpic Toilet Cleaner 500ml,Household,12
2025-11-17,P018,Harpic Toilet Cleaner 500ml,Household,10
2025-11-18,P018,Harpic Toilet Cleaner 500ml,Household,16
2025-11-19,P018,Harpic Toilet Cleaner 500ml,Household,17
2025-11-20,P018,Harpic Toilet Cleaner 500ml,Household,10
2025-11-21,P018,Harpic Toilet Cleaner 500ml,Household,17
2025-11-22,P018,Harpic Toilet Cleaner 500ml,Household,14
2025-11-23,P018,Harpic Toilet Cleaner 500ml,Household,14
2025-11-24,P018,Harpic Toilet Cleaner 500ml,Household,16
2025-11-25,P018,Harpic Toilet Cleaner 500ml,Household,11
2025-11-26,P018,Harpic Toilet Cleaner 500ml,Household,18
2025-11-27,P018,Harpic Toilet Cleaner 500ml,Household,17
2025-11-28,P018,Harpic Toilet Cleaner 500ml,Household,14
2025-11-29,P018,Harpic Toilet Cleaner 500ml,Household,12
2025-11-30,P018,Harpic Toilet Cleaner 500ml,Household,10
2025-12-01,P018,Harpic Toilet Cleaner 500ml,Household,11
2025-12-02,P018,Harpic Toilet Cleaner 500ml,Household,13
2025-12-03,P018,Harpic Toilet Cleaner 500ml,Household,15
2025-12-04,P018,Harpic Toilet Cleaner 500ml,Household,10
2025-12-05,P018,Harpic Toilet Cleaner 500ml,Household,12
2025-12-06,P018,Harpic Toilet Cleaner 500ml,Household,13
2025-12-07,P018,Harpic Toilet Cleaner 500ml,Household,9
2025-12-08,P018,Harpic Toilet Cleaner 500ml,Household,12
2025-12-09,P018,Harpic Toilet Cleaner 500ml,Household,15
2025-12-10,P018,Harpic Toilet Cleaner 500ml,Household,15
2025-12-11,P018,Harpic Toilet Cleaner 500ml,Household,12
2025-12-12,P018,Harpic Toilet Cleaner 500ml,Household,13
2025-12-13,P018,Harpic Toilet Cleaner 500ml,Household,11
2025-12-14,P018,Harpic Toilet Cleaner 500ml,Household,11
2025-12-15,P018,Harpic Toilet Cleaner 500ml,Household,14
2025-12-16,P018,Harpic Toilet Cleaner 500ml,Household,19
2025-12-17,P018,Harpic Toilet Cleaner 500ml,Household,13
2025-12-18,P018,Harpic Toilet Cleaner 500ml,Household,15
2025-12-19,P018,Harpic Toilet Cleaner 500ml,Household,9
2025-12-20,P018,Harpic Toilet Cleaner 500ml,Household,13
2025-12-21,P018,Harpic Toilet Cleaner 500ml,Household,15
2025-12-22,P018,Harpic Toilet Cleaner 500ml,Household,11
2025-12-23,P018,Harpic Toilet Cleaner 500ml,Household,17
2025-12-24,P018,Harpic Toilet Cleaner 500ml,Household,14
2025-12-25,P018,Harpic Toilet Cleaner 500ml,Household,15
2025-12-26,P018,Harpic Toilet Cleaner 500ml,Household,51
2025-12-27,P018,Harpic Toilet Cleaner 500ml,Household,10
2025-12-28,P018,Harpic Toilet Cleaner 500ml,Household,13
2025-12-29,P018,Harpic Toilet Cleaner 500ml,Household,15
2025-12-30,P018,Harpic Toilet Cleaner 500ml,Household,17
2025-12-31,P018,Harpic Toilet Cleaner 500ml,Household,17
2026-01-01,P018,Harpic Toilet Cleaner 500ml,Household,11
2026-01-02,P018,Harpic Toilet Cleaner 500ml,Household,10
2026-01-03,P018,Harpic Toilet Cleaner 500ml,Household,16
2026-01-04,P018,Harpic Toilet Cleaner 500ml,Household,14
2026-01-05,P018,Harpic Toilet Cleaner 500ml,Household,13
2026-01-06,P018,Harpic Toilet Cleaner 500ml,Household,13
2026-01-07,P018,Harpic Toilet Cleaner 500ml,Household,19
2026-01-08,P018,Harpic Toilet Cleaner 500ml,Household,15
2026-01-09,P018,Harpic Toilet Cleaner 500ml,Household,12
2026-01-10,P018,Harpic Toilet Cleaner 500ml,Household,11
2026-01-11,P018,Harpic Toilet Cleaner 500ml,Household,12
2026-01-12,P018,Harpic Toilet Cleaner 500ml,Household,13
2026-01-13,P018,Harpic Toilet Cleaner 500ml,Household,18
2026-01-14,P018,Harpic Toilet Cleaner 500ml,Household,14
2026-01-15,P018,Harpic Toilet Cleaner 500ml,Household,11
2026-01-16,P018,Harpic Toilet Cleaner 500ml,Household,12
2026-01-17,P018,Harpic Toilet Cleaner 500ml,Household,13
2026-01-18,P018,Harpic Toilet Cleaner 500ml,Household,14
2026-01-19,P018,Harpic Toilet Cleaner 500ml,Household,14
2026-01-20,P018,Harpic Toilet Cleaner 500ml,Household,20
2026-01-21,P018,Harpic Toilet Cleaner 500ml,Household,14
2026-01-22,P018,Harpic Toilet Cleaner 500ml,Household,16
2026-01-23,P018,Harpic Toilet Cleaner 500ml,Household,10
2026-01-24,P018,Harpic Toilet Cleaner 500ml,Household,12
2026-01-25,P018,Harpic Toilet Cleaner 500ml,Household,13
2026-01-26,P018,Harpic Toilet Cleaner 500ml,Household,16
2026-01-27,P018,Harpic Toilet Cleaner 500ml,Household,16
2026-01-28,P018,Harpic Toilet Cleaner 500ml,Household,17
2026-01-29,P018,Harpic Toilet Cleaner 500ml,Household,12
2026-01-30,P018,Harpic Toilet Cleaner 500ml,Household,7
2026-01-31,P018,Harpic Toilet Cleaner 500ml,Household,12
2026-02-01,P018,Harpic Toilet Cleaner 500ml,Household,10
2026-02-02,P018,Harpic Toilet Cleaner 500ml,Household,17
2026-02-03,P018,Harpic Toilet Cleaner 500ml,Household,19
2026-02-04,P018,Harpic Toilet Cleaner 500ml,Household,15
2026-02-05,P018,Harpic Toilet Cleaner 500ml,Household,10
2026-02-06,P018,Harpic Toilet Cleaner 500ml,Household,11
2026-02-07,P018,Harpic Toilet Cleaner 500ml,Household,14
2026-02-08,P018,Harpic Toilet Cleaner 500ml,Household,14
2026-02-09,P018,Harpic Toilet Cleaner 500ml,Household,21
2026-02-10,P018,Harpic Toilet Cleaner 500ml,Household,16
2026-02-11,P018,Harpic Toilet Cleaner 500ml,Household,17
2026-02-12,P018,Harpic Toilet Cleaner 500ml,Household,17
2026-02-13,P018,Harpic Toilet Cleaner 500ml,Household,13
2026-02-14,P018,Harpic Toilet Cleaner 500ml,Household,10
2026-02-15,P018,Harpic Toilet Cleaner 500ml,Household,13
2026-02-16,P018,Harpic Toilet Cleaner 500ml,Household,15
2026-02-17,P018,Harpic Toilet Cleaner 500ml,Household,16
2026-02-18,P018,Harpic Toilet Cleaner 500ml,Household,18
2026-02-19,P018,Harpic Toilet Cleaner 500ml,Household,14
2026-02-20,P018,Harpic Toilet Cleaner 500ml,Household,12
2026-02-21,P018,Harpic Toilet Cleaner 500ml,Household,16
2026-02-22,P018,Harpic Toilet Cleaner 500ml,Household,11
2026-02-23,P018,Harpic Toilet Cleaner 500ml,Household,15
2026-02-24,P018,Harpic Toilet Cleaner 500ml,Household,15
2026-02-25,P018,Harpic Toilet Cleaner 500ml,Household,13
2026-02-26,P018,Harpic Toilet Cleaner 500ml,Household,13
2026-02-27,P018,Harpic Toilet Cleaner 500ml,Household,17
2026-02-28,P018,Harpic Toilet Cleaner 500ml,Household,12
2026-03-01,P018,Harpic Toilet Cleaner 500ml,Household,9
2026-03-02,P018,Harpic Toilet Cleaner 500ml,Household,14
2026-03-03,P018,Harpic Toilet Cleaner 500ml,Household,15
2026-03-04,P018,Harpic Toilet Cleaner 500ml,Household,19
2026-03-05,P018,Harpic Toilet Cleaner 500ml,Household,12
2026-03-06,P018,Harpic Toilet Cleaner 500ml,Household,9
2026-03-07,P018,Harpic Toilet Cleaner 500ml,Household,14
2026-03-08,P018,Harpic Toilet Cleaner 500ml,Household,13
2026-03-09,P018,Harpic Toilet Cleaner 500ml,Household,13
2026-03-10,P018,Harpic Toilet Cleaner 500ml,Household,14
2026-03-11,P018,Harpic Toilet Cleaner 500ml,Household,21
2026-03-12,P018,Harpic Toilet Cleaner 500ml,Household,12
2026-03-13,P018,Harpic Toilet Cleaner 500ml,Household,15
2026-03-14,P018,Harpic Toilet Cleaner 500ml,Household,12
2026-03-15,P018,Harpic Toilet Cleaner 500ml,Household,14
2026-03-16,P018,Harpic Toilet Cleaner 500ml,Household,14
2026-03-17,P018,Harpic Toilet Cleaner 500ml,Household,17
2026-03-18,P018,Harpic Toilet Cleaner 500ml,Household,15
2026-03-19,P018,Harpic Toilet Cleaner 500ml,Household,14
2026-03-20,P018,Harpic Toilet Cleaner 500ml,Household,16
2026-03-21,P018,Harpic Toilet Cleaner 500ml,Household,10
2026-03-22,P018,Harpic Toilet Cleaner 500ml,Household,11
2026-03-23,P018,Harpic Toilet Cleaner 500ml,Household,20
2026-03-24,P018,Harpic Toilet Cleaner 500ml,Household,14
2026-03-25,P018,Harpic Toilet Cleaner 500ml,Household,15
2026-03-26,P018,Harpic Toilet Cleaner 500ml,Household,16
2026-03-27,P018,Harpic Toilet Cleaner 500ml,Household,16
2026-03-28,P018,Harpic Toilet Cleaner 500ml,Household,7
2024-03-28,P019,Dove Soap 100g,Personal Care,35
2024-03-29,P019,Dove Soap 100g,Personal Care,19
2024-03-30,P019,Dove Soap 100g,Personal Care,31
2024-03-31,P019,Dove Soap 100g,Personal Care,28
2024-04-01,P019,Dove Soap 100g,Personal Care,40
2024-04-02,P019,Dove Soap 100g,Personal Care,39
2024-04-03,P019,Dove Soap 100g,Personal Care,23
2024-04-04,P019,Dove Soap 100g,Personal Care,31
2024-04-05,P019,Dove Soap 100g,Personal Care,17
2024-04-06,P019,Dove Soap 100g,Personal Care,36
2024-04-07,P019,Dove Soap 100g,Personal Care,24
2024-04-08,P019,Dove Soap 100g,Personal Care,25
2024-04-09,P019,Dove Soap 100g,Personal Care,33
2024-04-10,P019,Dove Soap 100g,Personal Care,32
2024-04-11,P019,Dove Soap 100g,Personal Care,28
2024-04-12,P019,Dove Soap 100g,Personal Care,24
2024-04-13,P019,Dove Soap 100g,Personal Care,27
2024-04-14,P019,Dove Soap 100g,Personal Care,20
2024-04-15,P019,Dove Soap 100g,Personal Care,30
2024-04-16,P019,Dove Soap 100g,Personal Care,46
2024-04-17,P019,Dove Soap 100g,Personal Care,35
2024-04-18,P019,Dove Soap 100g,Personal Care,32
2024-04-19,P019,Dove Soap 100g,Personal Care,21
2024-04-20,P019,Dove Soap 100g,Personal Care,32
2024-04-21,P019,Dove Soap 100g,Personal Care,35
2024-04-22,P019,Dove Soap 100g,Personal Care,40
2024-04-23,P019,Dove Soap 100g,Personal Care,39
2024-04-24,P019,Dove Soap 100g,Personal Care,41
2024-04-25,P019,Dove Soap 100g,Personal Care,21
2024-04-26,P019,Dove Soap 100g,Personal Care,27
2024-04-27,P019,Dove Soap 100g,Personal Care,24
2024-04-28,P019,Dove Soap 100g,Personal Care,31
2024-04-29,P019,Dove Soap 100g,Personal Care,29
2024-04-30,P019,Dove Soap 100g,Personal Care,75
2024-05-01,P019,Dove Soap 100g,Personal Care,52
2024-05-02,P019,Dove Soap 100g,Personal Care,64
2024-05-03,P019,Dove Soap 100g,Personal Care,37
2024-05-04,P019,Dove Soap 100g,Personal Care,22
2024-05-05,P019,Dove Soap 100g,Personal Care,28
2024-05-06,P019,Dove Soap 100g,Personal Care,33
2024-05-07,P019,Dove Soap 100g,Personal Care,38
2024-05-08,P019,Dove Soap 100g,Personal Care,48
2024-05-09,P019,Dove Soap 100g,Personal Care,25
2024-05-10,P019,Dove Soap 100g,Personal Care,31
2024-05-11,P019,Dove Soap 100g,Personal Care,59
2024-05-12,P019,Dove Soap 100g,Personal Care,31
2024-05-13,P019,Dove Soap 100g,Personal Care,35
2024-05-14,P019,Dove Soap 100g,Personal Care,37
2024-05-15,P019,Dove Soap 100g,Personal Care,40
2024-05-16,P019,Dove Soap 100g,Personal Care,26
2024-05-17,P019,Dove Soap 100g,Personal Care,22
2024-05-18,P019,Dove Soap 100g,Personal Care,23
2024-05-19,P019,Dove Soap 100g,Personal Care,24
2024-05-20,P019,Dove Soap 100g,Personal Care,24
2024-05-21,P019,Dove Soap 100g,Personal Care,30
2024-05-22,P019,Dove Soap 100g,Personal Care,33
2024-05-23,P019,Dove Soap 100g,Personal Care,27
2024-05-24,P019,Dove Soap 100g,Personal Care,30
2024-05-25,P019,Dove Soap 100g,Personal Care,22
2024-05-26,P019,Dove Soap 100g,Personal Care,24
2024-05-27,P019,Dove Soap 100g,Personal Care,28
2024-05-28,P019,Dove Soap 100g,Personal Care,40
2024-05-29,P019,Dove Soap 100g,Personal Care,31
2024-05-30,P019,Dove Soap 100g,Personal Care,26
2024-05-31,P019,Dove Soap 100g,Personal Care,35
2024-06-01,P019,Dove Soap 100g,Personal Care,24
2024-06-02,P019,Dove Soap 100g,Personal Care,22
2024-06-03,P019,Dove Soap 100g,Personal Care,31
2024-06-04,P019,Dove Soap 100g,Personal Care,33
2024-06-05,P019,Dove Soap 100g,Personal Care,22
2024-06-06,P019,Dove Soap 100g,Personal Care,30
2024-06-07,P019,Dove Soap 100g,Personal Care,34
2024-06-08,P019,Dove Soap 100g,Personal Care,29
2024-06-09,P019,Dove Soap 100g,Personal Care,35
2024-06-10,P019,Dove Soap 100g,Personal Care,36
2024-06-11,P019,Dove Soap 100g,Personal Care,33
2024-06-12,P019,Dove Soap 100g,Personal Care,50
2024-06-13,P019,Dove Soap 100g,Personal Care,31
2024-06-14,P019,Dove Soap 100g,Personal Care,32
2024-06-15,P019,Dove Soap 100g,Personal Care,23
2024-06-16,P019,Dove Soap 100g,Personal Care,20
2024-06-17,P019,Dove Soap 100g,Personal Care,26
2024-06-18,P019,Dove Soap 100g,Personal Care,43
2024-06-19,P019,Dove Soap 100g,Personal Care,48
2024-06-20,P019,Dove Soap 100g,Personal Care,31
2024-06-21,P019,Dove Soap 100g,Personal Care,30
2024-06-22,P019,Dove Soap 100g,Personal Care,35
2024-06-23,P019,Dove Soap 100g,Personal Care,37
2024-06-24,P019,Dove Soap 100g,Personal Care,24
2024-06-25,P019,Dove Soap 100g,Personal Care,48
2024-06-26,P019,Dove Soap 100g,Personal Care,36
2024-06-27,P019,Dove Soap 100g,Personal Care,36
2024-06-28,P019,Dove Soap 100g,Personal Care,23
2024-06-29,P019,Dove Soap 100g,Personal Care,35
2024-06-30,P019,Dove Soap 100g,Personal Care,21
2024-07-01,P019,Dove Soap 100g,Personal Care,39
2024-07-02,P019,Dove Soap 100g,Personal Care,42
2024-07-03,P019,Dove Soap 100g,Personal Care,29
2024-07-04,P019,Dove Soap 100g,Personal Care,37
2024-07-05,P019,Dove Soap 100g,Personal Care,24
2024-07-06,P019,Dove Soap 100g,Personal Care,36
2024-07-07,P019,Dove Soap 100g,Personal Care,30
2024-07-08,P019,Dove Soap 100g,Personal Care,25
2024-07-09,P019,Dove Soap 100g,Personal Care,32
2024-07-10,P019,Dove Soap 100g,Personal Care,61
2024-07-11,P019,Dove Soap 100g,Personal Care,43
2024-07-12,P019,Dove Soap 100g,Personal Care,28
2024-07-13,P019,Dove Soap 100g,Personal Care,32
2024-07-14,P019,Dove Soap 100g,Personal Care,36
2024-07-15,P019,Dove Soap 100g,Personal Care,25
2024-07-16,P019,Dove Soap 100g,Personal Care,42
2024-07-17,P019,Dove Soap 100g,Personal Care,44
2024-07-18,P019,Dove Soap 100g,Personal Care,31
2024-07-19,P019,Dove Soap 100g,Personal Care,37
2024-07-20,P019,Dove Soap 100g,Personal Care,30
2024-07-21,P019,Dove Soap 100g,Personal Care,36
2024-07-22,P019,Dove Soap 100g,Personal Care,34
2024-07-23,P019,Dove Soap 100g,Personal Care,30
2024-07-24,P019,Dove Soap 100g,Personal Care,44
2024-07-25,P019,Dove Soap 100g,Personal Care,37
2024-07-26,P019,Dove Soap 100g,Personal Care,29
2024-07-27,P019,Dove Soap 100g,Personal Care,22
2024-07-28,P019,Dove Soap 100g,Personal Care,35
2024-07-29,P019,Dove Soap 100g,Personal Care,34
2024-07-30,P019,Dove Soap 100g,Personal Care,40
2024-07-31,P019,Dove Soap 100g,Personal Care,40
2024-08-01,P019,Dove Soap 100g,Personal Care,35
2024-08-02,P019,Dove Soap 100g,Personal Care,55
2024-08-03,P019,Dove Soap 100g,Personal Care,27
2024-08-04,P019,Dove Soap 100g,Personal Care,20
2024-08-05,P019,Dove Soap 100g,Personal Care,30
2024-08-06,P019,Dove Soap 100g,Personal Care,44
2024-08-07,P019,Dove Soap 100g,Personal Care,37
2024-08-08,P019,Dove Soap 100g,Personal Care,35
2024-08-09,P019,Dove Soap 100g,Personal Care,21
2024-08-10,P019,Dove Soap 100g,Personal Care,24
2024-08-11,P019,Dove Soap 100g,Personal Care,23
2024-08-12,P019,Dove Soap 100g,Personal Care,33
2024-08-13,P019,Dove Soap 100g,Personal Care,49
2024-08-14,P019,Dove Soap 100g,Personal Care,52
2024-08-15,P019,Dove Soap 100g,Personal Care,36
2024-08-16,P019,Dove Soap 100g,Personal Care,18
2024-08-17,P019,Dove Soap 100g,Personal Care,25
2024-08-18,P019,Dove Soap 100g,Personal Care,12
2024-08-19,P019,Dove Soap 100g,Personal Care,34
2024-08-20,P019,Dove Soap 100g,Personal Care,48
2024-08-21,P019,Dove Soap 100g,Personal Care,43
2024-08-22,P019,Dove Soap 100g,Personal Care,19
2024-08-23,P019,Dove Soap 100g,Personal Care,38
2024-08-24,P019,Dove Soap 100g,Personal Care,37
2024-08-25,P019,Dove Soap 100g,Personal Care,39
2024-08-26,P019,Dove Soap 100g,Personal Care,39
2024-08-27,P019,Dove Soap 100g,Personal Care,36
2024-08-28,P019,Dove Soap 100g,Personal Care,28
2024-08-29,P019,Dove Soap 100g,Personal Care,37
2024-08-30,P019,Dove Soap 100g,Personal Care,34
2024-08-31,P019,Dove Soap 100g,Personal Care,18
2024-09-01,P019,Dove Soap 100g,Personal Care,24
2024-09-02,P019,Dove Soap 100g,Personal Care,27
2024-09-03,P019,Dove Soap 100g,Personal Care,43
2024-09-04,P019,Dove Soap 100g,Personal Care,39
2024-09-05,P019,Dove Soap 100g,Personal Care,28
2024-09-06,P019,Dove Soap 100g,Personal Care,27
2024-09-07,P019,Dove Soap 100g,Personal Care,23
2024-09-08,P019,Dove Soap 100g,Personal Care,35
2024-09-09,P019,Dove Soap 100g,Personal Care,29
2024-09-10,P019,Dove Soap 100g,Personal Care,46
2024-09-11,P019,Dove Soap 100g,Personal Care,31
2024-09-12,P019,Dove Soap 100g,Personal Care,27
2024-09-13,P019,Dove Soap 100g,Personal Care,41
2024-09-14,P019,Dove Soap 100g,Personal Care,31
2024-09-15,P019,Dove Soap 100g,Personal Care,27
2024-09-16,P019,Dove Soap 100g,Personal Care,29
2024-09-17,P019,Dove Soap 100g,Personal Care,34
2024-09-18,P019,Dove Soap 100g,Personal Care,42
2024-09-19,P019,Dove Soap 100g,Personal Care,35
2024-09-20,P019,Dove Soap 100g,Personal Care,31
2024-09-21,P019,Dove Soap 100g,Personal Care,30
2024-09-22,P019,Dove Soap 100g,Personal Care,33
2024-09-23,P019,Dove Soap 100g,Personal Care,25
2024-09-24,P019,Dove Soap 100g,Personal Care,41
2024-09-25,P019,Dove Soap 100g,Personal Care,42
2024-09-26,P019,Dove Soap 100g,Personal Care,31
2024-09-27,P019,Dove Soap 100g,Personal Care,27
2024-09-28,P019,Dove Soap 100g,Personal Care,25
2024-09-29,P019,Dove Soap 100g,Personal Care,22
2024-09-30,P019,Dove Soap 100g,Personal Care,42
2024-10-01,P019,Dove Soap 100g,Personal Care,39
2024-10-02,P019,Dove Soap 100g,Personal Care,37
2024-10-03,P019,Dove Soap 100g,Personal Care,53
2024-10-04,P019,Dove Soap 100g,Personal Care,24
2024-10-05,P019,Dove Soap 100g,Personal Care,27
2024-10-06,P019,Dove Soap 100g,Personal Care,37
2024-10-07,P019,Dove Soap 100g,Personal Care,36
2024-10-08,P019,Dove Soap 100g,Personal Care,44
2024-10-09,P019,Dove Soap 100g,Personal Care,45
2024-10-10,P019,Dove Soap 100g,Personal Care,91
2024-10-11,P019,Dove Soap 100g,Personal Care,30
2024-10-12,P019,Dove Soap 100g,Personal Care,28
2024-10-13,P019,Dove Soap 100g,Personal Care,33
2024-10-14,P019,Dove Soap 100g,Personal Care,37
2024-10-15,P019,Dove Soap 100g,Personal Care,39
2024-10-16,P019,Dove Soap 100g,Personal Care,34
2024-10-17,P019,Dove Soap 100g,Personal Care,31
2024-10-18,P019,Dove Soap 100g,Personal Care,33
2024-10-19,P019,Dove Soap 100g,Personal Care,32
2024-10-20,P019,Dove Soap 100g,Personal Care,19
2024-10-21,P019,Dove Soap 100g,Personal Care,24
2024-10-22,P019,Dove Soap 100g,Personal Care,44
2024-10-23,P019,Dove Soap 100g,Personal Care,37
2024-10-24,P019,Dove Soap 100g,Personal Care,43
2024-10-25,P019,Dove Soap 100g,Personal Care,38
2024-10-26,P019,Dove Soap 100g,Personal Care,23
2024-10-27,P019,Dove Soap 100g,Personal Care,80
2024-10-28,P019,Dove Soap 100g,Personal Care,43
2024-10-29,P019,Dove Soap 100g,Personal Care,37
2024-10-30,P019,Dove Soap 100g,Personal Care,39
2024-10-31,P019,Dove Soap 100g,Personal Care,27
2024-11-01,P019,Dove Soap 100g,Personal Care,24
2024-11-02,P019,Dove Soap 100g,Personal Care,39
2024-11-03,P019,Dove Soap 100g,Personal Care,15
2024-11-04,P019,Dove Soap 100g,Personal Care,29
2024-11-05,P019,Dove Soap 100g,Personal Care,37
2024-11-06,P019,Dove Soap 100g,Personal Care,40
2024-11-07,P019,Dove Soap 100g,Personal Care,23
2024-11-08,P019,Dove Soap 100g,Personal Care,38
2024-11-09,P019,Dove Soap 100g,Personal Care,20
2024-11-10,P019,Dove Soap 100g,Personal Care,20
2024-11-11,P019,Dove Soap 100g,Personal Care,62
2024-11-12,P019,Dove Soap 100g,Personal Care,32
2024-11-13,P019,Dove Soap 100g,Personal Care,41
2024-11-14,P019,Dove Soap 100g,Personal Care,26
2024-11-15,P019,Dove Soap 100g,Personal Care,35
2024-11-16,P019,Dove Soap 100g,Personal Care,25
2024-11-17,P019,Dove Soap 100g,Personal Care,39
2024-11-18,P019,Dove Soap 100g,Personal Care,37
2024-11-19,P019,Dove Soap 100g,Personal Care,35
2024-11-20,P019,Dove Soap 100g,Personal Care,43
2024-11-21,P019,Dove Soap 100g,Personal Care,31
2024-11-22,P019,Dove Soap 100g,Personal Care,35
2024-11-23,P019,Dove Soap 100g,Personal Care,34
2024-11-24,P019,Dove Soap 100g,Personal Care,32
2024-11-25,P019,Dove Soap 100g,Personal Care,34
2024-11-26,P019,Dove Soap 100g,Personal Care,45
2024-11-27,P019,Dove Soap 100g,Personal Care,47
2024-11-28,P019,Dove Soap 100g,Personal Care,31
2024-11-29,P019,Dove Soap 100g,Personal Care,34
2024-11-30,P019,Dove Soap 100g,Personal Care,36
2024-12-01,P019,Dove Soap 100g,Personal Care,40
2024-12-02,P019,Dove Soap 100g,Personal Care,42
2024-12-03,P019,Dove Soap 100g,Personal Care,46
2024-12-04,P019,Dove Soap 100g,Personal Care,37
2024-12-05,P019,Dove Soap 100g,Personal Care,23
2024-12-06,P019,Dove Soap 100g,Personal Care,34
2024-12-07,P019,Dove Soap 100g,Personal Care,34
2024-12-08,P019,Dove Soap 100g,Personal Care,28
2024-12-09,P019,Dove Soap 100g,Personal Care,26
2024-12-10,P019,Dove Soap 100g,Personal Care,49
2024-12-11,P019,Dove Soap 100g,Personal Care,42
2024-12-12,P019,Dove Soap 100g,Personal Care,24
2024-12-13,P019,Dove Soap 100g,Personal Care,30
2024-12-14,P019,Dove Soap 100g,Personal Care,23
2024-12-15,P019,Dove Soap 100g,Personal Care,35
2024-12-16,P019,Dove Soap 100g,Personal Care,44
2024-12-17,P019,Dove Soap 100g,Personal Care,39
2024-12-18,P019,Dove Soap 100g,Personal Care,39
2024-12-19,P019,Dove Soap 100g,Personal Care,29
2024-12-20,P019,Dove Soap 100g,Personal Care,29
2024-12-21,P019,Dove Soap 100g,Personal Care,26
2024-12-22,P019,Dove Soap 100g,Personal Care,39
2024-12-23,P019,Dove Soap 100g,Personal Care,35
2024-12-24,P019,Dove Soap 100g,Personal Care,40
2024-12-25,P019,Dove Soap 100g,Personal Care,39
2024-12-26,P019,Dove Soap 100g,Personal Care,23
2024-12-27,P019,Dove Soap 100g,Personal Care,36
2024-12-28,P019,Dove Soap 100g,Personal Care,39
2024-12-29,P019,Dove Soap 100g,Personal Care,20
2024-12-30,P019,Dove Soap 100g,Personal Care,38
2024-12-31,P019,Dove Soap 100g,Personal Care,45
2025-01-01,P019,Dove Soap 100g,Personal Care,48
2025-01-02,P019,Dove Soap 100g,Personal Care,38
2025-01-03,P019,Dove Soap 100g,Personal Care,46
2025-01-04,P019,Dove Soap 100g,Personal Care,33
2025-01-05,P019,Dove Soap 100g,Personal Care,37
2025-01-06,P019,Dove Soap 100g,Personal Care,34
2025-01-07,P019,Dove Soap 100g,Personal Care,35
2025-01-08,P019,Dove Soap 100g,Personal Care,44
2025-01-09,P019,Dove Soap 100g,Personal Care,37
2025-01-10,P019,Dove Soap 100g,Personal Care,33
2025-01-11,P019,Dove Soap 100g,Personal Care,21
2025-01-12,P019,Dove Soap 100g,Personal Care,22
2025-01-13,P019,Dove Soap 100g,Personal Care,38
2025-01-14,P019,Dove Soap 100g,Personal Care,38
2025-01-15,P019,Dove Soap 100g,Personal Care,42
2025-01-16,P019,Dove Soap 100g,Personal Care,34
2025-01-17,P019,Dove Soap 100g,Personal Care,30
2025-01-18,P019,Dove Soap 100g,Personal Care,29
2025-01-19,P019,Dove Soap 100g,Personal Care,30
2025-01-20,P019,Dove Soap 100g,Personal Care,37
2025-01-21,P019,Dove Soap 100g,Personal Care,43
2025-01-22,P019,Dove Soap 100g,Personal Care,36
2025-01-23,P019,Dove Soap 100g,Personal Care,31
2025-01-24,P019,Dove Soap 100g,Personal Care,25
2025-01-25,P019,Dove Soap 100g,Personal Care,34
2025-01-26,P019,Dove Soap 100g,Personal Care,28
2025-01-27,P019,Dove Soap 100g,Personal Care,38
2025-01-28,P019,Dove Soap 100g,Personal Care,39
2025-01-29,P019,Dove Soap 100g,Personal Care,47
2025-01-30,P019,Dove Soap 100g,Personal Care,39
2025-01-31,P019,Dove Soap 100g,Personal Care,34
2025-02-01,P019,Dove Soap 100g,Personal Care,29
2025-02-02,P019,Dove Soap 100g,Personal Care,26
2025-02-03,P019,Dove Soap 100g,Personal Care,40
2025-02-04,P019,Dove Soap 100g,Personal Care,40
2025-02-05,P019,Dove Soap 100g,Personal Care,41
2025-02-06,P019,Dove Soap 100g,Personal Care,29
2025-02-07,P019,Dove Soap 100g,Personal Care,23
2025-02-08,P019,Dove Soap 100g,Personal Care,37
2025-02-09,P019,Dove Soap 100g,Personal Care,31
2025-02-10,P019,Dove Soap 100g,Personal Care,23
2025-02-11,P019,Dove Soap 100g,Personal Care,40
2025-02-12,P019,Dove Soap 100g,Personal Care,33
2025-02-13,P019,Dove Soap 100g,Personal Care,34
2025-02-14,P019,Dove Soap 100g,Personal Care,34
2025-02-15,P019,Dove Soap 100g,Personal Care,40
2025-02-16,P019,Dove Soap 100g,Personal Care,23
2025-02-17,P019,Dove Soap 100g,Personal Care,43
2025-02-18,P019,Dove Soap 100g,Personal Care,44
2025-02-19,P019,Dove Soap 100g,Personal Care,33
2025-02-20,P019,Dove Soap 100g,Personal Care,42
2025-02-21,P019,Dove Soap 100g,Personal Care,30
2025-02-22,P019,Dove Soap 100g,Personal Care,24
2025-02-23,P019,Dove Soap 100g,Personal Care,37
2025-02-24,P019,Dove Soap 100g,Personal Care,28
2025-02-25,P019,Dove Soap 100g,Personal Care,47
2025-02-26,P019,Dove Soap 100g,Personal Care,40
2025-02-27,P019,Dove Soap 100g,Personal Care,29
2025-02-28,P019,Dove Soap 100g,Personal Care,24
2025-03-01,P019,Dove Soap 100g,Personal Care,25
2025-03-02,P019,Dove Soap 100g,Personal Care,32
2025-03-03,P019,Dove Soap 100g,Personal Care,25
2025-03-04,P019,Dove Soap 100g,Personal Care,45
2025-03-05,P019,Dove Soap 100g,Personal Care,38
2025-03-06,P019,Dove Soap 100g,Personal Care,29
2025-03-07,P019,Dove Soap 100g,Personal Care,35
2025-03-08,P019,Dove Soap 100g,Personal Care,30
2025-03-09,P019,Dove Soap 100g,Personal Care,38
2025-03-10,P019,Dove Soap 100g,Personal Care,23
2025-03-11,P019,Dove Soap 100g,Personal Care,45
2025-03-12,P019,Dove Soap 100g,Personal Care,41
2025-03-13,P019,Dove Soap 100g,Personal Care,27
2025-03-14,P019,Dove Soap 100g,Personal Care,37
2025-03-15,P019,Dove Soap 100g,Personal Care,35
2025-03-16,P019,Dove Soap 100g,Personal Care,33
2025-03-17,P019,Dove Soap 100g,Personal Care,33
2025-03-18,P019,Dove Soap 100g,Personal Care,37
2025-03-19,P019,Dove Soap 100g,Personal Care,35
2025-03-20,P019,Dove Soap 100g,Personal Care,39
2025-03-21,P019,Dove Soap 100g,Personal Care,36
2025-03-22,P019,Dove Soap 100g,Personal Care,35
2025-03-23,P019,Dove Soap 100g,Personal Care,29
2025-03-24,P019,Dove Soap 100g,Personal Care,46
2025-03-25,P019,Dove Soap 100g,Personal Care,37
2025-03-26,P019,Dove Soap 100g,Personal Care,39
2025-03-27,P019,Dove Soap 100g,Personal Care,42
2025-03-28,P019,Dove Soap 100g,Personal Care,31
2025-03-29,P019,Dove Soap 100g,Personal Care,41
2025-03-30,P019,Dove Soap 100g,Personal Care,34
2025-03-31,P019,Dove Soap 100g,Personal Care,32
2025-04-01,P019,Dove Soap 100g,Personal Care,40
2025-04-02,P019,Dove Soap 100g,Personal Care,37
2025-04-03,P019,Dove Soap 100g,Personal Care,35
2025-04-04,P019,Dove Soap 100g,Personal Care,39
2025-04-05,P019,Dove Soap 100g,Personal Care,34
2025-04-06,P019,Dove Soap 100g,Personal Care,33
2025-04-07,P019,Dove Soap 100g,Personal Care,29
2025-04-08,P019,Dove Soap 100g,Personal Care,47
2025-04-09,P019,Dove Soap 100g,Personal Care,46
2025-04-10,P019,Dove Soap 100g,Personal Care,33
2025-04-11,P019,Dove Soap 100g,Personal Care,30
2025-04-12,P019,Dove Soap 100g,Personal Care,32
2025-04-13,P019,Dove Soap 100g,Personal Care,26
2025-04-14,P019,Dove Soap 100g,Personal Care,26
2025-04-15,P019,Dove Soap 100g,Personal Care,39
2025-04-16,P019,Dove Soap 100g,Personal Care,36
2025-04-17,P019,Dove Soap 100g,Personal Care,29
2025-04-18,P019,Dove Soap 100g,Personal Care,29
2025-04-19,P019,Dove Soap 100g,Personal Care,31
2025-04-20,P019,Dove Soap 100g,Personal Care,31
2025-04-21,P019,Dove Soap 100g,Personal Care,17
2025-04-22,P019,Dove Soap 100g,Personal Care,43
2025-04-23,P019,Dove Soap 100g,Personal Care,42
2025-04-24,P019,Dove Soap 100g,Personal Care,37
2025-04-25,P019,Dove Soap 100g,Personal Care,30
2025-04-26,P019,Dove Soap 100g,Personal Care,38
2025-04-27,P019,Dove Soap 100g,Personal Care,31
2025-04-28,P019,Dove Soap 100g,Personal Care,37
2025-04-29,P019,Dove Soap 100g,Personal Care,36
2025-04-30,P019,Dove Soap 100g,Personal Care,48
2025-05-01,P019,Dove Soap 100g,Personal Care,39
2025-05-02,P019,Dove Soap 100g,Personal Care,43
2025-05-03,P019,Dove Soap 100g,Personal Care,29
2025-05-04,P019,Dove Soap 100g,Personal Care,35
2025-05-05,P019,Dove Soap 100g,Personal Care,27
2025-05-06,P019,Dove Soap 100g,Personal Care,30
2025-05-07,P019,Dove Soap 100g,Personal Care,45
2025-05-08,P019,Dove Soap 100g,Personal Care,31
2025-05-09,P019,Dove Soap 100g,Personal Care,24
2025-05-10,P019,Dove Soap 100g,Personal Care,33
2025-05-11,P019,Dove Soap 100g,Personal Care,37
2025-05-12,P019,Dove Soap 100g,Personal Care,35
2025-05-13,P019,Dove Soap 100g,Personal Care,49
2025-05-14,P019,Dove Soap 100g,Personal Care,38
2025-05-15,P019,Dove Soap 100g,Personal Care,38
2025-05-16,P019,Dove Soap 100g,Personal Care,30
2025-05-17,P019,Dove Soap 100g,Personal Care,39
2025-05-18,P019,Dove Soap 100g,Personal Care,24
2025-05-19,P019,Dove Soap 100g,Personal Care,36
2025-05-20,P019,Dove Soap 100g,Personal Care,43
2025-05-21,P019,Dove Soap 100g,Personal Care,44
2025-05-22,P019,Dove Soap 100g,Personal Care,30
2025-05-23,P019,Dove Soap 100g,Personal Care,34
2025-05-24,P019,Dove Soap 100g,Personal Care,31
2025-05-25,P019,Dove Soap 100g,Personal Care,29
2025-05-26,P019,Dove Soap 100g,Personal Care,43
2025-05-27,P019,Dove Soap 100g,Personal Care,42
2025-05-28,P019,Dove Soap 100g,Personal Care,33
2025-05-29,P019,Dove Soap 100g,Personal Care,28
2025-05-30,P019,Dove Soap 100g,Personal Care,40
2025-05-31,P019,Dove Soap 100g,Personal Care,27
2025-06-01,P019,Dove Soap 100g,Personal Care,35
2025-06-02,P019,Dove Soap 100g,Personal Care,31
2025-06-03,P019,Dove Soap 100g,Personal Care,33
2025-06-04,P019,Dove Soap 100g,Personal Care,44
2025-06-05,P019,Dove Soap 100g,Personal Care,30
2025-06-06,P019,Dove Soap 100g,Personal Care,41
2025-06-07,P019,Dove Soap 100g,Personal Care,38
2025-06-08,P019,Dove Soap 100g,Personal Care,39
2025-06-09,P019,Dove Soap 100g,Personal Care,41
2025-06-10,P019,Dove Soap 100g,Personal Care,46
2025-06-11,P019,Dove Soap 100g,Personal Care,34
2025-06-12,P019,Dove Soap 100g,Personal Care,31
2025-06-13,P019,Dove Soap 100g,Personal Care,36
2025-06-14,P019,Dove Soap 100g,Personal Care,30
2025-06-15,P019,Dove Soap 100g,Personal Care,32
2025-06-16,P019,Dove Soap 100g,Personal Care,39
2025-06-17,P019,Dove Soap 100g,Personal Care,48
2025-06-18,P019,Dove Soap 100g,Personal Care,36
2025-06-19,P019,Dove Soap 100g,Personal Care,36
2025-06-20,P019,Dove Soap 100g,Personal Care,35
2025-06-21,P019,Dove Soap 100g,Personal Care,26
2025-06-22,P019,Dove Soap 100g,Personal Care,30
2025-06-23,P019,Dove Soap 100g,Personal Care,36
2025-06-24,P019,Dove Soap 100g,Personal Care,50
2025-06-25,P019,Dove Soap 100g,Personal Care,69
2025-06-26,P019,Dove Soap 100g,Personal Care,35
2025-06-27,P019,Dove Soap 100g,Personal Care,39
2025-06-28,P019,Dove Soap 100g,Personal Care,43
2025-06-29,P019,Dove Soap 100g,Personal Care,33
2025-06-30,P019,Dove Soap 100g,Personal Care,23
2025-07-01,P019,Dove Soap 100g,Personal Care,47
2025-07-02,P019,Dove Soap 100g,Personal Care,43
2025-07-03,P019,Dove Soap 100g,Personal Care,27
2025-07-04,P019,Dove Soap 100g,Personal Care,36
2025-07-05,P019,Dove Soap 100g,Personal Care,43
2025-07-06,P019,Dove Soap 100g,Personal Care,33
2025-07-07,P019,Dove Soap 100g,Personal Care,26
2025-07-08,P019,Dove Soap 100g,Personal Care,50
2025-07-09,P019,Dove Soap 100g,Personal Care,42
2025-07-10,P019,Dove Soap 100g,Personal Care,36
2025-07-11,P019,Dove Soap 100g,Personal Care,33
2025-07-12,P019,Dove Soap 100g,Personal Care,35
2025-07-13,P019,Dove Soap 100g,Personal Care,36
2025-07-14,P019,Dove Soap 100g,Personal Care,40
2025-07-15,P019,Dove Soap 100g,Personal Care,43
2025-07-16,P019,Dove Soap 100g,Personal Care,38
2025-07-17,P019,Dove Soap 100g,Personal Care,33
2025-07-18,P019,Dove Soap 100g,Personal Care,37
2025-07-19,P019,Dove Soap 100g,Personal Care,28
2025-07-20,P019,Dove Soap 100g,Personal Care,26
2025-07-21,P019,Dove Soap 100g,Personal Care,43
2025-07-22,P019,Dove Soap 100g,Personal Care,52
2025-07-23,P019,Dove Soap 100g,Personal Care,42
2025-07-24,P019,Dove Soap 100g,Personal Care,36
2025-07-25,P019,Dove Soap 100g,Personal Care,35
2025-07-26,P019,Dove Soap 100g,Personal Care,20
2025-07-27,P019,Dove Soap 100g,Personal Care,34
2025-07-28,P019,Dove Soap 100g,Personal Care,44
2025-07-29,P019,Dove Soap 100g,Personal Care,35
2025-07-30,P019,Dove Soap 100g,Personal Care,35
2025-07-31,P019,Dove Soap 100g,Personal Care,28
2025-08-01,P019,Dove Soap 100g,Personal Care,30
2025-08-02,P019,Dove Soap 100g,Personal Care,36
2025-08-03,P019,Dove Soap 100g,Personal Care,40
2025-08-04,P019,Dove Soap 100g,Personal Care,43
2025-08-05,P019,Dove Soap 100g,Personal Care,46
2025-08-06,P019,Dove Soap 100g,Personal Care,33
2025-08-07,P019,Dove Soap 100g,Personal Care,23
2025-08-08,P019,Dove Soap 100g,Personal Care,37
2025-08-09,P019,Dove Soap 100g,Personal Care,23
2025-08-10,P019,Dove Soap 100g,Personal Care,36
2025-08-11,P019,Dove Soap 100g,Personal Care,37
2025-08-12,P019,Dove Soap 100g,Personal Care,40
2025-08-13,P019,Dove Soap 100g,Personal Care,28
2025-08-14,P019,Dove Soap 100g,Personal Care,34
2025-08-15,P019,Dove Soap 100g,Personal Care,35
2025-08-16,P019,Dove Soap 100g,Personal Care,29
2025-08-17,P019,Dove Soap 100g,Personal Care,26
2025-08-18,P019,Dove Soap 100g,Personal Care,38
2025-08-19,P019,Dove Soap 100g,Personal Care,34
2025-08-20,P019,Dove Soap 100g,Personal Care,46
2025-08-21,P019,Dove Soap 100g,Personal Care,39
2025-08-22,P019,Dove Soap 100g,Personal Care,21
2025-08-23,P019,Dove Soap 100g,Personal Care,30
2025-08-24,P019,Dove Soap 100g,Personal Care,32
2025-08-25,P019,Dove Soap 100g,Personal Care,36
2025-08-26,P019,Dove Soap 100g,Personal Care,37
2025-08-27,P019,Dove Soap 100g,Personal Care,35
2025-08-28,P019,Dove Soap 100g,Personal Care,30
2025-08-29,P019,Dove Soap 100g,Personal Care,36
2025-08-30,P019,Dove Soap 100g,Personal Care,36
2025-08-31,P019,Dove Soap 100g,Personal Care,36
2025-09-01,P019,Dove Soap 100g,Personal Care,43
2025-09-02,P019,Dove Soap 100g,Personal Care,37
2025-09-03,P019,Dove Soap 100g,Personal Care,40
2025-09-04,P019,Dove Soap 100g,Personal Care,32
2025-09-05,P019,Dove Soap 100g,Personal Care,16
2025-09-06,P019,Dove Soap 100g,Personal Care,34
2025-09-07,P019,Dove Soap 100g,Personal Care,33
2025-09-08,P019,Dove Soap 100g,Personal Care,29
2025-09-09,P019,Dove Soap 100g,Personal Care,48
2025-09-10,P019,Dove Soap 100g,Personal Care,47
2025-09-11,P019,Dove Soap 100g,Personal Care,35
2025-09-12,P019,Dove Soap 100g,Personal Care,23
2025-09-13,P019,Dove Soap 100g,Personal Care,27
2025-09-14,P019,Dove Soap 100g,Personal Care,35
2025-09-15,P019,Dove Soap 100g,Personal Care,33
2025-09-16,P019,Dove Soap 100g,Personal Care,41
2025-09-17,P019,Dove Soap 100g,Personal Care,36
2025-09-18,P019,Dove Soap 100g,Personal Care,34
2025-09-19,P019,Dove Soap 100g,Personal Care,42
2025-09-20,P019,Dove Soap 100g,Personal Care,35
2025-09-21,P019,Dove Soap 100g,Personal Care,38
2025-09-22,P019,Dove Soap 100g,Personal Care,41
2025-09-23,P019,Dove Soap 100g,Personal Care,41
2025-09-24,P019,Dove Soap 100g,Personal Care,42
2025-09-25,P019,Dove Soap 100g,Personal Care,41
2025-09-26,P019,Dove Soap 100g,Personal Care,37
2025-09-27,P019,Dove Soap 100g,Personal Care,38
2025-09-28,P019,Dove Soap 100g,Personal Care,34
2025-09-29,P019,Dove Soap 100g,Personal Care,34
2025-09-30,P019,Dove Soap 100g,Personal Care,41
2025-10-01,P019,Dove Soap 100g,Personal Care,51
2025-10-02,P019,Dove Soap 100g,Personal Care,33
2025-10-03,P019,Dove Soap 100g,Personal Care,40
2025-10-04,P019,Dove Soap 100g,Personal Care,41
2025-10-05,P019,Dove Soap 100g,Personal Care,38
2025-10-06,P019,Dove Soap 100g,Personal Care,41
2025-10-07,P019,Dove Soap 100g,Personal Care,53
2025-10-08,P019,Dove Soap 100g,Personal Care,38
2025-10-09,P019,Dove Soap 100g,Personal Care,31
2025-10-10,P019,Dove Soap 100g,Personal Care,26
2025-10-11,P019,Dove Soap 100g,Personal Care,24
2025-10-12,P019,Dove Soap 100g,Personal Care,33
2025-10-13,P019,Dove Soap 100g,Personal Care,38
2025-10-14,P019,Dove Soap 100g,Personal Care,46
2025-10-15,P019,Dove Soap 100g,Personal Care,39
2025-10-16,P019,Dove Soap 100g,Personal Care,31
2025-10-17,P019,Dove Soap 100g,Personal Care,38
2025-10-18,P019,Dove Soap 100g,Personal Care,25
2025-10-19,P019,Dove Soap 100g,Personal Care,33
2025-10-20,P019,Dove Soap 100g,Personal Care,44
2025-10-21,P019,Dove Soap 100g,Personal Care,42
2025-10-22,P019,Dove Soap 100g,Personal Care,41
2025-10-23,P019,Dove Soap 100g,Personal Care,40
2025-10-24,P019,Dove Soap 100g,Personal Care,25
2025-10-25,P019,Dove Soap 100g,Personal Care,28
2025-10-26,P019,Dove Soap 100g,Personal Care,29
2025-10-27,P019,Dove Soap 100g,Personal Care,40
2025-10-28,P019,Dove Soap 100g,Personal Care,34
2025-10-29,P019,Dove Soap 100g,Personal Care,93
2025-10-30,P019,Dove Soap 100g,Personal Care,33
2025-10-31,P019,Dove Soap 100g,Personal Care,39
2025-11-01,P019,Dove Soap 100g,Personal Care,40
2025-11-02,P019,Dove Soap 100g,Personal Care,29
2025-11-03,P019,Dove Soap 100g,Personal Care,37
2025-11-04,P019,Dove Soap 100g,Personal Care,42
2025-11-05,P019,Dove Soap 100g,Personal Care,43
2025-11-06,P019,Dove Soap 100g,Personal Care,30
2025-11-07,P019,Dove Soap 100g,Personal Care,40
2025-11-08,P019,Dove Soap 100g,Personal Care,32
2025-11-09,P019,Dove Soap 100g,Personal Care,31
2025-11-10,P019,Dove Soap 100g,Personal Care,43
2025-11-11,P019,Dove Soap 100g,Personal Care,48
2025-11-12,P019,Dove Soap 100g,Personal Care,45
2025-11-13,P019,Dove Soap 100g,Personal Care,31
2025-11-14,P019,Dove Soap 100g,Personal Care,42
2025-11-15,P019,Dove Soap 100g,Personal Care,27
2025-11-16,P019,Dove Soap 100g,Personal Care,39
2025-11-17,P019,Dove Soap 100g,Personal Care,40
2025-11-18,P019,Dove Soap 100g,Personal Care,36
2025-11-19,P019,Dove Soap 100g,Personal Care,44
2025-11-20,P019,Dove Soap 100g,Personal Care,26
2025-11-21,P019,Dove Soap 100g,Personal Care,31
2025-11-22,P019,Dove Soap 100g,Personal Care,35
2025-11-23,P019,Dove Soap 100g,Personal Care,27
2025-11-24,P019,Dove Soap 100g,Personal Care,23
2025-11-25,P019,Dove Soap 100g,Personal Care,43
2025-11-26,P019,Dove Soap 100g,Personal Care,45
2025-11-27,P019,Dove Soap 100g,Personal Care,31
2025-11-28,P019,Dove Soap 100g,Personal Care,33
2025-11-29,P019,Dove Soap 100g,Personal Care,32
2025-11-30,P019,Dove Soap 100g,Personal Care,27
2025-12-01,P019,Dove Soap 100g,Personal Care,48
2025-12-02,P019,Dove Soap 100g,Personal Care,45
2025-12-03,P019,Dove Soap 100g,Personal Care,41
2025-12-04,P019,Dove Soap 100g,Personal Care,29
2025-12-05,P019,Dove Soap 100g,Personal Care,31
2025-12-06,P019,Dove Soap 100g,Personal Care,31
2025-12-07,P019,Dove Soap 100g,Personal Care,34
2025-12-08,P019,Dove Soap 100g,Personal Care,43
2025-12-09,P019,Dove Soap 100g,Personal Care,39
2025-12-10,P019,Dove Soap 100g,Personal Care,45
2025-12-11,P019,Dove Soap 100g,Personal Care,38
2025-12-12,P019,Dove Soap 100g,Personal Care,30
2025-12-13,P019,Dove Soap 100g,Personal Care,30
2025-12-14,P019,Dove Soap 100g,Personal Care,25
2025-12-15,P019,Dove Soap 100g,Personal Care,47
2025-12-16,P019,Dove Soap 100g,Personal Care,47
2025-12-17,P019,Dove Soap 100g,Personal Care,40
2025-12-18,P019,Dove Soap 100g,Personal Care,30
2025-12-19,P019,Dove Soap 100g,Personal Care,28
2025-12-20,P019,Dove Soap 100g,Personal Care,34
2025-12-21,P019,Dove Soap 100g,Personal Care,32
2025-12-22,P019,Dove Soap 100g,Personal Care,32
2025-12-23,P019,Dove Soap 100g,Personal Care,39
2025-12-24,P019,Dove Soap 100g,Personal Care,48
2025-12-25,P019,Dove Soap 100g,Personal Care,31
2025-12-26,P019,Dove Soap 100g,Personal Care,26
2025-12-27,P019,Dove Soap 100g,Personal Care,34
2025-12-28,P019,Dove Soap 100g,Personal Care,30
2025-12-29,P019,Dove Soap 100g,Personal Care,41
2025-12-30,P019,Dove Soap 100g,Personal Care,53
2025-12-31,P019,Dove Soap 100g,Personal Care,33
2026-01-01,P019,Dove Soap 100g,Personal Care,30
2026-01-02,P019,Dove Soap 100g,Personal Care,34
2026-01-03,P019,Dove Soap 100g,Personal Care,33
2026-01-04,P019,Dove Soap 100g,Personal Care,41
2026-01-05,P019,Dove Soap 100g,Personal Care,37
2026-01-06,P019,Dove Soap 100g,Personal Care,45
2026-01-07,P019,Dove Soap 100g,Personal Care,46
2026-01-08,P019,Dove Soap 100g,Personal Care,30
2026-01-09,P019,Dove Soap 100g,Personal Care,37
2026-01-10,P019,Dove Soap 100g,Personal Care,36
2026-01-11,P019,Dove Soap 100g,Personal Care,34
2026-01-12,P019,Dove Soap 100g,Personal Care,26
2026-01-13,P019,Dove Soap 100g,Personal Care,40
2026-01-14,P019,Dove Soap 100g,Personal Care,45
2026-01-15,P019,Dove Soap 100g,Personal Care,33
2026-01-16,P019,Dove Soap 100g,Personal Care,38
2026-01-17,P019,Dove Soap 100g,Personal Care,38
2026-01-18,P019,Dove Soap 100g,Personal Care,36
2026-01-19,P019,Dove Soap 100g,Personal Care,42
2026-01-20,P019,Dove Soap 100g,Personal Care,47
2026-01-21,P019,Dove Soap 100g,Personal Care,41
2026-01-22,P019,Dove Soap 100g,Personal Care,34
2026-01-23,P019,Dove Soap 100g,Personal Care,27
2026-01-24,P019,Dove Soap 100g,Personal Care,42
2026-01-25,P019,Dove Soap 100g,Personal Care,27
2026-01-26,P019,Dove Soap 100g,Personal Care,25
2026-01-27,P019,Dove Soap 100g,Personal Care,56
2026-01-28,P019,Dove Soap 100g,Personal Care,44
2026-01-29,P019,Dove Soap 100g,Personal Care,39
2026-01-30,P019,Dove Soap 100g,Personal Care,38
2026-01-31,P019,Dove Soap 100g,Personal Care,40
2026-02-01,P019,Dove Soap 100g,Personal Care,37
2026-02-02,P019,Dove Soap 100g,Personal Care,41
2026-02-03,P019,Dove Soap 100g,Personal Care,31
2026-02-04,P019,Dove Soap 100g,Personal Care,39
2026-02-05,P019,Dove Soap 100g,Personal Care,19
2026-02-06,P019,Dove Soap 100g,Personal Care,29
2026-02-07,P019,Dove Soap 100g,Personal Care,31
2026-02-08,P019,Dove Soap 100g,Personal Care,33
2026-02-09,P019,Dove Soap 100g,Personal Care,32
2026-02-10,P019,Dove Soap 100g,Personal Care,42
2026-02-11,P019,Dove Soap 100g,Personal Care,41
2026-02-12,P019,Dove Soap 100g,Personal Care,36
2026-02-13,P019,Dove Soap 100g,Personal Care,38
2026-02-14,P019,Dove Soap 100g,Personal Care,35
2026-02-15,P019,Dove Soap 100g,Personal Care,38
2026-02-16,P019,Dove Soap 100g,Personal Care,39
2026-02-17,P019,Dove Soap 100g,Personal Care,51
2026-02-18,P019,Dove Soap 100g,Personal Care,55
2026-02-19,P019,Dove Soap 100g,Personal Care,20
2026-02-20,P019,Dove Soap 100g,Personal Care,41
2026-02-21,P019,Dove Soap 100g,Personal Care,27
2026-02-22,P019,Dove Soap 100g,Personal Care,35
2026-02-23,P019,Dove Soap 100g,Personal Care,39
2026-02-24,P019,Dove Soap 100g,Personal Care,48
2026-02-25,P019,Dove Soap 100g,Personal Care,44
2026-02-26,P019,Dove Soap 100g,Personal Care,34
2026-02-27,P019,Dove Soap 100g,Personal Care,36
2026-02-28,P019,Dove Soap 100g,Personal Care,32
2026-03-01,P019,Dove Soap 100g,Personal Care,23
2026-03-02,P019,Dove Soap 100g,Personal Care,38
2026-03-03,P019,Dove Soap 100g,Personal Care,40
2026-03-04,P019,Dove Soap 100g,Personal Care,40
2026-03-05,P019,Dove Soap 100g,Personal Care,29
2026-03-06,P019,Dove Soap 100g,Personal Care,23
2026-03-07,P019,Dove Soap 100g,Personal Care,32
2026-03-08,P019,Dove Soap 100g,Personal Care,34
2026-03-09,P019,Dove Soap 100g,Personal Care,42
2026-03-10,P019,Dove Soap 100g,Personal Care,41
2026-03-11,P019,Dove Soap 100g,Personal Care,54
2026-03-12,P019,Dove Soap 100g,Personal Care,38
2026-03-13,P019,Dove Soap 100g,Personal Care,28
2026-03-14,P019,Dove Soap 100g,Personal Care,31
2026-03-15,P019,Dove Soap 100g,Personal Care,46
2026-03-16,P019,Dove Soap 100g,Personal Care,42
2026-03-17,P019,Dove Soap 100g,Personal Care,42
2026-03-18,P019,Dove Soap 100g,Personal Care,50
2026-03-19,P019,Dove Soap 100g,Personal Care,27
2026-03-20,P019,Dove Soap 100g,Personal Care,31
2026-03-21,P019,Dove Soap 100g,Personal Care,21
2026-03-22,P019,Dove Soap 100g,Personal Care,38
2026-03-23,P019,Dove Soap 100g,Personal Care,31
2026-03-24,P019,Dove Soap 100g,Personal Care,44
2026-03-25,P019,Dove Soap 100g,Personal Care,36
2026-03-26,P019,Dove Soap 100g,Personal Care,35
2026-03-27,P019,Dove Soap 100g,Personal Care,34
2026-03-28,P019,Dove Soap 100g,Personal Care,26
2024-03-28,P020,Band-Aid (Pack of 100),Pharmacy,5
2024-03-29,P020,Band-Aid (Pack of 100),Pharmacy,6
2024-03-30,P020,Band-Aid (Pack of 100),Pharmacy,8
2024-03-31,P020,Band-Aid (Pack of 100),Pharmacy,6
2024-04-01,P020,Band-Aid (Pack of 100),Pharmacy,7
2024-04-02,P020,Band-Aid (Pack of 100),Pharmacy,6
2024-04-03,P020,Band-Aid (Pack of 100),Pharmacy,10
2024-04-04,P020,Band-Aid (Pack of 100),Pharmacy,5
2024-04-05,P020,Band-Aid (Pack of 100),Pharmacy,2
2024-04-06,P020,Band-Aid (Pack of 100),Pharmacy,3
2024-04-07,P020,Band-Aid (Pack of 100),Pharmacy,6
2024-04-08,P020,Band-Aid (Pack of 100),Pharmacy,5
2024-04-09,P020,Band-Aid (Pack of 100),Pharmacy,7
2024-04-10,P020,Band-Aid (Pack of 100),Pharmacy,6
2024-04-11,P020,Band-Aid (Pack of 100),Pharmacy,6
2024-04-12,P020,Band-Aid (Pack of 100),Pharmacy,6
2024-04-13,P020,Band-Aid (Pack of 100),Pharmacy,6
2024-04-14,P020,Band-Aid (Pack of 100),Pharmacy,5
2024-04-15,P020,Band-Aid (Pack of 100),Pharmacy,7
2024-04-16,P020,Band-Aid (Pack of 100),Pharmacy,7
2024-04-17,P020,Band-Aid (Pack of 100),Pharmacy,7
2024-04-18,P020,Band-Aid (Pack of 100),Pharmacy,5
2024-04-19,P020,Band-Aid (Pack of 100),Pharmacy,5
2024-04-20,P020,Band-Aid (Pack of 100),Pharmacy,8
2024-04-21,P020,Band-Aid (Pack of 100),Pharmacy,6
2024-04-22,P020,Band-Aid (Pack of 100),Pharmacy,5
2024-04-23,P020,Band-Aid (Pack of 100),Pharmacy,6
2024-04-24,P020,Band-Aid (Pack of 100),Pharmacy,7
2024-04-25,P020,Band-Aid (Pack of 100),Pharmacy,5
2024-04-26,P020,Band-Aid (Pack of 100),Pharmacy,7
2024-04-27,P020,Band-Aid (Pack of 100),Pharmacy,4
2024-04-28,P020,Band-Aid (Pack of 100),Pharmacy,5
2024-04-29,P020,Band-Aid (Pack of 100),Pharmacy,7
2024-04-30,P020,Band-Aid (Pack of 100),Pharmacy,7
2024-05-01,P020,Band-Aid (Pack of 100),Pharmacy,8
2024-05-02,P020,Band-Aid (Pack of 100),Pharmacy,6
2024-05-03,P020,Band-Aid (Pack of 100),Pharmacy,6
2024-05-04,P020,Band-Aid (Pack of 100),Pharmacy,6
2024-05-05,P020,Band-Aid (Pack of 100),Pharmacy,3
2024-05-06,P020,Band-Aid (Pack of 100),Pharmacy,8
2024-05-07,P020,Band-Aid (Pack of 100),Pharmacy,5
2024-05-08,P020,Band-Aid (Pack of 100),Pharmacy,9
2024-05-09,P020,Band-Aid (Pack of 100),Pharmacy,6
2024-05-10,P020,Band-Aid (Pack of 100),Pharmacy,6
2024-05-11,P020,Band-Aid (Pack of 100),Pharmacy,8
2024-05-12,P020,Band-Aid (Pack of 100),Pharmacy,7
2024-05-13,P020,Band-Aid (Pack of 100),Pharmacy,7
2024-05-14,P020,Band-Aid (Pack of 100),Pharmacy,7
2024-05-15,P020,Band-Aid (Pack of 100),Pharmacy,7
2024-05-16,P020,Band-Aid (Pack of 100),Pharmacy,7
2024-05-17,P020,Band-Aid (Pack of 100),Pharmacy,6
2024-05-18,P020,Band-Aid (Pack of 100),Pharmacy,6
2024-05-19,P020,Band-Aid (Pack of 100),Pharmacy,6
2024-05-20,P020,Band-Aid (Pack of 100),Pharmacy,6
2024-05-21,P020,Band-Aid (Pack of 100),Pharmacy,6
2024-05-22,P020,Band-Aid (Pack of 100),Pharmacy,8
2024-05-23,P020,Band-Aid (Pack of 100),Pharmacy,5
2024-05-24,P020,Band-Aid (Pack of 100),Pharmacy,5
2024-05-25,P020,Band-Aid (Pack of 100),Pharmacy,52
2024-05-26,P020,Band-Aid (Pack of 100),Pharmacy,6
2024-05-27,P020,Band-Aid (Pack of 100),Pharmacy,5
2024-05-28,P020,Band-Aid (Pack of 100),Pharmacy,7
2024-05-29,P020,Band-Aid (Pack of 100),Pharmacy,8
2024-05-30,P020,Band-Aid (Pack of 100),Pharmacy,6
2024-05-31,P020,Band-Aid (Pack of 100),Pharmacy,5
2024-06-01,P020,Band-Aid (Pack of 100),Pharmacy,5
2024-06-02,P020,Band-Aid (Pack of 100),Pharmacy,5
2024-06-03,P020,Band-Aid (Pack of 100),Pharmacy,8
2024-06-04,P020,Band-Aid (Pack of 100),Pharmacy,8
2024-06-05,P020,Band-Aid (Pack of 100),Pharmacy,7
2024-06-06,P020,Band-Aid (Pack of 100),Pharmacy,5
2024-06-07,P020,Band-Aid (Pack of 100),Pharmacy,6
2024-06-08,P020,Band-Aid (Pack of 100),Pharmacy,6
2024-06-09,P020,Band-Aid (Pack of 100),Pharmacy,6
2024-06-10,P020,Band-Aid (Pack of 100),Pharmacy,4
2024-06-11,P020,Band-Aid (Pack of 100),Pharmacy,7
2024-06-12,P020,Band-Aid (Pack of 100),Pharmacy,7
2024-06-13,P020,Band-Aid (Pack of 100),Pharmacy,8
2024-06-14,P020,Band-Aid (Pack of 100),Pharmacy,9
2024-06-15,P020,Band-Aid (Pack of 100),Pharmacy,6
2024-06-16,P020,Band-Aid (Pack of 100),Pharmacy,5
2024-06-17,P020,Band-Aid (Pack of 100),Pharmacy,7
2024-06-18,P020,Band-Aid (Pack of 100),Pharmacy,5
2024-06-19,P020,Band-Aid (Pack of 100),Pharmacy,7
2024-06-20,P020,Band-Aid (Pack of 100),Pharmacy,4
2024-06-21,P020,Band-Aid (Pack of 100),Pharmacy,6
2024-06-22,P020,Band-Aid (Pack of 100),Pharmacy,4
2024-06-23,P020,Band-Aid (Pack of 100),Pharmacy,5
2024-06-24,P020,Band-Aid (Pack of 100),Pharmacy,6
2024-06-25,P020,Band-Aid (Pack of 100),Pharmacy,7
2024-06-26,P020,Band-Aid (Pack of 100),Pharmacy,7
2024-06-27,P020,Band-Aid (Pack of 100),Pharmacy,6
2024-06-28,P020,Band-Aid (Pack of 100),Pharmacy,4
2024-06-29,P020,Band-Aid (Pack of 100),Pharmacy,8
2024-06-30,P020,Band-Aid (Pack of 100),Pharmacy,4
2024-07-01,P020,Band-Aid (Pack of 100),Pharmacy,6
2024-07-02,P020,Band-Aid (Pack of 100),Pharmacy,8
2024-07-03,P020,Band-Aid (Pack of 100),Pharmacy,8
2024-07-04,P020,Band-Aid (Pack of 100),Pharmacy,7
2024-07-05,P020,Band-Aid (Pack of 100),Pharmacy,4
2024-07-06,P020,Band-Aid (Pack of 100),Pharmacy,5
2024-07-07,P020,Band-Aid (Pack of 100),Pharmacy,6
2024-07-08,P020,Band-Aid (Pack of 100),Pharmacy,7
2024-07-09,P020,Band-Aid (Pack of 100),Pharmacy,9
2024-07-10,P020,Band-Aid (Pack of 100),Pharmacy,7
2024-07-11,P020,Band-Aid (Pack of 100),Pharmacy,5
2024-07-12,P020,Band-Aid (Pack of 100),Pharmacy,25
2024-07-13,P020,Band-Aid (Pack of 100),Pharmacy,8
2024-07-14,P020,Band-Aid (Pack of 100),Pharmacy,7
2024-07-15,P020,Band-Aid (Pack of 100),Pharmacy,6
2024-07-16,P020,Band-Aid (Pack of 100),Pharmacy,9
2024-07-17,P020,Band-Aid (Pack of 100),Pharmacy,7
2024-07-18,P020,Band-Aid (Pack of 100),Pharmacy,7
2024-07-19,P020,Band-Aid (Pack of 100),Pharmacy,4
2024-07-20,P020,Band-Aid (Pack of 100),Pharmacy,6
2024-07-21,P020,Band-Aid (Pack of 100),Pharmacy,7
2024-07-22,P020,Band-Aid (Pack of 100),Pharmacy,6
2024-07-23,P020,Band-Aid (Pack of 100),Pharmacy,8
2024-07-24,P020,Band-Aid (Pack of 100),Pharmacy,7
2024-07-25,P020,Band-Aid (Pack of 100),Pharmacy,6
2024-07-26,P020,Band-Aid (Pack of 100),Pharmacy,5
2024-07-27,P020,Band-Aid (Pack of 100),Pharmacy,7
2024-07-28,P020,Band-Aid (Pack of 100),Pharmacy,4
2024-07-29,P020,Band-Aid (Pack of 100),Pharmacy,5
2024-07-30,P020,Band-Aid (Pack of 100),Pharmacy,9
2024-07-31,P020,Band-Aid (Pack of 100),Pharmacy,5
2024-08-01,P020,Band-Aid (Pack of 100),Pharmacy,38
2024-08-02,P020,Band-Aid (Pack of 100),Pharmacy,6
2024-08-03,P020,Band-Aid (Pack of 100),Pharmacy,6
2024-08-04,P020,Band-Aid (Pack of 100),Pharmacy,5
2024-08-05,P020,Band-Aid (Pack of 100),Pharmacy,5
2024-08-06,P020,Band-Aid (Pack of 100),Pharmacy,9
2024-08-07,P020,Band-Aid (Pack of 100),Pharmacy,9
2024-08-08,P020,Band-Aid (Pack of 100),Pharmacy,5
2024-08-09,P020,Band-Aid (Pack of 100),Pharmacy,4
2024-08-10,P020,Band-Aid (Pack of 100),Pharmacy,6
2024-08-11,P020,Band-Aid (Pack of 100),Pharmacy,6
2024-08-12,P020,Band-Aid (Pack of 100),Pharmacy,6
2024-08-13,P020,Band-Aid (Pack of 100),Pharmacy,5
2024-08-14,P020,Band-Aid (Pack of 100),Pharmacy,7
2024-08-15,P020,Band-Aid (Pack of 100),Pharmacy,7
2024-08-16,P020,Band-Aid (Pack of 100),Pharmacy,7
2024-08-17,P020,Band-Aid (Pack of 100),Pharmacy,6
2024-08-18,P020,Band-Aid (Pack of 100),Pharmacy,5
2024-08-19,P020,Band-Aid (Pack of 100),Pharmacy,7
2024-08-20,P020,Band-Aid (Pack of 100),Pharmacy,6
2024-08-21,P020,Band-Aid (Pack of 100),Pharmacy,6
2024-08-22,P020,Band-Aid (Pack of 100),Pharmacy,6
2024-08-23,P020,Band-Aid (Pack of 100),Pharmacy,8
2024-08-24,P020,Band-Aid (Pack of 100),Pharmacy,8
2024-08-25,P020,Band-Aid (Pack of 100),Pharmacy,4
2024-08-26,P020,Band-Aid (Pack of 100),Pharmacy,6
2024-08-27,P020,Band-Aid (Pack of 100),Pharmacy,11
2024-08-28,P020,Band-Aid (Pack of 100),Pharmacy,7
2024-08-29,P020,Band-Aid (Pack of 100),Pharmacy,8
2024-08-30,P020,Band-Aid (Pack of 100),Pharmacy,7
2024-08-31,P020,Band-Aid (Pack of 100),Pharmacy,7
2024-09-01,P020,Band-Aid (Pack of 100),Pharmacy,5
2024-09-02,P020,Band-Aid (Pack of 100),Pharmacy,6
2024-09-03,P020,Band-Aid (Pack of 100),Pharmacy,7
2024-09-04,P020,Band-Aid (Pack of 100),Pharmacy,9
2024-09-05,P020,Band-Aid (Pack of 100),Pharmacy,4
2024-09-06,P020,Band-Aid (Pack of 100),Pharmacy,6
2024-09-07,P020,Band-Aid (Pack of 100),Pharmacy,8
2024-09-08,P020,Band-Aid (Pack of 100),Pharmacy,6
2024-09-09,P020,Band-Aid (Pack of 100),Pharmacy,8
2024-09-10,P020,Band-Aid (Pack of 100),Pharmacy,6
2024-09-11,P020,Band-Aid (Pack of 100),Pharmacy,6
2024-09-12,P020,Band-Aid (Pack of 100),Pharmacy,7
2024-09-13,P020,Band-Aid (Pack of 100),Pharmacy,6
2024-09-14,P020,Band-Aid (Pack of 100),Pharmacy,5
2024-09-15,P020,Band-Aid (Pack of 100),Pharmacy,7
2024-09-16,P020,Band-Aid (Pack of 100),Pharmacy,6
2024-09-17,P020,Band-Aid (Pack of 100),Pharmacy,11
2024-09-18,P020,Band-Aid (Pack of 100),Pharmacy,8
2024-09-19,P020,Band-Aid (Pack of 100),Pharmacy,5
2024-09-20,P020,Band-Aid (Pack of 100),Pharmacy,7
2024-09-21,P020,Band-Aid (Pack of 100),Pharmacy,8
2024-09-22,P020,Band-Aid (Pack of 100),Pharmacy,6
2024-09-23,P020,Band-Aid (Pack of 100),Pharmacy,6
2024-09-24,P020,Band-Aid (Pack of 100),Pharmacy,8
2024-09-25,P020,Band-Aid (Pack of 100),Pharmacy,7
2024-09-26,P020,Band-Aid (Pack of 100),Pharmacy,5
2024-09-27,P020,Band-Aid (Pack of 100),Pharmacy,4
2024-09-28,P020,Band-Aid (Pack of 100),Pharmacy,7
2024-09-29,P020,Band-Aid (Pack of 100),Pharmacy,4
2024-09-30,P020,Band-Aid (Pack of 100),Pharmacy,7
2024-10-01,P020,Band-Aid (Pack of 100),Pharmacy,7
2024-10-02,P020,Band-Aid (Pack of 100),Pharmacy,8
2024-10-03,P020,Band-Aid (Pack of 100),Pharmacy,5
2024-10-04,P020,Band-Aid (Pack of 100),Pharmacy,6
2024-10-05,P020,Band-Aid (Pack of 100),Pharmacy,6
2024-10-06,P020,Band-Aid (Pack of 100),Pharmacy,5
2024-10-07,P020,Band-Aid (Pack of 100),Pharmacy,4
2024-10-08,P020,Band-Aid (Pack of 100),Pharmacy,8
2024-10-09,P020,Band-Aid (Pack of 100),Pharmacy,8
2024-10-10,P020,Band-Aid (Pack of 100),Pharmacy,4
2024-10-11,P020,Band-Aid (Pack of 100),Pharmacy,5
2024-10-12,P020,Band-Aid (Pack of 100),Pharmacy,5
2024-10-13,P020,Band-Aid (Pack of 100),Pharmacy,3
2024-10-14,P020,Band-Aid (Pack of 100),Pharmacy,7
2024-10-15,P020,Band-Aid (Pack of 100),Pharmacy,7
2024-10-16,P020,Band-Aid (Pack of 100),Pharmacy,8
2024-10-17,P020,Band-Aid (Pack of 100),Pharmacy,5
2024-10-18,P020,Band-Aid (Pack of 100),Pharmacy,8
2024-10-19,P020,Band-Aid (Pack of 100),Pharmacy,4
2024-10-20,P020,Band-Aid (Pack of 100),Pharmacy,5
2024-10-21,P020,Band-Aid (Pack of 100),Pharmacy,8
2024-10-22,P020,Band-Aid (Pack of 100),Pharmacy,6
2024-10-23,P020,Band-Aid (Pack of 100),Pharmacy,8
2024-10-24,P020,Band-Aid (Pack of 100),Pharmacy,7
2024-10-25,P020,Band-Aid (Pack of 100),Pharmacy,4
2024-10-26,P020,Band-Aid (Pack of 100),Pharmacy,5
2024-10-27,P020,Band-Aid (Pack of 100),Pharmacy,6
2024-10-28,P020,Band-Aid (Pack of 100),Pharmacy,7
2024-10-29,P020,Band-Aid (Pack of 100),Pharmacy,7
2024-10-30,P020,Band-Aid (Pack of 100),Pharmacy,10
2024-10-31,P020,Band-Aid (Pack of 100),Pharmacy,6
2024-11-01,P020,Band-Aid (Pack of 100),Pharmacy,7
2024-11-02,P020,Band-Aid (Pack of 100),Pharmacy,7
2024-11-03,P020,Band-Aid (Pack of 100),Pharmacy,4
2024-11-04,P020,Band-Aid (Pack of 100),Pharmacy,6
2024-11-05,P020,Band-Aid (Pack of 100),Pharmacy,8
2024-11-06,P020,Band-Aid (Pack of 100),Pharmacy,7
2024-11-07,P020,Band-Aid (Pack of 100),Pharmacy,6
2024-11-08,P020,Band-Aid (Pack of 100),Pharmacy,3
2024-11-09,P020,Band-Aid (Pack of 100),Pharmacy,6
2024-11-10,P020,Band-Aid (Pack of 100),Pharmacy,6
2024-11-11,P020,Band-Aid (Pack of 100),Pharmacy,4
2024-11-12,P020,Band-Aid (Pack of 100),Pharmacy,8
2024-11-13,P020,Band-Aid (Pack of 100),Pharmacy,6
2024-11-14,P020,Band-Aid (Pack of 100),Pharmacy,5
2024-11-15,P020,Band-Aid (Pack of 100),Pharmacy,6
2024-11-16,P020,Band-Aid (Pack of 100),Pharmacy,4
2024-11-17,P020,Band-Aid (Pack of 100),Pharmacy,4
2024-11-18,P020,Band-Aid (Pack of 100),Pharmacy,7
2024-11-19,P020,Band-Aid (Pack of 100),Pharmacy,7
2024-11-20,P020,Band-Aid (Pack of 100),Pharmacy,7
2024-11-21,P020,Band-Aid (Pack of 100),Pharmacy,6
2024-11-22,P020,Band-Aid (Pack of 100),Pharmacy,4
2024-11-23,P020,Band-Aid (Pack of 100),Pharmacy,5
2024-11-24,P020,Band-Aid (Pack of 100),Pharmacy,6
2024-11-25,P020,Band-Aid (Pack of 100),Pharmacy,9
2024-11-26,P020,Band-Aid (Pack of 100),Pharmacy,7
2024-11-27,P020,Band-Aid (Pack of 100),Pharmacy,9
2024-11-28,P020,Band-Aid (Pack of 100),Pharmacy,6
2024-11-29,P020,Band-Aid (Pack of 100),Pharmacy,5
2024-11-30,P020,Band-Aid (Pack of 100),Pharmacy,5
2024-12-01,P020,Band-Aid (Pack of 100),Pharmacy,7
2024-12-02,P020,Band-Aid (Pack of 100),Pharmacy,7
2024-12-03,P020,Band-Aid (Pack of 100),Pharmacy,7
2024-12-04,P020,Band-Aid (Pack of 100),Pharmacy,8
2024-12-05,P020,Band-Aid (Pack of 100),Pharmacy,5
2024-12-06,P020,Band-Aid (Pack of 100),Pharmacy,6
2024-12-07,P020,Band-Aid (Pack of 100),Pharmacy,5
2024-12-08,P020,Band-Aid (Pack of 100),Pharmacy,7
2024-12-09,P020,Band-Aid (Pack of 100),Pharmacy,7
2024-12-10,P020,Band-Aid (Pack of 100),Pharmacy,7
2024-12-11,P020,Band-Aid (Pack of 100),Pharmacy,48
2024-12-12,P020,Band-Aid (Pack of 100),Pharmacy,6
2024-12-13,P020,Band-Aid (Pack of 100),Pharmacy,6
2024-12-14,P020,Band-Aid (Pack of 100),Pharmacy,6
2024-12-15,P020,Band-Aid (Pack of 100),Pharmacy,6
2024-12-16,P020,Band-Aid (Pack of 100),Pharmacy,8
2024-12-17,P020,Band-Aid (Pack of 100),Pharmacy,7
2024-12-18,P020,Band-Aid (Pack of 100),Pharmacy,8
2024-12-19,P020,Band-Aid (Pack of 100),Pharmacy,9
2024-12-20,P020,Band-Aid (Pack of 100),Pharmacy,5
2024-12-21,P020,Band-Aid (Pack of 100),Pharmacy,6
2024-12-22,P020,Band-Aid (Pack of 100),Pharmacy,6
2024-12-23,P020,Band-Aid (Pack of 100),Pharmacy,7
2024-12-24,P020,Band-Aid (Pack of 100),Pharmacy,8
2024-12-25,P020,Band-Aid (Pack of 100),Pharmacy,7
2024-12-26,P020,Band-Aid (Pack of 100),Pharmacy,6
2024-12-27,P020,Band-Aid (Pack of 100),Pharmacy,4
2024-12-28,P020,Band-Aid (Pack of 100),Pharmacy,8
2024-12-29,P020,Band-Aid (Pack of 100),Pharmacy,8
2024-12-30,P020,Band-Aid (Pack of 100),Pharmacy,6
2024-12-31,P020,Band-Aid (Pack of 100),Pharmacy,9
2025-01-01,P020,Band-Aid (Pack of 100),Pharmacy,8
2025-01-02,P020,Band-Aid (Pack of 100),Pharmacy,6
2025-01-03,P020,Band-Aid (Pack of 100),Pharmacy,5
2025-01-04,P020,Band-Aid (Pack of 100),Pharmacy,7
2025-01-05,P020,Band-Aid (Pack of 100),Pharmacy,5
2025-01-06,P020,Band-Aid (Pack of 100),Pharmacy,8
2025-01-07,P020,Band-Aid (Pack of 100),Pharmacy,8
2025-01-08,P020,Band-Aid (Pack of 100),Pharmacy,8
2025-01-09,P020,Band-Aid (Pack of 100),Pharmacy,4
2025-01-10,P020,Band-Aid (Pack of 100),Pharmacy,6
2025-01-11,P020,Band-Aid (Pack of 100),Pharmacy,5
2025-01-12,P020,Band-Aid (Pack of 100),Pharmacy,6
2025-01-13,P020,Band-Aid (Pack of 100),Pharmacy,9
2025-01-14,P020,Band-Aid (Pack of 100),Pharmacy,6
2025-01-15,P020,Band-Aid (Pack of 100),Pharmacy,8
2025-01-16,P020,Band-Aid (Pack of 100),Pharmacy,5
2025-01-17,P020,Band-Aid (Pack of 100),Pharmacy,5
2025-01-18,P020,Band-Aid (Pack of 100),Pharmacy,5
2025-01-19,P020,Band-Aid (Pack of 100),Pharmacy,8
2025-01-20,P020,Band-Aid (Pack of 100),Pharmacy,9
2025-01-21,P020,Band-Aid (Pack of 100),Pharmacy,7
2025-01-22,P020,Band-Aid (Pack of 100),Pharmacy,8
2025-01-23,P020,Band-Aid (Pack of 100),Pharmacy,5
2025-01-24,P020,Band-Aid (Pack of 100),Pharmacy,5
2025-01-25,P020,Band-Aid (Pack of 100),Pharmacy,4
2025-01-26,P020,Band-Aid (Pack of 100),Pharmacy,9
2025-01-27,P020,Band-Aid (Pack of 100),Pharmacy,8
2025-01-28,P020,Band-Aid (Pack of 100),Pharmacy,7
2025-01-29,P020,Band-Aid (Pack of 100),Pharmacy,8
2025-01-30,P020,Band-Aid (Pack of 100),Pharmacy,6
2025-01-31,P020,Band-Aid (Pack of 100),Pharmacy,7
2025-02-01,P020,Band-Aid (Pack of 100),Pharmacy,6
2025-02-02,P020,Band-Aid (Pack of 100),Pharmacy,6
2025-02-03,P020,Band-Aid (Pack of 100),Pharmacy,6
2025-02-04,P020,Band-Aid (Pack of 100),Pharmacy,9
2025-02-05,P020,Band-Aid (Pack of 100),Pharmacy,11
2025-02-06,P020,Band-Aid (Pack of 100),Pharmacy,6
2025-02-07,P020,Band-Aid (Pack of 100),Pharmacy,6
2025-02-08,P020,Band-Aid (Pack of 100),Pharmacy,6
2025-02-09,P020,Band-Aid (Pack of 100),Pharmacy,6
2025-02-10,P020,Band-Aid (Pack of 100),Pharmacy,6
2025-02-11,P020,Band-Aid (Pack of 100),Pharmacy,50
2025-02-12,P020,Band-Aid (Pack of 100),Pharmacy,8
2025-02-13,P020,Band-Aid (Pack of 100),Pharmacy,4
2025-02-14,P020,Band-Aid (Pack of 100),Pharmacy,5
2025-02-15,P020,Band-Aid (Pack of 100),Pharmacy,4
2025-02-16,P020,Band-Aid (Pack of 100),Pharmacy,5
2025-02-17,P020,Band-Aid (Pack of 100),Pharmacy,6
2025-02-18,P020,Band-Aid (Pack of 100),Pharmacy,9
2025-02-19,P020,Band-Aid (Pack of 100),Pharmacy,7
2025-02-20,P020,Band-Aid (Pack of 100),Pharmacy,6
2025-02-21,P020,Band-Aid (Pack of 100),Pharmacy,3
2025-02-22,P020,Band-Aid (Pack of 100),Pharmacy,7
2025-02-23,P020,Band-Aid (Pack of 100),Pharmacy,5
2025-02-24,P020,Band-Aid (Pack of 100),Pharmacy,6
2025-02-25,P020,Band-Aid (Pack of 100),Pharmacy,9
2025-02-26,P020,Band-Aid (Pack of 100),Pharmacy,9
2025-02-27,P020,Band-Aid (Pack of 100),Pharmacy,5
2025-02-28,P020,Band-Aid (Pack of 100),Pharmacy,7
2025-03-01,P020,Band-Aid (Pack of 100),Pharmacy,5
2025-03-02,P020,Band-Aid (Pack of 100),Pharmacy,6
2025-03-03,P020,Band-Aid (Pack of 100),Pharmacy,6
2025-03-04,P020,Band-Aid (Pack of 100),Pharmacy,7
2025-03-05,P020,Band-Aid (Pack of 100),Pharmacy,8
2025-03-06,P020,Band-Aid (Pack of 100),Pharmacy,5
2025-03-07,P020,Band-Aid (Pack of 100),Pharmacy,8
2025-03-08,P020,Band-Aid (Pack of 100),Pharmacy,5
2025-03-09,P020,Band-Aid (Pack of 100),Pharmacy,5
2025-03-10,P020,Band-Aid (Pack of 100),Pharmacy,6
2025-03-11,P020,Band-Aid (Pack of 100),Pharmacy,8
2025-03-12,P020,Band-Aid (Pack of 100),Pharmacy,8
2025-03-13,P020,Band-Aid (Pack of 100),Pharmacy,6
2025-03-14,P020,Band-Aid (Pack of 100),Pharmacy,7
2025-03-15,P020,Band-Aid (Pack of 100),Pharmacy,4
2025-03-16,P020,Band-Aid (Pack of 100),Pharmacy,7
2025-03-17,P020,Band-Aid (Pack of 100),Pharmacy,6
2025-03-18,P020,Band-Aid (Pack of 100),Pharmacy,9
2025-03-19,P020,Band-Aid (Pack of 100),Pharmacy,10
2025-03-20,P020,Band-Aid (Pack of 100),Pharmacy,5
2025-03-21,P020,Band-Aid (Pack of 100),Pharmacy,5
2025-03-22,P020,Band-Aid (Pack of 100),Pharmacy,5
2025-03-23,P020,Band-Aid (Pack of 100),Pharmacy,6
2025-03-24,P020,Band-Aid (Pack of 100),Pharmacy,8
2025-03-25,P020,Band-Aid (Pack of 100),Pharmacy,7
2025-03-26,P020,Band-Aid (Pack of 100),Pharmacy,7
2025-03-27,P020,Band-Aid (Pack of 100),Pharmacy,7
2025-03-28,P020,Band-Aid (Pack of 100),Pharmacy,7
2025-03-29,P020,Band-Aid (Pack of 100),Pharmacy,6
2025-03-30,P020,Band-Aid (Pack of 100),Pharmacy,6
2025-03-31,P020,Band-Aid (Pack of 100),Pharmacy,8
2025-04-01,P020,Band-Aid (Pack of 100),Pharmacy,10
2025-04-02,P020,Band-Aid (Pack of 100),Pharmacy,10
2025-04-03,P020,Band-Aid (Pack of 100),Pharmacy,8
2025-04-04,P020,Band-Aid (Pack of 100),Pharmacy,5
2025-04-05,P020,Band-Aid (Pack of 100),Pharmacy,8
2025-04-06,P020,Band-Aid (Pack of 100),Pharmacy,5
2025-04-07,P020,Band-Aid (Pack of 100),Pharmacy,5
2025-04-08,P020,Band-Aid (Pack of 100),Pharmacy,8
2025-04-09,P020,Band-Aid (Pack of 100),Pharmacy,10
2025-04-10,P020,Band-Aid (Pack of 100),Pharmacy,7
2025-04-11,P020,Band-Aid (Pack of 100),Pharmacy,6
2025-04-12,P020,Band-Aid (Pack of 100),Pharmacy,6
2025-04-13,P020,Band-Aid (Pack of 100),Pharmacy,7
2025-04-14,P020,Band-Aid (Pack of 100),Pharmacy,7
2025-04-15,P020,Band-Aid (Pack of 100),Pharmacy,8
2025-04-16,P020,Band-Aid (Pack of 100),Pharmacy,7
2025-04-17,P020,Band-Aid (Pack of 100),Pharmacy,6
2025-04-18,P020,Band-Aid (Pack of 100),Pharmacy,6
2025-04-19,P020,Band-Aid (Pack of 100),Pharmacy,6
2025-04-20,P020,Band-Aid (Pack of 100),Pharmacy,7
2025-04-21,P020,Band-Aid (Pack of 100),Pharmacy,7
2025-04-22,P020,Band-Aid (Pack of 100),Pharmacy,8
2025-04-23,P020,Band-Aid (Pack of 100),Pharmacy,8
2025-04-24,P020,Band-Aid (Pack of 100),Pharmacy,9
2025-04-25,P020,Band-Aid (Pack of 100),Pharmacy,39
2025-04-26,P020,Band-Aid (Pack of 100),Pharmacy,7
2025-04-27,P020,Band-Aid (Pack of 100),Pharmacy,6
2025-04-28,P020,Band-Aid (Pack of 100),Pharmacy,7
2025-04-29,P020,Band-Aid (Pack of 100),Pharmacy,7
2025-04-30,P020,Band-Aid (Pack of 100),Pharmacy,10
2025-05-01,P020,Band-Aid (Pack of 100),Pharmacy,6
2025-05-02,P020,Band-Aid (Pack of 100),Pharmacy,7
2025-05-03,P020,Band-Aid (Pack of 100),Pharmacy,4
2025-05-04,P020,Band-Aid (Pack of 100),Pharmacy,5
2025-05-05,P020,Band-Aid (Pack of 100),Pharmacy,7
2025-05-06,P020,Band-Aid (Pack of 100),Pharmacy,8
2025-05-07,P020,Band-Aid (Pack of 100),Pharmacy,9
2025-05-08,P020,Band-Aid (Pack of 100),Pharmacy,9
2025-05-09,P020,Band-Aid (Pack of 100),Pharmacy,7
2025-05-10,P020,Band-Aid (Pack of 100),Pharmacy,6
2025-05-11,P020,Band-Aid (Pack of 100),Pharmacy,5
2025-05-12,P020,Band-Aid (Pack of 100),Pharmacy,6
2025-05-13,P020,Band-Aid (Pack of 100),Pharmacy,8
2025-05-14,P020,Band-Aid (Pack of 100),Pharmacy,8
2025-05-15,P020,Band-Aid (Pack of 100),Pharmacy,6
2025-05-16,P020,Band-Aid (Pack of 100),Pharmacy,7
2025-05-17,P020,Band-Aid (Pack of 100),Pharmacy,7
2025-05-18,P020,Band-Aid (Pack of 100),Pharmacy,6
2025-05-19,P020,Band-Aid (Pack of 100),Pharmacy,7
2025-05-20,P020,Band-Aid (Pack of 100),Pharmacy,11
2025-05-21,P020,Band-Aid (Pack of 100),Pharmacy,7
2025-05-22,P020,Band-Aid (Pack of 100),Pharmacy,6
2025-05-23,P020,Band-Aid (Pack of 100),Pharmacy,53
2025-05-24,P020,Band-Aid (Pack of 100),Pharmacy,6
2025-05-25,P020,Band-Aid (Pack of 100),Pharmacy,5
2025-05-26,P020,Band-Aid (Pack of 100),Pharmacy,6
2025-05-27,P020,Band-Aid (Pack of 100),Pharmacy,7
2025-05-28,P020,Band-Aid (Pack of 100),Pharmacy,7
2025-05-29,P020,Band-Aid (Pack of 100),Pharmacy,6
2025-05-30,P020,Band-Aid (Pack of 100),Pharmacy,7
2025-05-31,P020,Band-Aid (Pack of 100),Pharmacy,5
2025-06-01,P020,Band-Aid (Pack of 100),Pharmacy,4
2025-06-02,P020,Band-Aid (Pack of 100),Pharmacy,7
2025-06-03,P020,Band-Aid (Pack of 100),Pharmacy,9
2025-06-04,P020,Band-Aid (Pack of 100),Pharmacy,9
2025-06-05,P020,Band-Aid (Pack of 100),Pharmacy,5
2025-06-06,P020,Band-Aid (Pack of 100),Pharmacy,5
2025-06-07,P020,Band-Aid (Pack of 100),Pharmacy,5
2025-06-08,P020,Band-Aid (Pack of 100),Pharmacy,5
2025-06-09,P020,Band-Aid (Pack of 100),Pharmacy,6
2025-06-10,P020,Band-Aid (Pack of 100),Pharmacy,8
2025-06-11,P020,Band-Aid (Pack of 100),Pharmacy,8
2025-06-12,P020,Band-Aid (Pack of 100),Pharmacy,6
2025-06-13,P020,Band-Aid (Pack of 100),Pharmacy,5
2025-06-14,P020,Band-Aid (Pack of 100),Pharmacy,6
2025-06-15,P020,Band-Aid (Pack of 100),Pharmacy,5
2025-06-16,P020,Band-Aid (Pack of 100),Pharmacy,5
2025-06-17,P020,Band-Aid (Pack of 100),Pharmacy,9
2025-06-18,P020,Band-Aid (Pack of 100),Pharmacy,7
2025-06-19,P020,Band-Aid (Pack of 100),Pharmacy,4
2025-06-20,P020,Band-Aid (Pack of 100),Pharmacy,7
2025-06-21,P020,Band-Aid (Pack of 100),Pharmacy,6
2025-06-22,P020,Band-Aid (Pack of 100),Pharmacy,7
2025-06-23,P020,Band-Aid (Pack of 100),Pharmacy,7
2025-06-24,P020,Band-Aid (Pack of 100),Pharmacy,7
2025-06-25,P020,Band-Aid (Pack of 100),Pharmacy,9
2025-06-26,P020,Band-Aid (Pack of 100),Pharmacy,4
2025-06-27,P020,Band-Aid (Pack of 100),Pharmacy,6
2025-06-28,P020,Band-Aid (Pack of 100),Pharmacy,6
2025-06-29,P020,Band-Aid (Pack of 100),Pharmacy,5
2025-06-30,P020,Band-Aid (Pack of 100),Pharmacy,8
2025-07-01,P020,Band-Aid (Pack of 100),Pharmacy,9
2025-07-02,P020,Band-Aid (Pack of 100),Pharmacy,7
2025-07-03,P020,Band-Aid (Pack of 100),Pharmacy,5
2025-07-04,P020,Band-Aid (Pack of 100),Pharmacy,9
2025-07-05,P020,Band-Aid (Pack of 100),Pharmacy,6
2025-07-06,P020,Band-Aid (Pack of 100),Pharmacy,5
2025-07-07,P020,Band-Aid (Pack of 100),Pharmacy,8
2025-07-08,P020,Band-Aid (Pack of 100),Pharmacy,6
2025-07-09,P020,Band-Aid (Pack of 100),Pharmacy,10
2025-07-10,P020,Band-Aid (Pack of 100),Pharmacy,5
2025-07-11,P020,Band-Aid (Pack of 100),Pharmacy,7
2025-07-12,P020,Band-Aid (Pack of 100),Pharmacy,6
2025-07-13,P020,Band-Aid (Pack of 100),Pharmacy,4
2025-07-14,P020,Band-Aid (Pack of 100),Pharmacy,7
2025-07-15,P020,Band-Aid (Pack of 100),Pharmacy,9
2025-07-16,P020,Band-Aid (Pack of 100),Pharmacy,5
2025-07-17,P020,Band-Aid (Pack of 100),Pharmacy,5
2025-07-18,P020,Band-Aid (Pack of 100),Pharmacy,8
2025-07-19,P020,Band-Aid (Pack of 100),Pharmacy,7
2025-07-20,P020,Band-Aid (Pack of 100),Pharmacy,7
2025-07-21,P020,Band-Aid (Pack of 100),Pharmacy,8
2025-07-22,P020,Band-Aid (Pack of 100),Pharmacy,9
2025-07-23,P020,Band-Aid (Pack of 100),Pharmacy,9
2025-07-24,P020,Band-Aid (Pack of 100),Pharmacy,8
2025-07-25,P020,Band-Aid (Pack of 100),Pharmacy,6
2025-07-26,P020,Band-Aid (Pack of 100),Pharmacy,6
2025-07-27,P020,Band-Aid (Pack of 100),Pharmacy,7
2025-07-28,P020,Band-Aid (Pack of 100),Pharmacy,6
2025-07-29,P020,Band-Aid (Pack of 100),Pharmacy,10
2025-07-30,P020,Band-Aid (Pack of 100),Pharmacy,9
2025-07-31,P020,Band-Aid (Pack of 100),Pharmacy,5
2025-08-01,P020,Band-Aid (Pack of 100),Pharmacy,6
2025-08-02,P020,Band-Aid (Pack of 100),Pharmacy,5
2025-08-03,P020,Band-Aid (Pack of 100),Pharmacy,6
2025-08-04,P020,Band-Aid (Pack of 100),Pharmacy,7
2025-08-05,P020,Band-Aid (Pack of 100),Pharmacy,7
2025-08-06,P020,Band-Aid (Pack of 100),Pharmacy,6
2025-08-07,P020,Band-Aid (Pack of 100),Pharmacy,5
2025-08-08,P020,Band-Aid (Pack of 100),Pharmacy,6
2025-08-09,P020,Band-Aid (Pack of 100),Pharmacy,6
2025-08-10,P020,Band-Aid (Pack of 100),Pharmacy,5
2025-08-11,P020,Band-Aid (Pack of 100),Pharmacy,7
2025-08-12,P020,Band-Aid (Pack of 100),Pharmacy,7
2025-08-13,P020,Band-Aid (Pack of 100),Pharmacy,9
2025-08-14,P020,Band-Aid (Pack of 100),Pharmacy,8
2025-08-15,P020,Band-Aid (Pack of 100),Pharmacy,6
2025-08-16,P020,Band-Aid (Pack of 100),Pharmacy,8
2025-08-17,P020,Band-Aid (Pack of 100),Pharmacy,6
2025-08-18,P020,Band-Aid (Pack of 100),Pharmacy,5
2025-08-19,P020,Band-Aid (Pack of 100),Pharmacy,10
2025-08-20,P020,Band-Aid (Pack of 100),Pharmacy,10
2025-08-21,P020,Band-Aid (Pack of 100),Pharmacy,8
2025-08-22,P020,Band-Aid (Pack of 100),Pharmacy,5
2025-08-23,P020,Band-Aid (Pack of 100),Pharmacy,5
2025-08-24,P020,Band-Aid (Pack of 100),Pharmacy,6
2025-08-25,P020,Band-Aid (Pack of 100),Pharmacy,10
2025-08-26,P020,Band-Aid (Pack of 100),Pharmacy,7
2025-08-27,P020,Band-Aid (Pack of 100),Pharmacy,9
2025-08-28,P020,Band-Aid (Pack of 100),Pharmacy,6
2025-08-29,P020,Band-Aid (Pack of 100),Pharmacy,7
2025-08-30,P020,Band-Aid (Pack of 100),Pharmacy,5
2025-08-31,P020,Band-Aid (Pack of 100),Pharmacy,6
2025-09-01,P020,Band-Aid (Pack of 100),Pharmacy,6
2025-09-02,P020,Band-Aid (Pack of 100),Pharmacy,7
2025-09-03,P020,Band-Aid (Pack of 100),Pharmacy,9
2025-09-04,P020,Band-Aid (Pack of 100),Pharmacy,5
2025-09-05,P020,Band-Aid (Pack of 100),Pharmacy,7
2025-09-06,P020,Band-Aid (Pack of 100),Pharmacy,6
2025-09-07,P020,Band-Aid (Pack of 100),Pharmacy,5
2025-09-08,P020,Band-Aid (Pack of 100),Pharmacy,6
2025-09-09,P020,Band-Aid (Pack of 100),Pharmacy,9
2025-09-10,P020,Band-Aid (Pack of 100),Pharmacy,8
2025-09-11,P020,Band-Aid (Pack of 100),Pharmacy,6
2025-09-12,P020,Band-Aid (Pack of 100),Pharmacy,6
2025-09-13,P020,Band-Aid (Pack of 100),Pharmacy,6
2025-09-14,P020,Band-Aid (Pack of 100),Pharmacy,6
2025-09-15,P020,Band-Aid (Pack of 100),Pharmacy,9
2025-09-16,P020,Band-Aid (Pack of 100),Pharmacy,9
2025-09-17,P020,Band-Aid (Pack of 100),Pharmacy,8
2025-09-18,P020,Band-Aid (Pack of 100),Pharmacy,5
2025-09-19,P020,Band-Aid (Pack of 100),Pharmacy,6
2025-09-20,P020,Band-Aid (Pack of 100),Pharmacy,5
2025-09-21,P020,Band-Aid (Pack of 100),Pharmacy,5
2025-09-22,P020,Band-Aid (Pack of 100),Pharmacy,5
2025-09-23,P020,Band-Aid (Pack of 100),Pharmacy,8
2025-09-24,P020,Band-Aid (Pack of 100),Pharmacy,11
2025-09-25,P020,Band-Aid (Pack of 100),Pharmacy,7
2025-09-26,P020,Band-Aid (Pack of 100),Pharmacy,7
2025-09-27,P020,Band-Aid (Pack of 100),Pharmacy,8
2025-09-28,P020,Band-Aid (Pack of 100),Pharmacy,6
2025-09-29,P020,Band-Aid (Pack of 100),Pharmacy,7
2025-09-30,P020,Band-Aid (Pack of 100),Pharmacy,7
2025-10-01,P020,Band-Aid (Pack of 100),Pharmacy,9
2025-10-02,P020,Band-Aid (Pack of 100),Pharmacy,6
2025-10-03,P020,Band-Aid (Pack of 100),Pharmacy,5
2025-10-04,P020,Band-Aid (Pack of 100),Pharmacy,8
2025-10-05,P020,Band-Aid (Pack of 100),Pharmacy,5
2025-10-06,P020,Band-Aid (Pack of 100),Pharmacy,11
2025-10-07,P020,Band-Aid (Pack of 100),Pharmacy,9
2025-10-08,P020,Band-Aid (Pack of 100),Pharmacy,8
2025-10-09,P020,Band-Aid (Pack of 100),Pharmacy,9
2025-10-10,P020,Band-Aid (Pack of 100),Pharmacy,4
2025-10-11,P020,Band-Aid (Pack of 100),Pharmacy,6
2025-10-12,P020,Band-Aid (Pack of 100),Pharmacy,6
2025-10-13,P020,Band-Aid (Pack of 100),Pharmacy,7
2025-10-14,P020,Band-Aid (Pack of 100),Pharmacy,9
2025-10-15,P020,Band-Aid (Pack of 100),Pharmacy,8
2025-10-16,P020,Band-Aid (Pack of 100),Pharmacy,8
2025-10-17,P020,Band-Aid (Pack of 100),Pharmacy,7
2025-10-18,P020,Band-Aid (Pack of 100),Pharmacy,7
2025-10-19,P020,Band-Aid (Pack of 100),Pharmacy,7
2025-10-20,P020,Band-Aid (Pack of 100),Pharmacy,6
2025-10-21,P020,Band-Aid (Pack of 100),Pharmacy,9
2025-10-22,P020,Band-Aid (Pack of 100),Pharmacy,9
2025-10-23,P020,Band-Aid (Pack of 100),Pharmacy,5
2025-10-24,P020,Band-Aid (Pack of 100),Pharmacy,8
2025-10-25,P020,Band-Aid (Pack of 100),Pharmacy,4
2025-10-26,P020,Band-Aid (Pack of 100),Pharmacy,9
2025-10-27,P020,Band-Aid (Pack of 100),Pharmacy,7
2025-10-28,P020,Band-Aid (Pack of 100),Pharmacy,40
2025-10-29,P020,Band-Aid (Pack of 100),Pharmacy,9
2025-10-30,P020,Band-Aid (Pack of 100),Pharmacy,7
2025-10-31,P020,Band-Aid (Pack of 100),Pharmacy,9
2025-11-01,P020,Band-Aid (Pack of 100),Pharmacy,9
2025-11-02,P020,Band-Aid (Pack of 100),Pharmacy,5
2025-11-03,P020,Band-Aid (Pack of 100),Pharmacy,7
2025-11-04,P020,Band-Aid (Pack of 100),Pharmacy,7
2025-11-05,P020,Band-Aid (Pack of 100),Pharmacy,9
2025-11-06,P020,Band-Aid (Pack of 100),Pharmacy,8
2025-11-07,P020,Band-Aid (Pack of 100),Pharmacy,5
2025-11-08,P020,Band-Aid (Pack of 100),Pharmacy,6
2025-11-09,P020,Band-Aid (Pack of 100),Pharmacy,6
2025-11-10,P020,Band-Aid (Pack of 100),Pharmacy,8
2025-11-11,P020,Band-Aid (Pack of 100),Pharmacy,9
2025-11-12,P020,Band-Aid (Pack of 100),Pharmacy,10
2025-11-13,P020,Band-Aid (Pack of 100),Pharmacy,6
2025-11-14,P020,Band-Aid (Pack of 100),Pharmacy,6
2025-11-15,P020,Band-Aid (Pack of 100),Pharmacy,7
2025-11-16,P020,Band-Aid (Pack of 100),Pharmacy,6
2025-11-17,P020,Band-Aid (Pack of 100),Pharmacy,8
2025-11-18,P020,Band-Aid (Pack of 100),Pharmacy,10
2025-11-19,P020,Band-Aid (Pack of 100),Pharmacy,11
2025-11-20,P020,Band-Aid (Pack of 100),Pharmacy,6
2025-11-21,P020,Band-Aid (Pack of 100),Pharmacy,9
2025-11-22,P020,Band-Aid (Pack of 100),Pharmacy,6
2025-11-23,P020,Band-Aid (Pack of 100),Pharmacy,8
2025-11-24,P020,Band-Aid (Pack of 100),Pharmacy,7
2025-11-25,P020,Band-Aid (Pack of 100),Pharmacy,7
2025-11-26,P020,Band-Aid (Pack of 100),Pharmacy,10
2025-11-27,P020,Band-Aid (Pack of 100),Pharmacy,6
2025-11-28,P020,Band-Aid (Pack of 100),Pharmacy,8
2025-11-29,P020,Band-Aid (Pack of 100),Pharmacy,7
2025-11-30,P020,Band-Aid (Pack of 100),Pharmacy,7
2025-12-01,P020,Band-Aid (Pack of 100),Pharmacy,8
2025-12-02,P020,Band-Aid (Pack of 100),Pharmacy,10
2025-12-03,P020,Band-Aid (Pack of 100),Pharmacy,10
2025-12-04,P020,Band-Aid (Pack of 100),Pharmacy,6
2025-12-05,P020,Band-Aid (Pack of 100),Pharmacy,7
2025-12-06,P020,Band-Aid (Pack of 100),Pharmacy,8
2025-12-07,P020,Band-Aid (Pack of 100),Pharmacy,7
2025-12-08,P020,Band-Aid (Pack of 100),Pharmacy,7
2025-12-09,P020,Band-Aid (Pack of 100),Pharmacy,8
2025-12-10,P020,Band-Aid (Pack of 100),Pharmacy,10
2025-12-11,P020,Band-Aid (Pack of 100),Pharmacy,6
2025-12-12,P020,Band-Aid (Pack of 100),Pharmacy,7
2025-12-13,P020,Band-Aid (Pack of 100),Pharmacy,6
2025-12-14,P020,Band-Aid (Pack of 100),Pharmacy,8
2025-12-15,P020,Band-Aid (Pack of 100),Pharmacy,46
2025-12-16,P020,Band-Aid (Pack of 100),Pharmacy,10
2025-12-17,P020,Band-Aid (Pack of 100),Pharmacy,10
2025-12-18,P020,Band-Aid (Pack of 100),Pharmacy,6
2025-12-19,P020,Band-Aid (Pack of 100),Pharmacy,8
2025-12-20,P020,Band-Aid (Pack of 100),Pharmacy,6
2025-12-21,P020,Band-Aid (Pack of 100),Pharmacy,7
2025-12-22,P020,Band-Aid (Pack of 100),Pharmacy,6
2025-12-23,P020,Band-Aid (Pack of 100),Pharmacy,9
2025-12-24,P020,Band-Aid (Pack of 100),Pharmacy,9
2025-12-25,P020,Band-Aid (Pack of 100),Pharmacy,7
2025-12-26,P020,Band-Aid (Pack of 100),Pharmacy,5
2025-12-27,P020,Band-Aid (Pack of 100),Pharmacy,4
2025-12-28,P020,Band-Aid (Pack of 100),Pharmacy,5
2025-12-29,P020,Band-Aid (Pack of 100),Pharmacy,8
2025-12-30,P020,Band-Aid (Pack of 100),Pharmacy,9
2025-12-31,P020,Band-Aid (Pack of 100),Pharmacy,10
2026-01-01,P020,Band-Aid (Pack of 100),Pharmacy,6
2026-01-02,P020,Band-Aid (Pack of 100),Pharmacy,7
2026-01-03,P020,Band-Aid (Pack of 100),Pharmacy,6
2026-01-04,P020,Band-Aid (Pack of 100),Pharmacy,8
2026-01-05,P020,Band-Aid (Pack of 100),Pharmacy,6
2026-01-06,P020,Band-Aid (Pack of 100),Pharmacy,10
2026-01-07,P020,Band-Aid (Pack of 100),Pharmacy,8
2026-01-08,P020,Band-Aid (Pack of 100),Pharmacy,8
2026-01-09,P020,Band-Aid (Pack of 100),Pharmacy,7
2026-01-10,P020,Band-Aid (Pack of 100),Pharmacy,7
2026-01-11,P020,Band-Aid (Pack of 100),Pharmacy,6
2026-01-12,P020,Band-Aid (Pack of 100),Pharmacy,10
2026-01-13,P020,Band-Aid (Pack of 100),Pharmacy,54
2026-01-14,P020,Band-Aid (Pack of 100),Pharmacy,9
2026-01-15,P020,Band-Aid (Pack of 100),Pharmacy,7
2026-01-16,P020,Band-Aid (Pack of 100),Pharmacy,6
2026-01-17,P020,Band-Aid (Pack of 100),Pharmacy,7
2026-01-18,P020,Band-Aid (Pack of 100),Pharmacy,7
2026-01-19,P020,Band-Aid (Pack of 100),Pharmacy,7
2026-01-20,P020,Band-Aid (Pack of 100),Pharmacy,10
2026-01-21,P020,Band-Aid (Pack of 100),Pharmacy,9
2026-01-22,P020,Band-Aid (Pack of 100),Pharmacy,7
2026-01-23,P020,Band-Aid (Pack of 100),Pharmacy,8
2026-01-24,P020,Band-Aid (Pack of 100),Pharmacy,6
2026-01-25,P020,Band-Aid (Pack of 100),Pharmacy,5
2026-01-26,P020,Band-Aid (Pack of 100),Pharmacy,6
2026-01-27,P020,Band-Aid (Pack of 100),Pharmacy,9
2026-01-28,P020,Band-Aid (Pack of 100),Pharmacy,10
2026-01-29,P020,Band-Aid (Pack of 100),Pharmacy,6
2026-01-30,P020,Band-Aid (Pack of 100),Pharmacy,11
2026-01-31,P020,Band-Aid (Pack of 100),Pharmacy,7
2026-02-01,P020,Band-Aid (Pack of 100),Pharmacy,7
2026-02-02,P020,Band-Aid (Pack of 100),Pharmacy,6
2026-02-03,P020,Band-Aid (Pack of 100),Pharmacy,7
2026-02-04,P020,Band-Aid (Pack of 100),Pharmacy,7
2026-02-05,P020,Band-Aid (Pack of 100),Pharmacy,8
2026-02-06,P020,Band-Aid (Pack of 100),Pharmacy,8
2026-02-07,P020,Band-Aid (Pack of 100),Pharmacy,7
2026-02-08,P020,Band-Aid (Pack of 100),Pharmacy,5
2026-02-09,P020,Band-Aid (Pack of 100),Pharmacy,7
2026-02-10,P020,Band-Aid (Pack of 100),Pharmacy,10
2026-02-11,P020,Band-Aid (Pack of 100),Pharmacy,8
2026-02-12,P020,Band-Aid (Pack of 100),Pharmacy,6
2026-02-13,P020,Band-Aid (Pack of 100),Pharmacy,6
2026-02-14,P020,Band-Aid (Pack of 100),Pharmacy,6
2026-02-15,P020,Band-Aid (Pack of 100),Pharmacy,8
2026-02-16,P020,Band-Aid (Pack of 100),Pharmacy,5
2026-02-17,P020,Band-Aid (Pack of 100),Pharmacy,9
2026-02-18,P020,Band-Aid (Pack of 100),Pharmacy,8
2026-02-19,P020,Band-Aid (Pack of 100),Pharmacy,6
2026-02-20,P020,Band-Aid (Pack of 100),Pharmacy,8
2026-02-21,P020,Band-Aid (Pack of 100),Pharmacy,5
2026-02-22,P020,Band-Aid (Pack of 100),Pharmacy,7
2026-02-23,P020,Band-Aid (Pack of 100),Pharmacy,8
2026-02-24,P020,Band-Aid (Pack of 100),Pharmacy,9
2026-02-25,P020,Band-Aid (Pack of 100),Pharmacy,10
2026-02-26,P020,Band-Aid (Pack of 100),Pharmacy,7
2026-02-27,P020,Band-Aid (Pack of 100),Pharmacy,8
2026-02-28,P020,Band-Aid (Pack of 100),Pharmacy,6
2026-03-01,P020,Band-Aid (Pack of 100),Pharmacy,8
2026-03-02,P020,Band-Aid (Pack of 100),Pharmacy,6
2026-03-03,P020,Band-Aid (Pack of 100),Pharmacy,9
2026-03-04,P020,Band-Aid (Pack of 100),Pharmacy,8
2026-03-05,P020,Band-Aid (Pack of 100),Pharmacy,5
2026-03-06,P020,Band-Aid (Pack of 100),Pharmacy,6
2026-03-07,P020,Band-Aid (Pack of 100),Pharmacy,7
2026-03-08,P020,Band-Aid (Pack of 100),Pharmacy,8
2026-03-09,P020,Band-Aid (Pack of 100),Pharmacy,10
2026-03-10,P020,Band-Aid (Pack of 100),Pharmacy,9
2026-03-11,P020,Band-Aid (Pack of 100),Pharmacy,7
2026-03-12,P020,Band-Aid (Pack of 100),Pharmacy,5
2026-03-13,P020,Band-Aid (Pack of 100),Pharmacy,8
2026-03-14,P020,Band-Aid (Pack of 100),Pharmacy,8
2026-03-15,P020,Band-Aid (Pack of 100),Pharmacy,6
2026-03-16,P020,Band-Aid (Pack of 100),Pharmacy,6
2026-03-17,P020,Band-Aid (Pack of 100),Pharmacy,10
2026-03-18,P020,Band-Aid (Pack of 100),Pharmacy,7
2026-03-19,P020,Band-Aid (Pack of 100),Pharmacy,6
2026-03-20,P020,Band-Aid (Pack of 100),Pharmacy,7
2026-03-21,P020,Band-Aid (Pack of 100),Pharmacy,4
2026-03-22,P020,Band-Aid (Pack of 100),Pharmacy,8
2026-03-23,P020,Band-Aid (Pack of 100),Pharmacy,10
2026-03-24,P020,Band-Aid (Pack of 100),Pharmacy,9
2026-03-25,P020,Band-Aid (Pack of 100),Pharmacy,9
2026-03-26,P020,Band-Aid (Pack of 100),Pharmacy,7
2026-03-27,P020,Band-Aid (Pack of 100),Pharmacy,7
2026-03-28,P020,Band-Aid (Pack of 100),Pharmacy,6
